{
    "node_types": [
        "invoice",
        "sku",
        "zone"
    ],
    "edge_types": [
        "('invoice', 'requires', 'sku')",
        "('sku', 'located_at', 'zone')",
        "('sku', 'rev_requires', 'invoice')",
        "('zone', 'rev_located_at', 'sku')"
    ],
    "num_invoices": 27,
    "num_sku": 85,
    "num_zone": 5,
    "invoices": [
        [
            61,
            75,
            25,
            29,
            70,
            12
        ],
        [
            23,
            9,
            37,
            20,
            25,
            65,
            82,
            43,
            69,
            8,
            83
        ],
        [
            13,
            3,
            64,
            7,
            29,
            50,
            2,
            53,
            55,
            34,
            78,
            56
        ],
        [
            38,
            28,
            71,
            43,
            49,
            32,
            61,
            7
        ],
        [
            57,
            57,
            66,
            35,
            5,
            20,
            75,
            34,
            3
        ],
        [
            84,
            38,
            40,
            70
        ],
        [
            68,
            60,
            32,
            40,
            30,
            14,
            48,
            26,
            22,
            44,
            34,
            72,
            23,
            59,
            12,
            19
        ],
        [
            44,
            39,
            63,
            51,
            19
        ],
        [
            24,
            4,
            79,
            11,
            13,
            15,
            41
        ],
        [
            44,
            15,
            83,
            73,
            31,
            1,
            47,
            78,
            39,
            16,
            54,
            14,
            81,
            49,
            1
        ],
        [
            3,
            71,
            34,
            62,
            54,
            7,
            76,
            23,
            70
        ],
        [
            51,
            50,
            58,
            5,
            72,
            59
        ],
        [
            1,
            16,
            36,
            54,
            47,
            81,
            45,
            84,
            9
        ],
        [
            65,
            75,
            41,
            10,
            20,
            50,
            63,
            12
        ],
        [
            53,
            8,
            32,
            37
        ],
        [
            26,
            68,
            9,
            65,
            40,
            28,
            50,
            48,
            10
        ],
        [
            73,
            47,
            63,
            11,
            18,
            41,
            17,
            52,
            71,
            46,
            23,
            27,
            10
        ],
        [
            0,
            62,
            66,
            57,
            43,
            83,
            1,
            82,
            81,
            82,
            8,
            60,
            4,
            67,
            77,
            6,
            27
        ],
        [
            25,
            25,
            72,
            70,
            79,
            52,
            14,
            73,
            42,
            2
        ],
        [
            39,
            80,
            38,
            45,
            42,
            8
        ],
        [
            28,
            15,
            12,
            17,
            0,
            58,
            67,
            27,
            69,
            29,
            78
        ],
        [
            41,
            48,
            26,
            67,
            21,
            18,
            48,
            62,
            59,
            31,
            35,
            69,
            22,
            76,
            4
        ],
        [
            64,
            33,
            21,
            37,
            30,
            24,
            37
        ],
        [
            9,
            21,
            73,
            82,
            13,
            61,
            30,
            74,
            76,
            51,
            46,
            6
        ],
        [
            80,
            7,
            18,
            58,
            30,
            79,
            67,
            44,
            55,
            17,
            68
        ],
        [
            28,
            77,
            3,
            2,
            56,
            61,
            64,
            79,
            47,
            33
        ],
        [
            39,
            36,
            77,
            10,
            32,
            62,
            74,
            55
        ]
    ],
    "matching": {
        "0": 2,
        "1": 0,
        "2": 3,
        "3": 1,
        "4": 2,
        "5": 1,
        "6": 4,
        "7": 4,
        "8": 0,
        "9": 3,
        "10": 2,
        "11": 4,
        "12": 3,
        "13": 3,
        "14": 2,
        "15": 4,
        "16": 0,
        "17": 0,
        "18": 0,
        "19": 1,
        "20": 0,
        "21": 1,
        "22": 1,
        "23": 1,
        "24": 2,
        "25": 1,
        "26": 2,
        "27": 4,
        "28": 2,
        "29": 2,
        "30": 3,
        "31": 1,
        "32": 1,
        "33": 3,
        "34": 0,
        "35": 2,
        "36": 4,
        "37": 4,
        "38": 0,
        "39": 0,
        "40": 2,
        "41": 2,
        "42": 1,
        "43": 1,
        "44": 1,
        "45": 1,
        "46": 1,
        "47": 2,
        "48": 4,
        "49": 0,
        "50": 4,
        "51": 1,
        "52": 1,
        "53": 4,
        "54": 2,
        "55": 4,
        "56": 1,
        "57": 3,
        "58": 0,
        "59": 2,
        "60": 1,
        "61": 2,
        "62": 2,
        "63": 3,
        "64": 3,
        "65": 1,
        "66": 1,
        "67": 4,
        "68": 3,
        "69": 1,
        "70": 2,
        "71": 0,
        "72": 1,
        "73": 2,
        "74": 1,
        "75": 1,
        "76": 2,
        "77": 3,
        "78": 1,
        "79": 1,
        "80": 3,
        "81": 0,
        "82": 4,
        "83": 0,
        "84": 4
    },
    "lower_bound": 63.0
}