{
    "node_types": [
        "invoice",
        "sku",
        "zone"
    ],
    "edge_types": [
        "('invoice', 'requires', 'sku')",
        "('sku', 'located_at', 'zone')",
        "('sku', 'rev_requires', 'invoice')",
        "('zone', 'rev_located_at', 'sku')"
    ],
    "num_invoices": 31,
    "num_sku": 60,
    "num_zone": 5,
    "invoices": [
        [
            12,
            27,
            28,
            6,
            7,
            49
        ],
        [
            30,
            19,
            17,
            38,
            31,
            30,
            5
        ],
        [
            48,
            44,
            45,
            11,
            4,
            41
        ],
        [
            49,
            53,
            12,
            4,
            3,
            0,
            6,
            23,
            54
        ],
        [
            3,
            37,
            19,
            28
        ],
        [
            34,
            26,
            2,
            40,
            9,
            5,
            14,
            3
        ],
        [
            23,
            0,
            37,
            8
        ],
        [
            14,
            5,
            58,
            44,
            16,
            19,
            14,
            51,
            24
        ],
        [
            13,
            49,
            1,
            7,
            51,
            22,
            1,
            39
        ],
        [
            59,
            43,
            22,
            45,
            28,
            57,
            47,
            40,
            29,
            7
        ],
        [
            42,
            53,
            25,
            10,
            21,
            4,
            36,
            40
        ],
        [],
        [
            54,
            31,
            52,
            27,
            44,
            15
        ],
        [
            52,
            10,
            55,
            52,
            59
        ],
        [
            1,
            55,
            20,
            33,
            34,
            40
        ],
        [
            44,
            53,
            42,
            39,
            26
        ],
        [
            15,
            26,
            48,
            23,
            29
        ],
        [
            4,
            10,
            6
        ],
        [
            55,
            58,
            32
        ],
        [
            28,
            11,
            9,
            25,
            35
        ],
        [
            16,
            58,
            19,
            55,
            27,
            57,
            12,
            27,
            25,
            47,
            31,
            53
        ],
        [
            21,
            2,
            50,
            56,
            13,
            45
        ],
        [
            25,
            57,
            42,
            18,
            59,
            46,
            34,
            0,
            33,
            20,
            36
        ],
        [
            17,
            8,
            56,
            0,
            33,
            26,
            48,
            56,
            38
        ],
        [
            46,
            59
        ],
        [
            9,
            46,
            31,
            41,
            1
        ],
        [
            48,
            43,
            49,
            56,
            3
        ],
        [
            47,
            35,
            57,
            30,
            20,
            18
        ],
        [
            32,
            21,
            8,
            6,
            24,
            33
        ],
        [
            35,
            16,
            8,
            42,
            50,
            41,
            7
        ],
        [
            58,
            23,
            15
        ]
    ],
    "matching": {
        "0": 4,
        "1": 4,
        "2": 0,
        "3": 1,
        "4": 3,
        "5": 0,
        "6": 0,
        "7": 1,
        "8": 3,
        "9": 2,
        "10": 3,
        "11": 2,
        "12": 0,
        "13": 4,
        "14": 1,
        "15": 3,
        "16": 4,
        "17": 2,
        "18": 0,
        "19": 2,
        "20": 0,
        "21": 1,
        "22": 2,
        "23": 3,
        "24": 0,
        "25": 3,
        "26": 2,
        "27": 3,
        "28": 2,
        "29": 4,
        "30": 2,
        "31": 4,
        "32": 2,
        "33": 4,
        "34": 2,
        "35": 0,
        "36": 3,
        "37": 0,
        "38": 2,
        "39": 3,
        "40": 4,
        "41": 3,
        "42": 0,
        "43": 0,
        "44": 3,
        "45": 1,
        "46": 0,
        "47": 0,
        "48": 4,
        "49": 2,
        "50": 1,
        "51": 2,
        "52": 0,
        "53": 3,
        "54": 3,
        "55": 4,
        "56": 3,
        "57": 3,
        "58": 1,
        "59": 2
    },
    "lower_bound": 48.0
}