{
    "node_types": [
        "invoice",
        "sku",
        "zone"
    ],
    "edge_types": [
        "('invoice', 'requires', 'sku')",
        "('sku', 'located_at', 'zone')",
        "('sku', 'rev_requires', 'invoice')",
        "('zone', 'rev_located_at', 'sku')"
    ],
    "num_invoices": 35,
    "num_sku": 78,
    "num_zone": 5,
    "invoices": [
        [
            11,
            43,
            38,
            40,
            53,
            57,
            30,
            56
        ],
        [
            8,
            4,
            54,
            73,
            23,
            75,
            10
        ],
        [
            70,
            42,
            39,
            76,
            67,
            38
        ],
        [
            29,
            9,
            63,
            15,
            61,
            19,
            75,
            16,
            4,
            64,
            54
        ],
        [
            10,
            75,
            49
        ],
        [
            61,
            48,
            27,
            50
        ],
        [
            25,
            70,
            31,
            32,
            59,
            47,
            56,
            47
        ],
        [
            41,
            37,
            32
        ],
        [
            51,
            29,
            0,
            22,
            70,
            2,
            74,
            16,
            28,
            51
        ],
        [
            24,
            7,
            13,
            6,
            51,
            39,
            13,
            8,
            73,
            24
        ],
        [
            21,
            0,
            66,
            26,
            46,
            50,
            48
        ],
        [
            60,
            47,
            67,
            40,
            22,
            3,
            28,
            1,
            13,
            27
        ],
        [
            22,
            17,
            10,
            59,
            45,
            58,
            77,
            26,
            35
        ],
        [
            2,
            68,
            70,
            73,
            42,
            32,
            68
        ],
        [
            14,
            38,
            44,
            63,
            16,
            56,
            5
        ],
        [
            72,
            13,
            14
        ],
        [
            62,
            43,
            21
        ],
        [
            20,
            18,
            65,
            32,
            63,
            17,
            55,
            8,
            6,
            23,
            4
        ],
        [
            41,
            30,
            21,
            31,
            31
        ],
        [
            19,
            3,
            35,
            49,
            9,
            74,
            25,
            4
        ],
        [
            46,
            64,
            34,
            1,
            66,
            10,
            29
        ],
        [
            76,
            58,
            5,
            63,
            53,
            45,
            27
        ],
        [
            56,
            21,
            12,
            71
        ],
        [
            3,
            2,
            6,
            30,
            27
        ],
        [
            77,
            18,
            22
        ],
        [
            69,
            37,
            1,
            66,
            41,
            58,
            52
        ],
        [
            71,
            58,
            54,
            34,
            16
        ],
        [
            52,
            8,
            74
        ],
        [
            65,
            11,
            69,
            44,
            36,
            65,
            77,
            53,
            72,
            1,
            73
        ],
        [
            12,
            34,
            11,
            57,
            5,
            59
        ],
        [
            52,
            20,
            7,
            24
        ],
        [
            52,
            67,
            61,
            37,
            68,
            54,
            25,
            14,
            35,
            46
        ],
        [
            12,
            14,
            33,
            62,
            43,
            47,
            55
        ],
        [
            39,
            41
        ],
        [
            15,
            33,
            76,
            68,
            0,
            60,
            36,
            64
        ]
    ],
    "matching": {
        "0": 4,
        "1": 0,
        "2": 2,
        "3": 2,
        "4": 1,
        "5": 0,
        "6": 3,
        "7": 3,
        "8": 0,
        "9": 3,
        "10": 2,
        "11": 2,
        "12": 1,
        "13": 4,
        "14": 2,
        "15": 4,
        "16": 1,
        "17": 1,
        "18": 2,
        "19": 1,
        "20": 3,
        "21": 1,
        "22": 2,
        "23": 1,
        "24": 0,
        "25": 0,
        "26": 0,
        "27": 0,
        "28": 1,
        "29": 4,
        "30": 3,
        "31": 3,
        "32": 3,
        "33": 1,
        "34": 2,
        "35": 3,
        "36": 4,
        "37": 3,
        "38": 1,
        "39": 4,
        "40": 2,
        "41": 2,
        "42": 0,
        "43": 4,
        "44": 2,
        "45": 2,
        "46": 0,
        "47": 2,
        "48": 1,
        "49": 4,
        "50": 4,
        "51": 3,
        "52": 1,
        "53": 4,
        "54": 1,
        "55": 3,
        "56": 1,
        "57": 1,
        "58": 1,
        "59": 2,
        "60": 4,
        "61": 3,
        "62": 4,
        "63": 3,
        "64": 0,
        "65": 0,
        "66": 0,
        "67": 1,
        "68": 3,
        "69": 1,
        "70": 2,
        "71": 2,
        "72": 2,
        "73": 1,
        "74": 0,
        "75": 0,
        "76": 3,
        "77": 3
    },
    "lower_bound": 45.0
}