{
    "node_types": [
        "invoice",
        "sku",
        "zone"
    ],
    "edge_types": [
        "('invoice', 'requires', 'sku')",
        "('sku', 'located_at', 'zone')",
        "('sku', 'rev_requires', 'invoice')",
        "('zone', 'rev_located_at', 'sku')"
    ],
    "num_invoices": 28,
    "num_sku": 99,
    "num_zone": 5,
    "invoices": [
        [
            71,
            75,
            5,
            76,
            63,
            40,
            50,
            61,
            0,
            46
        ],
        [
            86,
            44,
            73,
            95,
            22,
            35,
            43,
            46,
            49,
            71,
            10,
            93
        ],
        [
            98,
            61,
            14,
            25,
            8,
            42,
            66
        ],
        [
            10,
            6,
            20,
            43,
            44,
            10,
            95,
            44
        ],
        [
            90,
            33,
            86,
            7,
            34,
            97,
            48
        ],
        [
            57,
            54,
            26,
            39,
            89,
            32,
            73,
            74,
            21,
            83,
            84
        ],
        [
            87,
            79,
            51,
            70,
            78,
            63
        ],
        [
            1,
            14,
            96,
            21,
            31,
            47,
            57,
            56,
            51,
            50,
            77
        ],
        [
            53,
            82,
            55,
            18,
            9
        ],
        [
            58,
            61,
            56,
            84,
            91,
            36,
            41,
            6
        ],
        [
            30,
            27,
            96,
            55,
            87,
            19,
            94,
            92,
            17
        ],
        [
            47,
            91,
            65,
            35,
            45,
            71,
            64,
            38,
            31,
            60
        ],
        [
            23,
            51,
            15,
            31,
            13,
            18,
            57,
            22,
            48,
            75,
            63
        ],
        [
            49,
            11,
            24,
            94,
            37,
            74,
            62,
            60,
            23,
            76,
            45,
            11
        ],
        [
            32,
            41,
            66,
            69,
            27,
            1,
            81,
            55,
            40,
            24,
            12
        ],
        [
            69,
            52,
            45,
            3,
            17,
            33,
            26,
            78,
            92,
            20
        ],
        [
            91,
            30,
            21,
            71,
            4,
            68,
            75,
            40,
            11,
            13,
            31,
            27,
            4,
            83,
            59,
            36,
            88
        ],
        [
            97,
            62,
            88,
            54,
            5,
            98,
            38,
            73,
            4,
            81,
            46,
            22
        ],
        [
            29,
            37,
            65,
            42,
            56,
            77,
            3,
            70,
            52,
            24
        ],
        [
            85,
            58,
            28,
            86,
            15,
            95,
            25,
            56,
            68,
            65,
            2,
            73,
            97,
            8,
            27,
            89
        ],
        [
            95,
            0,
            16,
            49,
            82,
            39,
            53,
            38,
            93,
            74,
            85
        ],
        [
            43,
            80,
            7,
            93,
            42,
            33,
            12,
            28,
            83,
            23
        ],
        [
            42,
            88,
            78,
            34,
            6,
            4,
            17,
            36,
            28,
            76,
            67
        ],
        [
            34,
            59,
            88,
            24,
            74,
            79,
            72,
            35
        ],
        [
            67,
            5,
            41,
            7,
            34,
            2,
            38,
            87,
            5,
            87,
            84
        ],
        [
            98,
            30,
            67,
            28,
            61,
            12,
            67,
            63,
            19,
            18
        ],
        [
            49,
            9,
            58,
            78,
            64,
            48,
            60,
            29,
            45,
            36,
            16,
            75
        ],
        [
            57,
            25,
            72,
            21,
            76,
            19,
            81,
            12,
            3,
            55,
            84,
            40,
            53,
            80,
            90
        ]
    ],
    "matching": {
        "0": 0,
        "1": 4,
        "2": 0,
        "3": 2,
        "4": 1,
        "5": 0,
        "6": 4,
        "7": 1,
        "8": 4,
        "9": 3,
        "10": 4,
        "11": 2,
        "12": 3,
        "13": 1,
        "14": 3,
        "15": 2,
        "16": 2,
        "17": 3,
        "18": 3,
        "19": 0,
        "20": 0,
        "21": 4,
        "22": 2,
        "23": 4,
        "24": 1,
        "25": 3,
        "26": 1,
        "27": 3,
        "28": 0,
        "29": 3,
        "30": 3,
        "31": 1,
        "32": 4,
        "33": 2,
        "34": 3,
        "35": 1,
        "36": 2,
        "37": 1,
        "38": 4,
        "39": 4,
        "40": 3,
        "41": 3,
        "42": 0,
        "43": 3,
        "44": 3,
        "45": 4,
        "46": 1,
        "47": 0,
        "48": 3,
        "49": 3,
        "50": 1,
        "51": 2,
        "52": 3,
        "53": 4,
        "54": 3,
        "55": 0,
        "56": 4,
        "57": 1,
        "58": 3,
        "59": 1,
        "60": 0,
        "61": 1,
        "62": 4,
        "63": 2,
        "64": 0,
        "65": 3,
        "66": 4,
        "67": 2,
        "68": 4,
        "69": 0,
        "70": 0,
        "71": 0,
        "72": 2,
        "73": 2,
        "74": 1,
        "75": 4,
        "76": 4,
        "77": 1,
        "78": 2,
        "79": 3,
        "80": 2,
        "81": 3,
        "82": 1,
        "83": 0,
        "84": 1,
        "85": 1,
        "86": 3,
        "87": 0,
        "88": 0,
        "89": 4,
        "90": 2,
        "91": 2,
        "92": 3,
        "93": 0,
        "94": 3,
        "95": 1,
        "96": 2,
        "97": 0,
        "98": 2
    },
    "lower_bound": 63.0
}