{
    "node_types": [
        "invoice",
        "sku",
        "zone"
    ],
    "edge_types": [
        "('invoice', 'requires', 'sku')",
        "('sku', 'located_at', 'zone')",
        "('sku', 'rev_requires', 'invoice')",
        "('zone', 'rev_located_at', 'sku')"
    ],
    "num_invoices": 34,
    "num_sku": 55,
    "num_zone": 5,
    "invoices": [
        [
            41,
            10,
            53,
            31,
            38,
            52,
            36,
            25,
            14
        ],
        [
            13,
            30,
            34,
            38
        ],
        [
            25,
            29,
            11,
            40
        ],
        [
            30,
            18,
            49,
            45,
            50,
            12
        ],
        [
            22,
            31,
            40,
            38,
            24
        ],
        [
            54,
            33,
            14,
            22,
            10,
            35,
            24,
            41,
            2,
            26,
            51
        ],
        [
            45,
            20,
            14,
            28,
            54,
            48,
            32
        ],
        [
            5,
            43
        ],
        [
            44,
            20,
            26,
            9
        ],
        [
            1,
            45,
            2,
            33
        ],
        [
            15,
            23,
            34,
            7,
            37
        ],
        [
            49,
            12,
            16,
            35
        ],
        [
            47,
            18
        ],
        [
            39,
            50,
            53,
            17,
            31
        ],
        [
            24,
            49,
            47,
            20,
            0
        ],
        [
            11,
            36,
            33,
            49
        ],
        [
            8,
            31,
            7
        ],
        [
            47,
            44,
            46,
            24,
            1,
            4
        ],
        [
            41,
            5,
            0,
            4,
            11,
            47
        ],
        [
            37,
            4,
            21,
            54,
            6,
            20
        ],
        [
            35,
            44
        ],
        [
            42,
            52,
            39
        ],
        [
            9,
            18,
            22,
            8,
            39
        ],
        [
            9,
            50,
            27,
            48,
            16
        ],
        [
            41,
            10,
            38,
            2
        ],
        [
            15
        ],
        [
            40,
            40,
            10,
            15,
            54,
            48,
            27
        ],
        [
            4,
            1,
            32,
            39
        ],
        [
            21,
            46,
            18,
            9
        ],
        [
            7,
            32,
            36,
            28,
            5
        ],
        [
            43,
            21,
            48,
            13,
            19
        ],
        [
            17,
            23,
            37,
            46
        ],
        [
            3,
            51,
            53,
            12,
            6,
            35,
            42
        ],
        [
            19,
            29,
            19,
            23,
            3
        ]
    ],
    "matching": {
        "0": 2,
        "1": 4,
        "2": 2,
        "3": 1,
        "4": 1,
        "5": 3,
        "6": 1,
        "7": 3,
        "8": 4,
        "9": 0,
        "10": 2,
        "11": 2,
        "12": 3,
        "13": 4,
        "14": 4,
        "15": 2,
        "16": 1,
        "17": 1,
        "18": 3,
        "19": 2,
        "20": 3,
        "21": 3,
        "22": 4,
        "23": 1,
        "24": 1,
        "25": 4,
        "26": 4,
        "27": 2,
        "28": 2,
        "29": 4,
        "30": 3,
        "31": 0,
        "32": 1,
        "33": 4,
        "34": 2,
        "35": 2,
        "36": 2,
        "37": 3,
        "38": 4,
        "39": 3,
        "40": 1,
        "41": 4,
        "42": 3,
        "43": 1,
        "44": 2,
        "45": 4,
        "46": 4,
        "47": 4,
        "48": 3,
        "49": 4,
        "50": 0,
        "51": 1,
        "52": 4,
        "53": 0,
        "54": 1
    },
    "lower_bound": 45.0
}