{
    "node_types": [
        "invoice",
        "sku",
        "zone"
    ],
    "edge_types": [
        "('invoice', 'requires', 'sku')",
        "('sku', 'located_at', 'zone')",
        "('sku', 'rev_requires', 'invoice')",
        "('zone', 'rev_located_at', 'sku')"
    ],
    "num_invoices": 28,
    "num_sku": 85,
    "num_zone": 5,
    "invoices": [
        [
            64,
            5,
            13,
            84,
            52
        ],
        [
            67,
            27,
            39,
            16,
            43,
            75,
            21,
            35,
            30,
            63
        ],
        [
            33,
            54,
            6,
            77,
            75,
            27,
            50,
            17
        ],
        [
            17,
            7,
            19,
            48,
            77,
            36,
            39,
            73,
            1,
            67
        ],
        [
            51,
            81,
            74,
            66,
            6,
            38,
            60,
            62,
            44,
            41
        ],
        [
            58,
            41,
            49,
            81,
            37,
            19,
            72,
            14
        ],
        [
            57,
            32,
            24,
            10,
            63,
            64,
            4,
            75,
            1,
            22,
            45
        ],
        [
            30,
            36,
            84,
            35,
            23,
            79,
            74,
            26,
            30,
            80
        ],
        [
            54,
            9,
            82,
            78,
            2,
            20,
            42,
            15,
            79,
            60,
            55,
            42,
            83
        ],
        [
            35,
            12,
            37,
            26,
            6
        ],
        [
            28,
            24,
            61,
            0,
            25,
            11,
            1,
            15,
            43,
            57,
            72
        ],
        [
            71,
            55,
            20,
            5,
            33,
            31,
            51,
            19,
            81,
            22,
            40
        ],
        [
            38,
            63,
            34,
            0,
            19,
            63,
            68,
            81,
            76,
            56
        ],
        [
            22,
            76,
            14,
            43,
            33,
            53,
            10,
            29
        ],
        [
            62,
            37,
            71,
            31,
            71,
            82,
            2,
            29,
            4,
            58,
            53,
            84
        ],
        [
            12,
            68,
            60,
            72,
            8,
            82,
            14
        ],
        [
            76,
            82,
            18,
            33,
            48,
            71,
            70,
            74,
            13,
            69
        ],
        [
            73,
            40,
            37,
            2,
            21
        ],
        [
            26,
            11,
            48,
            4,
            56,
            47,
            23
        ],
        [
            28,
            45,
            38,
            59,
            62,
            72,
            3,
            2
        ],
        [
            52,
            28,
            69,
            17,
            61,
            46,
            23,
            16,
            46,
            70,
            56,
            54
        ],
        [
            61,
            25,
            49,
            65,
            26,
            14,
            34,
            51,
            1,
            83,
            0,
            79
        ],
        [
            59,
            61,
            10,
            65,
            11,
            8
        ],
        [
            18,
            13,
            35,
            32,
            55,
            40,
            17,
            22,
            70,
            47
        ],
        [
            7,
            16,
            29,
            34,
            27,
            54,
            80,
            7,
            39,
            53
        ],
        [
            57,
            83,
            5,
            3,
            51
        ],
        [
            56,
            84,
            24,
            78,
            67,
            49,
            3,
            18
        ],
        [
            40,
            65,
            47,
            46,
            9,
            66,
            50,
            42,
            39,
            46,
            60,
            44,
            65,
            57,
            13
        ]
    ],
    "matching": {
        "0": 2,
        "1": 3,
        "2": 3,
        "3": 3,
        "4": 2,
        "5": 0,
        "6": 2,
        "7": 0,
        "8": 2,
        "9": 4,
        "10": 2,
        "11": 0,
        "12": 4,
        "13": 2,
        "14": 4,
        "15": 2,
        "16": 1,
        "17": 3,
        "18": 2,
        "19": 0,
        "20": 1,
        "21": 3,
        "22": 3,
        "23": 3,
        "24": 4,
        "25": 0,
        "26": 1,
        "27": 4,
        "28": 4,
        "29": 0,
        "30": 4,
        "31": 1,
        "32": 1,
        "33": 1,
        "34": 2,
        "35": 3,
        "36": 3,
        "37": 0,
        "38": 0,
        "39": 1,
        "40": 1,
        "41": 4,
        "42": 0,
        "43": 0,
        "44": 1,
        "45": 4,
        "46": 4,
        "47": 4,
        "48": 3,
        "49": 2,
        "50": 0,
        "51": 0,
        "52": 1,
        "53": 1,
        "54": 4,
        "55": 0,
        "56": 1,
        "57": 1,
        "58": 0,
        "59": 1,
        "60": 3,
        "61": 1,
        "62": 2,
        "63": 0,
        "64": 1,
        "65": 4,
        "66": 3,
        "67": 1,
        "68": 4,
        "69": 4,
        "70": 0,
        "71": 2,
        "72": 0,
        "73": 1,
        "74": 2,
        "75": 4,
        "76": 0,
        "77": 4,
        "78": 3,
        "79": 0,
        "80": 0,
        "81": 1,
        "82": 1,
        "83": 2,
        "84": 3
    },
    "lower_bound": 57.0
}