{
    "node_types": [
        "invoice",
        "sku",
        "zone"
    ],
    "edge_types": [
        "('invoice', 'requires', 'sku')",
        "('sku', 'located_at', 'zone')",
        "('sku', 'rev_requires', 'invoice')",
        "('zone', 'rev_located_at', 'sku')"
    ],
    "num_invoices": 31,
    "num_sku": 66,
    "num_zone": 5,
    "invoices": [
        [
            57,
            32,
            39,
            46
        ],
        [
            4,
            39,
            3,
            26,
            30
        ],
        [
            38,
            49,
            7
        ],
        [
            3,
            62,
            53,
            55,
            15,
            8,
            5,
            4,
            45,
            50
        ],
        [
            25
        ],
        [
            59,
            29
        ],
        [
            58,
            31,
            32,
            0,
            48
        ],
        [
            59,
            17,
            2,
            24,
            29,
            36
        ],
        [
            7,
            54,
            41,
            56,
            60
        ],
        [
            22,
            44,
            15,
            60,
            41,
            57,
            40,
            12,
            54
        ],
        [
            56,
            6,
            65,
            30,
            14,
            0,
            23,
            53,
            31
        ],
        [
            18,
            62,
            2,
            9,
            17,
            2,
            21
        ],
        [
            4,
            14,
            56,
            64,
            61
        ],
        [
            20,
            48,
            58,
            65,
            34,
            15
        ],
        [
            5,
            5
        ],
        [
            38,
            34,
            8
        ],
        [
            10,
            46,
            33,
            55,
            63,
            13,
            19
        ],
        [
            51,
            1,
            9,
            23,
            39,
            51,
            13,
            48,
            30,
            35
        ],
        [
            37,
            50,
            42,
            45,
            19,
            36,
            40,
            50,
            26
        ],
        [
            41,
            62,
            57,
            44,
            60,
            60,
            61,
            43,
            49,
            8,
            45
        ],
        [
            24,
            28,
            34
        ],
        [
            1,
            47,
            25,
            49,
            52
        ],
        [
            36,
            22,
            11,
            16,
            42,
            51,
            27,
            1,
            10,
            42
        ],
        [
            23,
            11,
            20,
            65,
            35,
            59,
            28
        ],
        [
            43,
            47,
            37,
            1,
            40
        ],
        [
            27,
            49,
            24,
            36,
            14,
            6,
            9,
            12
        ],
        [
            61,
            58,
            55,
            17,
            50
        ],
        [
            64,
            21,
            3,
            18
        ],
        [
            59,
            58,
            10
        ],
        [
            63,
            52,
            14,
            34
        ],
        [
            27,
            12,
            65,
            5,
            16,
            33,
            4,
            20,
            48
        ]
    ],
    "matching": {
        "0": 2,
        "1": 1,
        "2": 0,
        "3": 4,
        "4": 4,
        "5": 0,
        "6": 4,
        "7": 2,
        "8": 3,
        "9": 1,
        "10": 1,
        "11": 0,
        "12": 3,
        "13": 0,
        "14": 0,
        "15": 0,
        "16": 1,
        "17": 0,
        "18": 2,
        "19": 3,
        "20": 2,
        "21": 2,
        "22": 2,
        "23": 2,
        "24": 1,
        "25": 1,
        "26": 4,
        "27": 0,
        "28": 3,
        "29": 0,
        "30": 1,
        "31": 0,
        "32": 0,
        "33": 0,
        "34": 2,
        "35": 4,
        "36": 1,
        "37": 4,
        "38": 2,
        "39": 4,
        "40": 0,
        "41": 4,
        "42": 4,
        "43": 1,
        "44": 2,
        "45": 4,
        "46": 1,
        "47": 0,
        "48": 3,
        "49": 0,
        "50": 2,
        "51": 2,
        "52": 1,
        "53": 2,
        "54": 4,
        "55": 3,
        "56": 3,
        "57": 1,
        "58": 0,
        "59": 2,
        "60": 1,
        "61": 4,
        "62": 1,
        "63": 0,
        "64": 2,
        "65": 2
    },
    "lower_bound": 45.0
}