{
    "node_types": [
        "invoice",
        "sku",
        "zone"
    ],
    "edge_types": [
        "('invoice', 'requires', 'sku')",
        "('sku', 'located_at', 'zone')",
        "('sku', 'rev_requires', 'invoice')",
        "('zone', 'rev_located_at', 'sku')"
    ],
    "num_invoices": 29,
    "num_sku": 70,
    "num_zone": 5,
    "invoices": [
        [
            0,
            39,
            54,
            9,
            69,
            29,
            7,
            48,
            66,
            52
        ],
        [
            42,
            49,
            11,
            48
        ],
        [
            29,
            35,
            31,
            41,
            41,
            59
        ],
        [
            56,
            13,
            62,
            66,
            68,
            35,
            47,
            20
        ],
        [
            8,
            24,
            41,
            29,
            35
        ],
        [
            67,
            41,
            38,
            54,
            19,
            65,
            26
        ],
        [
            17,
            24,
            64,
            35,
            12,
            10,
            48,
            37
        ],
        [
            62,
            64,
            20,
            17,
            34,
            18,
            49,
            40,
            43,
            18,
            30,
            37
        ],
        [
            4,
            10,
            29,
            15,
            14,
            32,
            5,
            3
        ],
        [
            26,
            4,
            20,
            61,
            12,
            52,
            45
        ],
        [
            5,
            62,
            28,
            59,
            38,
            44,
            67,
            56
        ],
        [
            4,
            53,
            28,
            30,
            31,
            23,
            13,
            10,
            7,
            18,
            21,
            45
        ],
        [
            21
        ],
        [
            57,
            39,
            39,
            14,
            6,
            58,
            49
        ],
        [
            22,
            26,
            15,
            8
        ],
        [
            1,
            55,
            46,
            64,
            36,
            43,
            24
        ],
        [
            16,
            22,
            2,
            32,
            68,
            68
        ],
        [
            10,
            63,
            66,
            42,
            57,
            8,
            26
        ],
        [
            57,
            21,
            46,
            11,
            32,
            69
        ],
        [
            43,
            25,
            46,
            60,
            51,
            53,
            3,
            15,
            12,
            5,
            45
        ],
        [
            23,
            8,
            46,
            2
        ],
        [
            40,
            27,
            50,
            7
        ],
        [
            14,
            25,
            51,
            40,
            53,
            34,
            2,
            6,
            61,
            38,
            56
        ],
        [
            44,
            55,
            27
        ],
        [
            9,
            18,
            2,
            30,
            60,
            1,
            17,
            33,
            14,
            36,
            17
        ],
        [
            65,
            0,
            47,
            61,
            50,
            64,
            1,
            67,
            62,
            33,
            57
        ],
        [
            21,
            16,
            45,
            49,
            9
        ],
        [
            34,
            58
        ],
        [
            25,
            50,
            15,
            7,
            50,
            4,
            19,
            33,
            63,
            32
        ]
    ],
    "matching": {
        "0": 0,
        "1": 2,
        "2": 3,
        "3": 3,
        "4": 3,
        "5": 0,
        "6": 4,
        "7": 1,
        "8": 0,
        "9": 3,
        "10": 0,
        "11": 0,
        "12": 0,
        "13": 2,
        "14": 3,
        "15": 0,
        "16": 1,
        "17": 4,
        "18": 2,
        "19": 0,
        "20": 3,
        "21": 1,
        "22": 1,
        "23": 4,
        "24": 4,
        "25": 1,
        "26": 2,
        "27": 1,
        "28": 4,
        "29": 4,
        "30": 3,
        "31": 4,
        "32": 1,
        "33": 4,
        "34": 3,
        "35": 0,
        "36": 1,
        "37": 2,
        "38": 2,
        "39": 0,
        "40": 2,
        "41": 3,
        "42": 2,
        "43": 4,
        "44": 0,
        "45": 3,
        "46": 0,
        "47": 2,
        "48": 1,
        "49": 3,
        "50": 0,
        "51": 3,
        "52": 1,
        "53": 4,
        "54": 0,
        "55": 1,
        "56": 2,
        "57": 3,
        "58": 1,
        "59": 3,
        "60": 3,
        "61": 3,
        "62": 4,
        "63": 4,
        "64": 4,
        "65": 2,
        "66": 1,
        "67": 0,
        "68": 2,
        "69": 1
    },
    "lower_bound": 48.0
}