{
    "node_types": [
        "invoice",
        "sku",
        "zone"
    ],
    "edge_types": [
        "('invoice', 'requires', 'sku')",
        "('sku', 'located_at', 'zone')",
        "('sku', 'rev_requires', 'invoice')",
        "('zone', 'rev_located_at', 'sku')"
    ],
    "num_invoices": 35,
    "num_sku": 75,
    "num_zone": 5,
    "invoices": [
        [
            22,
            21,
            18,
            40,
            62
        ],
        [
            18,
            68,
            6,
            2,
            41,
            42,
            21,
            19
        ],
        [
            57,
            50,
            27
        ],
        [
            70,
            23,
            74
        ],
        [
            56,
            42,
            59,
            16,
            74,
            30
        ],
        [
            2,
            72,
            51
        ],
        [
            11,
            27,
            43,
            41,
            4,
            64,
            47,
            72,
            1,
            12
        ],
        [
            20,
            24,
            33,
            38,
            58,
            52,
            67,
            50
        ],
        [
            17,
            25,
            31,
            59,
            6,
            15,
            23
        ],
        [
            0,
            2,
            63,
            49,
            66
        ],
        [
            58,
            53,
            10,
            27,
            52
        ],
        [
            33,
            71,
            60,
            8,
            71,
            37,
            19
        ],
        [
            49,
            74,
            17,
            69,
            60,
            3,
            11
        ],
        [
            72,
            22,
            53,
            24
        ],
        [
            48,
            30,
            55,
            70,
            20,
            68,
            63,
            5
        ],
        [
            64,
            50,
            29,
            61
        ],
        [
            29,
            10,
            11,
            14,
            51,
            16,
            56,
            44
        ],
        [
            65,
            45,
            65,
            58,
            3,
            32,
            35
        ],
        [
            23,
            72,
            28,
            69,
            7,
            37,
            1,
            63
        ],
        [
            37,
            46,
            40,
            47,
            26,
            24,
            12
        ],
        [
            66,
            43,
            36,
            34,
            33,
            51
        ],
        [
            70,
            14,
            4
        ],
        [
            70,
            17,
            42,
            51,
            32,
            4,
            14,
            39,
            25
        ],
        [
            61,
            71,
            41,
            2,
            48,
            38,
            35
        ],
        [
            9,
            26,
            30,
            9,
            50,
            10,
            57
        ],
        [
            63,
            44,
            28,
            12,
            6,
            13,
            62,
            24,
            13,
            38
        ],
        [
            1,
            54
        ],
        [
            60,
            22,
            69,
            65,
            64,
            65,
            33,
            68
        ],
        [
            14,
            36,
            47,
            4,
            45,
            0,
            46,
            8
        ],
        [
            61,
            43,
            29,
            19,
            43,
            45,
            39,
            31
        ],
        [
            73,
            34,
            71,
            67,
            58,
            53,
            67,
            73
        ],
        [
            26,
            1,
            22,
            47,
            55,
            61,
            19,
            49,
            32,
            36,
            73
        ],
        [
            54,
            15,
            7,
            44,
            8
        ],
        [
            5,
            34,
            32,
            49,
            48,
            11,
            13
        ],
        [
            23,
            56,
            74,
            42
        ]
    ],
    "matching": {
        "0": 3,
        "1": 4,
        "2": 2,
        "3": 1,
        "4": 2,
        "5": 3,
        "6": 1,
        "7": 3,
        "8": 0,
        "9": 0,
        "10": 0,
        "11": 0,
        "12": 1,
        "13": 4,
        "14": 1,
        "15": 0,
        "16": 1,
        "17": 0,
        "18": 1,
        "19": 4,
        "20": 1,
        "21": 2,
        "22": 0,
        "23": 1,
        "24": 4,
        "25": 3,
        "26": 4,
        "27": 2,
        "28": 2,
        "29": 0,
        "30": 0,
        "31": 2,
        "32": 4,
        "33": 4,
        "34": 4,
        "35": 1,
        "36": 3,
        "37": 0,
        "38": 3,
        "39": 1,
        "40": 0,
        "41": 4,
        "42": 3,
        "43": 2,
        "44": 3,
        "45": 4,
        "46": 3,
        "47": 2,
        "48": 4,
        "49": 3,
        "50": 2,
        "51": 2,
        "52": 2,
        "53": 1,
        "54": 0,
        "55": 3,
        "56": 0,
        "57": 4,
        "58": 1,
        "59": 0,
        "60": 4,
        "61": 2,
        "62": 1,
        "63": 0,
        "64": 0,
        "65": 4,
        "66": 1,
        "67": 4,
        "68": 2,
        "69": 0,
        "70": 0,
        "71": 2,
        "72": 4,
        "73": 2,
        "74": 1
    },
    "lower_bound": 45.0
}