{
    "node_types": [
        "invoice",
        "sku",
        "zone"
    ],
    "edge_types": [
        "('invoice', 'requires', 'sku')",
        "('sku', 'located_at', 'zone')",
        "('sku', 'rev_requires', 'invoice')",
        "('zone', 'rev_located_at', 'sku')"
    ],
    "num_invoices": 34,
    "num_sku": 92,
    "num_zone": 5,
    "invoices": [
        [
            27,
            3,
            77,
            82,
            62,
            58,
            24,
            78
        ],
        [
            5,
            32,
            37,
            58,
            40,
            40,
            82,
            72,
            53,
            48
        ],
        [
            3,
            68,
            82,
            60,
            31,
            23,
            12
        ],
        [
            4,
            12,
            2,
            69,
            60
        ],
        [
            38,
            73,
            35,
            76,
            33,
            53,
            19,
            66,
            41,
            87,
            32,
            26
        ],
        [
            8,
            77,
            83,
            61,
            37,
            18
        ],
        [
            69,
            28,
            9,
            81,
            10,
            36,
            58
        ],
        [
            85,
            4,
            54,
            8,
            47,
            27,
            49,
            29,
            55
        ],
        [
            31,
            78,
            91,
            18,
            60,
            6,
            51,
            0,
            57,
            34,
            87,
            66
        ],
        [
            43,
            20,
            65,
            57,
            46,
            76,
            74,
            22,
            88
        ],
        [
            57,
            14,
            74,
            68,
            62
        ],
        [
            45,
            72,
            19,
            91,
            82,
            89,
            62,
            25,
            51
        ],
        [
            61,
            77,
            13,
            27,
            61,
            0,
            51
        ],
        [
            50,
            41,
            38,
            30,
            35,
            73,
            23,
            70,
            38,
            62
        ],
        [
            54,
            30,
            57,
            78
        ],
        [
            79,
            6,
            42,
            31,
            37
        ],
        [
            76,
            36,
            77,
            86,
            75,
            37,
            46,
            7,
            22,
            32,
            59,
            68,
            36,
            28
        ],
        [
            2,
            34,
            59,
            75,
            41,
            1
        ],
        [
            80,
            70,
            39,
            21,
            63,
            87,
            20,
            91
        ],
        [
            13,
            63,
            72,
            35,
            89,
            64,
            84
        ],
        [
            67,
            15,
            84,
            5,
            22,
            78,
            56,
            44,
            49
        ],
        [
            17,
            2,
            80,
            64,
            63,
            17,
            42,
            39
        ],
        [
            34,
            59,
            52,
            81,
            45,
            6,
            54,
            71,
            23,
            51
        ],
        [
            26,
            5,
            25,
            88,
            53
        ],
        [
            22,
            55,
            16,
            23,
            12,
            5,
            56,
            90
        ],
        [
            47,
            67,
            52,
            16,
            1,
            70
        ],
        [
            80,
            3,
            0,
            71,
            70,
            20,
            81,
            10
        ],
        [
            50,
            49,
            38,
            68,
            85,
            83,
            86,
            63
        ],
        [
            1,
            47,
            91,
            90,
            36,
            30
        ],
        [
            14,
            29,
            43,
            39,
            18,
            11,
            55
        ],
        [
            32,
            44,
            9,
            86,
            11,
            24,
            81,
            79
        ],
        [
            26,
            6,
            89,
            87,
            33,
            30,
            41,
            15
        ],
        [
            7,
            59,
            52,
            64,
            61
        ],
        [
            45,
            31,
            11,
            21,
            34,
            48,
            65,
            11,
            13
        ]
    ],
    "matching": {
        "0": 1,
        "1": 4,
        "2": 4,
        "3": 2,
        "4": 1,
        "5": 0,
        "6": 2,
        "7": 0,
        "8": 2,
        "9": 2,
        "10": 4,
        "11": 4,
        "12": 4,
        "13": 3,
        "14": 0,
        "15": 2,
        "16": 4,
        "17": 0,
        "18": 3,
        "19": 2,
        "20": 2,
        "21": 0,
        "22": 1,
        "23": 2,
        "24": 1,
        "25": 3,
        "26": 4,
        "27": 4,
        "28": 3,
        "29": 4,
        "30": 4,
        "31": 1,
        "32": 2,
        "33": 1,
        "34": 3,
        "35": 4,
        "36": 3,
        "37": 3,
        "38": 4,
        "39": 2,
        "40": 3,
        "41": 3,
        "42": 3,
        "43": 4,
        "44": 1,
        "45": 0,
        "46": 2,
        "47": 4,
        "48": 0,
        "49": 3,
        "50": 4,
        "51": 1,
        "52": 2,
        "53": 3,
        "54": 0,
        "55": 0,
        "56": 1,
        "57": 3,
        "58": 1,
        "59": 2,
        "60": 3,
        "61": 2,
        "62": 3,
        "63": 3,
        "64": 4,
        "65": 0,
        "66": 1,
        "67": 0,
        "68": 1,
        "69": 1,
        "70": 1,
        "71": 2,
        "72": 0,
        "73": 4,
        "74": 4,
        "75": 2,
        "76": 3,
        "77": 0,
        "78": 2,
        "79": 4,
        "80": 4,
        "81": 1,
        "82": 4,
        "83": 0,
        "84": 0,
        "85": 2,
        "86": 4,
        "87": 4,
        "88": 1,
        "89": 0,
        "90": 0,
        "91": 2
    },
    "lower_bound": 54.0
}