{
    "node_types": [
        "invoice",
        "sku",
        "zone"
    ],
    "edge_types": [
        "('invoice', 'requires', 'sku')",
        "('sku', 'located_at', 'zone')",
        "('sku', 'rev_requires', 'invoice')",
        "('zone', 'rev_located_at', 'sku')"
    ],
    "num_invoices": 33,
    "num_sku": 99,
    "num_zone": 5,
    "invoices": [
        [
            86,
            37,
            1,
            72,
            7
        ],
        [
            5,
            71,
            11,
            69,
            14,
            29,
            19,
            68,
            36,
            42,
            18
        ],
        [
            93,
            14,
            45,
            85,
            56,
            0,
            84
        ],
        [
            54,
            62,
            80,
            31,
            94,
            40,
            46,
            22,
            77
        ],
        [
            15,
            60,
            27,
            60,
            41,
            12,
            61,
            8,
            3
        ],
        [
            97,
            10,
            38,
            73,
            70,
            73,
            51,
            32,
            33,
            73,
            43,
            27,
            46
        ],
        [
            95,
            85,
            77,
            74,
            67,
            81,
            76,
            29
        ],
        [
            10,
            35,
            81,
            7,
            44,
            79,
            52,
            49,
            44,
            19,
            91
        ],
        [
            4,
            31,
            34,
            88,
            12,
            87,
            84,
            63,
            9,
            95,
            29,
            81,
            13,
            50
        ],
        [
            89,
            6,
            33,
            88,
            53,
            68,
            62,
            94,
            95,
            38,
            97
        ],
        [
            83,
            91,
            40,
            9,
            1,
            35,
            2,
            42,
            70
        ],
        [
            11,
            92,
            88,
            79,
            91
        ],
        [
            91,
            64,
            75,
            57,
            60,
            64,
            56,
            58,
            58,
            15,
            8
        ],
        [
            67,
            88,
            90,
            89,
            45,
            61,
            87,
            78,
            61,
            49
        ],
        [
            23,
            38,
            86,
            37,
            21,
            63,
            52,
            9,
            22
        ],
        [
            47,
            75,
            79,
            40,
            7,
            93,
            50,
            37
        ],
        [
            59,
            28,
            95,
            33,
            19,
            55,
            30,
            75,
            25,
            39,
            93
        ],
        [
            51,
            0,
            65,
            89,
            24,
            92,
            86,
            81,
            24
        ],
        [
            98,
            16,
            85,
            18,
            11,
            41,
            67
        ],
        [
            98,
            19,
            33,
            24,
            94,
            80,
            57
        ],
        [
            62,
            72,
            51,
            15,
            54,
            55
        ],
        [
            1,
            6,
            15,
            96,
            72,
            82,
            0,
            21,
            30,
            30,
            87,
            4,
            23
        ],
        [
            24,
            80,
            16,
            83,
            83,
            52,
            32,
            87
        ],
        [
            34,
            82,
            58,
            98,
            90,
            43
        ],
        [
            44,
            44,
            57,
            53,
            25,
            0,
            48,
            63,
            38,
            82,
            96,
            27,
            58
        ],
        [
            66,
            79,
            71,
            14,
            5,
            69,
            85,
            20,
            32,
            18,
            62,
            3
        ],
        [
            3,
            6,
            23,
            49,
            13
        ],
        [
            90,
            17,
            42,
            28,
            78,
            37,
            39,
            27
        ],
        [
            4,
            25,
            73,
            48,
            51,
            59,
            74
        ],
        [
            4,
            2,
            30,
            12,
            60,
            72,
            26,
            21,
            75,
            17,
            47
        ],
        [
            76,
            93,
            71,
            66,
            45,
            52,
            43
        ],
        [
            48,
            65,
            26,
            57,
            16,
            36,
            20
        ],
        [
            56,
            42,
            84,
            9,
            54,
            53,
            35,
            46,
            90
        ]
    ],
    "matching": {
        "0": 4,
        "1": 2,
        "2": 1,
        "3": 2,
        "4": 3,
        "5": 2,
        "6": 2,
        "7": 1,
        "8": 0,
        "9": 1,
        "10": 1,
        "11": 4,
        "12": 4,
        "13": 3,
        "14": 3,
        "15": 2,
        "16": 1,
        "17": 0,
        "18": 1,
        "19": 4,
        "20": 2,
        "21": 4,
        "22": 0,
        "23": 4,
        "24": 0,
        "25": 2,
        "26": 4,
        "27": 0,
        "28": 3,
        "29": 1,
        "30": 2,
        "31": 4,
        "32": 2,
        "33": 3,
        "34": 4,
        "35": 0,
        "36": 1,
        "37": 3,
        "38": 3,
        "39": 3,
        "40": 4,
        "41": 2,
        "42": 1,
        "43": 4,
        "44": 2,
        "45": 0,
        "46": 1,
        "47": 1,
        "48": 4,
        "49": 2,
        "50": 3,
        "51": 4,
        "52": 0,
        "53": 0,
        "54": 0,
        "55": 3,
        "56": 1,
        "57": 4,
        "58": 4,
        "59": 2,
        "60": 3,
        "61": 1,
        "62": 4,
        "63": 1,
        "64": 1,
        "65": 4,
        "66": 4,
        "67": 2,
        "68": 3,
        "69": 1,
        "70": 4,
        "71": 1,
        "72": 3,
        "73": 0,
        "74": 2,
        "75": 4,
        "76": 1,
        "77": 2,
        "78": 3,
        "79": 4,
        "80": 1,
        "81": 1,
        "82": 2,
        "83": 1,
        "84": 0,
        "85": 2,
        "86": 3,
        "87": 3,
        "88": 4,
        "89": 4,
        "90": 3,
        "91": 1,
        "92": 3,
        "93": 1,
        "94": 1,
        "95": 0,
        "96": 1,
        "97": 4,
        "98": 4
    },
    "lower_bound": 54.0
}