{
    "node_types": [
        "invoice",
        "sku",
        "zone"
    ],
    "edge_types": [
        "('invoice', 'requires', 'sku')",
        "('sku', 'located_at', 'zone')",
        "('sku', 'rev_requires', 'invoice')",
        "('zone', 'rev_located_at', 'sku')"
    ],
    "num_invoices": 33,
    "num_sku": 83,
    "num_zone": 5,
    "invoices": [
        [
            59,
            69
        ],
        [
            52,
            49,
            18,
            30,
            8,
            3,
            2,
            1,
            17
        ],
        [
            72,
            30,
            62,
            39,
            61,
            39
        ],
        [
            80,
            76,
            22,
            67,
            70,
            78,
            31,
            55
        ],
        [
            52,
            25,
            19,
            12,
            21,
            28,
            20
        ],
        [
            29,
            65,
            33,
            41,
            33,
            37,
            22,
            60,
            30,
            64,
            45,
            57,
            5
        ],
        [
            12,
            68,
            26,
            0,
            79,
            80,
            40,
            56
        ],
        [
            65,
            27,
            69,
            10,
            81,
            36,
            39,
            36,
            23,
            68,
            63,
            57
        ],
        [
            54,
            24,
            26,
            76,
            7,
            6,
            44,
            29
        ],
        [
            62,
            35,
            51,
            44,
            6
        ],
        [
            23,
            73,
            25,
            82,
            34,
            21,
            18
        ],
        [
            74,
            8,
            43,
            15,
            66,
            19,
            48,
            3
        ],
        [
            38,
            35,
            27,
            61,
            2,
            9,
            18,
            28,
            41,
            74
        ],
        [
            3,
            42,
            14,
            39,
            75,
            42,
            71,
            73,
            63,
            44
        ],
        [
            6,
            28,
            23,
            59,
            0,
            64,
            1
        ],
        [
            78,
            51,
            25,
            47,
            69,
            43,
            75,
            66
        ],
        [
            32,
            20,
            76,
            32,
            11,
            69
        ],
        [
            15,
            11,
            27,
            32,
            24,
            81
        ],
        [
            77,
            77
        ],
        [
            54,
            58,
            56,
            21,
            35,
            53
        ],
        [
            55,
            11,
            4,
            40,
            31,
            49,
            20,
            13,
            70,
            45,
            64,
            37,
            77
        ],
        [
            4,
            45,
            3
        ],
        [
            50,
            29,
            24,
            16,
            30,
            9,
            78,
            66,
            55,
            17,
            61
        ],
        [
            37,
            47,
            14,
            42,
            33
        ],
        [
            59,
            43,
            72,
            15,
            4,
            16
        ],
        [
            44,
            76,
            53
        ],
        [
            48,
            19,
            10,
            11
        ],
        [
            0,
            14,
            38,
            15,
            73,
            20,
            31,
            42,
            35,
            53
        ],
        [
            2,
            34,
            47,
            71,
            18,
            60,
            21,
            79,
            72
        ],
        [
            74,
            8,
            41,
            67,
            50,
            26,
            24,
            63,
            7,
            64,
            13,
            46,
            59
        ],
        [
            5,
            82,
            46,
            14,
            8
        ],
        [
            31,
            58,
            23,
            47,
            77,
            50,
            36,
            25
        ],
        [
            27,
            5,
            32,
            68,
            45,
            43,
            6,
            82,
            1,
            55
        ]
    ],
    "matching": {
        "0": 1,
        "1": 3,
        "2": 0,
        "3": 1,
        "4": 2,
        "5": 0,
        "6": 1,
        "7": 3,
        "8": 1,
        "9": 1,
        "10": 3,
        "11": 4,
        "12": 2,
        "13": 4,
        "14": 1,
        "15": 1,
        "16": 1,
        "17": 4,
        "18": 0,
        "19": 4,
        "20": 2,
        "21": 4,
        "22": 3,
        "23": 0,
        "24": 1,
        "25": 1,
        "26": 0,
        "27": 2,
        "28": 0,
        "29": 4,
        "30": 0,
        "31": 3,
        "32": 2,
        "33": 1,
        "34": 4,
        "35": 4,
        "36": 1,
        "37": 4,
        "38": 1,
        "39": 0,
        "40": 1,
        "41": 2,
        "42": 3,
        "43": 4,
        "44": 4,
        "45": 4,
        "46": 2,
        "47": 1,
        "48": 1,
        "49": 4,
        "50": 3,
        "51": 0,
        "52": 1,
        "53": 3,
        "54": 2,
        "55": 2,
        "56": 1,
        "57": 0,
        "58": 0,
        "59": 3,
        "60": 2,
        "61": 1,
        "62": 0,
        "63": 2,
        "64": 0,
        "65": 0,
        "66": 1,
        "67": 4,
        "68": 1,
        "69": 4,
        "70": 4,
        "71": 2,
        "72": 4,
        "73": 0,
        "74": 3,
        "75": 2,
        "76": 0,
        "77": 4,
        "78": 1,
        "79": 2,
        "80": 3,
        "81": 2,
        "82": 4
    },
    "lower_bound": 51.0
}