{
    "node_types": [
        "invoice",
        "sku",
        "zone"
    ],
    "edge_types": [
        "('invoice', 'requires', 'sku')",
        "('sku', 'located_at', 'zone')",
        "('sku', 'rev_requires', 'invoice')",
        "('zone', 'rev_located_at', 'sku')"
    ],
    "num_invoices": 25,
    "num_sku": 61,
    "num_zone": 5,
    "invoices": [
        [
            3,
            38,
            36,
            3,
            22,
            42,
            24,
            60
        ],
        [
            5,
            52,
            44,
            36,
            38,
            47,
            20,
            0,
            49,
            3,
            51,
            57,
            15,
            59,
            20,
            33
        ],
        [
            34,
            2,
            0,
            57,
            38,
            28,
            41,
            54
        ],
        [
            52,
            25
        ],
        [
            5,
            53,
            31,
            12,
            8,
            2,
            50,
            37,
            43,
            30
        ],
        [
            23,
            58,
            11,
            60,
            36,
            45,
            31,
            33
        ],
        [
            23,
            19,
            18,
            48,
            59,
            43,
            52
        ],
        [
            57,
            59,
            7,
            14,
            41
        ],
        [
            39,
            45,
            30,
            16
        ],
        [
            15,
            54,
            58,
            6,
            19,
            27,
            32,
            56
        ],
        [
            48,
            13,
            10,
            26,
            21,
            47,
            21,
            44,
            42
        ],
        [
            29,
            29,
            10,
            29,
            0,
            49,
            12,
            41,
            34
        ],
        [
            44,
            54
        ],
        [
            26,
            54,
            1,
            46,
            13,
            16,
            28,
            14,
            27
        ],
        [
            51,
            37,
            56,
            39,
            40,
            31
        ],
        [
            28,
            45,
            25,
            24,
            52,
            18,
            59
        ],
        [
            40,
            53,
            35,
            60,
            11
        ],
        [
            31,
            30,
            8,
            30,
            32,
            48,
            46,
            18,
            28
        ],
        [
            14,
            5,
            17,
            33
        ],
        [
            15,
            5,
            53,
            21,
            20,
            58,
            14,
            0,
            57
        ],
        [
            7,
            27,
            24,
            55,
            51,
            13,
            17,
            20,
            35
        ],
        [
            36,
            4,
            44,
            50,
            43,
            4,
            1,
            27,
            33,
            18,
            22
        ],
        [
            24,
            9,
            8
        ],
        [
            9,
            6,
            55,
            46,
            50,
            29,
            46
        ],
        [
            48,
            9,
            22
        ]
    ],
    "matching": {
        "0": 0,
        "1": 1,
        "2": 0,
        "3": 1,
        "4": 2,
        "5": 1,
        "6": 2,
        "7": 2,
        "8": 3,
        "9": 4,
        "10": 3,
        "11": 3,
        "12": 1,
        "13": 2,
        "14": 1,
        "15": 4,
        "16": 1,
        "17": 3,
        "18": 2,
        "19": 1,
        "20": 0,
        "21": 0,
        "22": 2,
        "23": 1,
        "24": 1,
        "25": 0,
        "26": 4,
        "27": 4,
        "28": 0,
        "29": 1,
        "30": 0,
        "31": 2,
        "32": 3,
        "33": 0,
        "34": 1,
        "35": 3,
        "36": 0,
        "37": 1,
        "38": 3,
        "39": 4,
        "40": 3,
        "41": 0,
        "42": 1,
        "43": 2,
        "44": 2,
        "45": 0,
        "46": 1,
        "47": 0,
        "48": 0,
        "49": 4,
        "50": 0,
        "51": 0,
        "52": 4,
        "53": 2,
        "54": 0,
        "55": 4,
        "56": 4,
        "57": 1,
        "58": 4,
        "59": 4,
        "60": 1
    },
    "lower_bound": 60.0
}