{
    "node_types": [
        "invoice",
        "sku",
        "zone"
    ],
    "edge_types": [
        "('invoice', 'requires', 'sku')",
        "('sku', 'located_at', 'zone')",
        "('sku', 'rev_requires', 'invoice')",
        "('zone', 'rev_located_at', 'sku')"
    ],
    "num_invoices": 27,
    "num_sku": 56,
    "num_zone": 5,
    "invoices": [
        [
            37,
            43,
            41,
            49,
            37,
            33
        ],
        [
            43,
            54,
            18,
            0,
            50
        ],
        [
            14,
            31,
            48,
            49,
            19
        ],
        [
            40,
            3,
            13,
            49,
            10,
            52,
            33,
            46,
            40
        ],
        [
            4,
            2,
            6,
            42
        ],
        [
            50,
            42,
            32,
            52,
            8,
            37
        ],
        [
            46,
            21,
            30,
            23,
            25,
            38,
            48,
            22
        ],
        [
            20,
            25,
            31,
            53,
            38,
            43,
            45,
            25,
            45,
            27,
            51
        ],
        [
            6,
            35,
            51
        ],
        [
            10,
            36,
            48,
            16,
            9
        ],
        [
            28,
            23,
            42,
            29,
            38,
            1
        ],
        [
            17,
            8,
            10,
            16,
            2
        ],
        [
            41,
            31,
            29
        ],
        [
            11,
            17,
            53,
            34,
            22,
            13,
            36,
            38,
            35
        ],
        [
            1,
            17,
            30,
            26
        ],
        [
            39,
            1,
            18,
            25,
            34,
            10,
            27,
            6
        ],
        [
            0,
            8,
            44,
            51,
            20,
            44,
            7
        ],
        [
            9,
            20,
            18,
            33,
            55
        ],
        [
            19,
            39,
            19,
            7,
            36,
            47,
            50,
            26
        ],
        [
            18,
            2,
            43,
            51,
            5,
            32,
            30,
            29
        ],
        [
            32,
            5,
            52,
            52,
            37,
            22,
            12,
            34
        ],
        [
            7,
            3,
            4,
            24
        ],
        [
            1,
            21,
            4,
            24
        ],
        [
            24,
            28,
            6,
            15,
            23,
            3
        ],
        [
            9,
            3,
            4,
            9,
            54
        ],
        [
            14,
            12,
            13,
            55,
            35,
            11,
            17,
            44
        ],
        [
            47,
            47,
            15,
            19,
            7
        ]
    ],
    "matching": {
        "0": 4,
        "1": 3,
        "2": 4,
        "3": 3,
        "4": 2,
        "5": 4,
        "6": 1,
        "7": 3,
        "8": 1,
        "9": 4,
        "10": 2,
        "11": 1,
        "12": 0,
        "13": 2,
        "14": 1,
        "15": 4,
        "16": 4,
        "17": 0,
        "18": 3,
        "19": 0,
        "20": 3,
        "21": 1,
        "22": 1,
        "23": 2,
        "24": 1,
        "25": 3,
        "26": 4,
        "27": 4,
        "28": 2,
        "29": 3,
        "30": 1,
        "31": 0,
        "32": 3,
        "33": 2,
        "34": 3,
        "35": 2,
        "36": 0,
        "37": 3,
        "38": 1,
        "39": 1,
        "40": 3,
        "41": 2,
        "42": 0,
        "43": 4,
        "44": 4,
        "45": 2,
        "46": 0,
        "47": 3,
        "48": 2,
        "49": 2,
        "50": 3,
        "51": 3,
        "52": 2,
        "53": 2,
        "54": 4,
        "55": 0
    },
    "lower_bound": 45.0
}