{
    "node_types": [
        "invoice",
        "sku",
        "zone"
    ],
    "edge_types": [
        "('invoice', 'requires', 'sku')",
        "('sku', 'located_at', 'zone')",
        "('sku', 'rev_requires', 'invoice')",
        "('zone', 'rev_located_at', 'sku')"
    ],
    "num_invoices": 28,
    "num_sku": 88,
    "num_zone": 5,
    "invoices": [
        [
            64,
            6,
            82,
            77,
            55,
            58,
            57,
            14
        ],
        [
            8,
            75,
            6,
            25,
            82,
            81,
            38,
            61,
            56
        ],
        [
            49,
            1,
            24,
            24,
            28,
            71,
            4,
            64
        ],
        [
            62,
            19,
            16,
            53,
            36,
            31,
            49,
            72
        ],
        [
            79,
            66,
            68,
            26,
            25,
            18,
            40,
            76,
            30,
            29,
            65,
            3,
            86,
            62
        ],
        [
            57,
            0,
            3,
            2,
            83,
            40,
            34,
            87,
            11,
            52,
            34,
            84,
            39,
            52,
            37
        ],
        [
            34,
            74,
            29,
            85,
            73,
            46,
            82,
            80
        ],
        [
            24,
            19,
            67,
            23,
            65,
            41,
            3
        ],
        [
            70,
            81,
            37,
            8,
            32,
            33,
            4,
            79,
            67,
            55,
            13
        ],
        [
            54,
            72,
            22,
            13,
            4,
            69,
            73,
            33,
            70,
            56,
            27
        ],
        [
            44,
            31,
            74,
            57,
            83,
            62,
            53,
            41,
            60,
            40,
            58
        ],
        [
            87,
            55,
            13,
            44,
            5,
            72,
            73,
            85,
            3,
            84
        ],
        [
            61,
            24,
            68,
            7,
            51,
            50,
            48,
            50,
            1,
            65
        ],
        [
            64,
            80,
            9,
            12,
            36,
            53,
            9,
            58,
            18,
            1,
            82,
            28,
            39,
            31,
            38
        ],
        [
            47,
            8,
            59,
            30,
            41,
            83,
            23
        ],
        [
            45,
            33,
            75,
            48,
            63,
            54,
            49
        ],
        [
            71,
            65,
            5,
            39
        ],
        [
            30,
            10,
            27,
            69,
            43,
            42,
            43,
            60
        ],
        [
            80,
            84,
            26,
            81,
            16,
            13,
            77,
            27,
            7,
            17,
            68,
            27
        ],
        [
            20,
            14,
            11,
            59,
            44,
            66,
            37,
            37
        ],
        [
            47,
            21,
            39,
            22,
            81,
            35,
            9,
            86,
            51,
            29,
            54,
            34,
            45,
            60,
            48,
            35,
            66
        ],
        [
            41,
            46,
            14,
            6,
            51,
            59,
            63,
            17,
            21,
            46,
            23
        ],
        [
            56,
            47,
            42,
            55,
            10,
            21,
            51
        ],
        [
            12,
            63,
            4,
            8,
            45,
            6,
            44,
            74,
            86
        ],
        [
            15,
            15,
            36,
            1,
            85,
            36,
            78,
            7
        ],
        [
            56,
            17,
            7,
            76,
            80,
            31,
            54,
            29,
            2,
            43,
            72
        ],
        [
            57,
            0,
            61,
            62,
            64,
            32,
            26,
            28,
            73,
            78,
            86,
            45,
            63,
            20
        ],
        [
            74,
            18,
            30,
            23,
            32,
            50,
            28
        ]
    ],
    "matching": {
        "0": 3,
        "1": 3,
        "2": 0,
        "3": 0,
        "4": 0,
        "5": 1,
        "6": 1,
        "7": 0,
        "8": 0,
        "9": 1,
        "10": 2,
        "11": 1,
        "12": 3,
        "13": 3,
        "14": 1,
        "15": 2,
        "16": 0,
        "17": 1,
        "18": 4,
        "19": 0,
        "20": 3,
        "21": 1,
        "22": 4,
        "23": 0,
        "24": 3,
        "25": 0,
        "26": 4,
        "27": 0,
        "28": 1,
        "29": 1,
        "30": 1,
        "31": 0,
        "32": 4,
        "33": 1,
        "34": 2,
        "35": 2,
        "36": 4,
        "37": 4,
        "38": 4,
        "39": 3,
        "40": 4,
        "41": 0,
        "42": 4,
        "43": 1,
        "44": 2,
        "45": 3,
        "46": 4,
        "47": 4,
        "48": 3,
        "49": 4,
        "50": 0,
        "51": 2,
        "52": 4,
        "53": 0,
        "54": 1,
        "55": 3,
        "56": 3,
        "57": 3,
        "58": 2,
        "59": 2,
        "60": 0,
        "61": 2,
        "62": 3,
        "63": 3,
        "64": 3,
        "65": 1,
        "66": 2,
        "67": 0,
        "68": 3,
        "69": 2,
        "70": 4,
        "71": 1,
        "72": 1,
        "73": 1,
        "74": 4,
        "75": 0,
        "76": 1,
        "77": 2,
        "78": 0,
        "79": 1,
        "80": 0,
        "81": 3,
        "82": 4,
        "83": 0,
        "84": 4,
        "85": 0,
        "86": 4,
        "87": 1
    },
    "lower_bound": 63.0
}