{
    "node_types": [
        "invoice",
        "sku",
        "zone"
    ],
    "edge_types": [
        "('invoice', 'requires', 'sku')",
        "('sku', 'located_at', 'zone')",
        "('sku', 'rev_requires', 'invoice')",
        "('zone', 'rev_located_at', 'sku')"
    ],
    "num_invoices": 31,
    "num_sku": 56,
    "num_zone": 5,
    "invoices": [
        [
            28,
            27,
            11,
            9,
            0,
            12
        ],
        [
            34,
            21,
            42,
            18,
            31,
            10,
            25,
            33
        ],
        [
            23,
            1,
            2,
            43,
            55,
            6,
            1,
            38,
            44,
            46,
            55,
            21,
            40
        ],
        [
            29,
            17,
            48,
            37,
            11,
            48
        ],
        [
            9,
            28
        ],
        [
            4,
            3,
            14,
            26
        ],
        [
            20,
            30,
            41
        ],
        [
            43,
            3,
            33,
            48
        ],
        [
            10,
            5,
            41,
            13,
            15,
            23,
            0,
            10
        ],
        [
            55,
            4,
            44,
            29,
            38
        ],
        [
            28,
            14,
            9,
            27,
            10,
            44
        ],
        [
            22,
            47,
            37,
            43,
            53
        ],
        [
            31,
            6,
            51
        ],
        [
            54,
            26,
            8,
            33
        ],
        [
            47,
            15,
            32,
            7,
            36
        ],
        [
            52,
            17,
            49,
            9,
            1
        ],
        [
            47,
            2,
            2,
            5,
            34
        ],
        [
            45,
            19,
            8,
            51,
            35,
            37
        ],
        [
            36,
            46
        ],
        [
            20,
            30,
            21,
            41,
            8,
            22,
            44
        ],
        [
            7,
            30
        ],
        [
            32,
            34,
            16,
            11,
            11,
            46,
            50,
            14,
            36,
            51,
            40
        ],
        [
            12,
            16,
            34,
            45
        ],
        [
            26,
            49,
            49,
            23,
            4
        ],
        [
            6,
            19,
            39
        ],
        [
            45,
            24,
            12,
            36,
            24
        ],
        [
            12,
            42,
            52,
            29,
            45,
            4,
            18
        ],
        [
            19,
            39,
            0,
            6,
            54,
            22,
            32,
            47,
            46,
            0,
            32
        ],
        [
            13,
            55,
            43,
            50
        ],
        [
            25,
            41,
            3,
            28,
            38,
            50,
            53
        ],
        [
            42,
            35,
            26,
            48,
            51,
            1,
            23,
            50
        ]
    ],
    "matching": {
        "0": 3,
        "1": 1,
        "2": 3,
        "3": 0,
        "4": 1,
        "5": 4,
        "6": 0,
        "7": 0,
        "8": 2,
        "9": 1,
        "10": 1,
        "11": 4,
        "12": 1,
        "13": 4,
        "14": 1,
        "15": 4,
        "16": 0,
        "17": 3,
        "18": 2,
        "19": 4,
        "20": 1,
        "21": 2,
        "22": 1,
        "23": 4,
        "24": 1,
        "25": 2,
        "26": 1,
        "27": 4,
        "28": 4,
        "29": 0,
        "30": 3,
        "31": 3,
        "32": 1,
        "33": 4,
        "34": 0,
        "35": 2,
        "36": 0,
        "37": 3,
        "38": 2,
        "39": 2,
        "40": 4,
        "41": 2,
        "42": 1,
        "43": 1,
        "44": 3,
        "45": 3,
        "46": 1,
        "47": 1,
        "48": 3,
        "49": 2,
        "50": 3,
        "51": 2,
        "52": 1,
        "53": 1,
        "54": 4,
        "55": 4
    },
    "lower_bound": 51.0
}