{
    "node_types": [
        "invoice",
        "sku",
        "zone"
    ],
    "edge_types": [
        "('invoice', 'requires', 'sku')",
        "('sku', 'located_at', 'zone')",
        "('sku', 'rev_requires', 'invoice')",
        "('zone', 'rev_located_at', 'sku')"
    ],
    "num_invoices": 28,
    "num_sku": 65,
    "num_zone": 5,
    "invoices": [
        [
            14,
            33,
            59,
            5,
            18
        ],
        [
            10,
            0,
            7,
            24,
            14,
            36,
            34,
            62,
            7,
            38
        ],
        [
            43,
            40,
            58,
            58,
            49,
            8,
            23,
            23,
            4,
            21,
            34
        ],
        [
            19,
            52,
            54,
            44,
            14,
            30,
            63,
            2,
            28,
            6,
            15
        ],
        [
            30,
            35,
            39
        ],
        [
            64,
            2,
            58,
            21,
            50
        ],
        [
            1,
            62,
            32,
            27
        ],
        [
            3,
            24,
            38,
            35,
            12,
            37,
            33,
            13
        ],
        [
            52,
            56,
            60,
            46,
            25,
            4,
            51
        ],
        [
            26,
            39,
            1,
            13,
            26
        ],
        [
            31,
            47,
            59,
            27,
            59,
            15,
            47,
            10,
            25,
            50,
            12
        ],
        [
            50,
            37,
            62,
            36,
            43,
            11,
            53,
            55,
            37,
            9
        ],
        [
            47,
            11,
            34,
            49,
            40,
            20
        ],
        [
            24,
            57,
            48,
            3,
            25,
            32,
            10,
            49,
            46,
            18,
            34
        ],
        [
            17,
            15,
            29,
            12,
            27
        ],
        [
            17,
            48,
            60,
            25,
            63,
            35,
            22
        ],
        [
            39,
            20,
            14,
            19,
            9,
            63,
            45,
            19,
            45,
            64,
            30,
            54
        ],
        [
            6,
            41,
            1,
            20
        ],
        [
            54,
            5,
            6,
            47,
            46,
            42
        ],
        [
            31,
            2,
            9,
            22,
            58,
            0,
            42,
            21,
            54
        ],
        [
            20,
            53,
            16
        ],
        [
            56,
            18,
            16,
            61,
            5,
            44,
            45
        ],
        [
            18,
            45,
            8,
            2,
            15,
            29
        ],
        [
            41,
            13,
            24,
            38,
            23,
            62
        ],
        [
            12,
            11,
            59,
            10,
            44,
            64,
            38,
            56
        ],
        [
            28,
            11,
            33,
            61,
            40,
            42
        ],
        [
            55,
            52,
            57,
            16
        ],
        [
            57,
            4,
            46,
            7,
            52,
            16,
            30,
            29,
            8,
            51
        ]
    ],
    "matching": {
        "0": 1,
        "1": 0,
        "2": 1,
        "3": 2,
        "4": 3,
        "5": 3,
        "6": 0,
        "7": 1,
        "8": 1,
        "9": 0,
        "10": 2,
        "11": 3,
        "12": 4,
        "13": 3,
        "14": 3,
        "15": 0,
        "16": 3,
        "17": 3,
        "18": 3,
        "19": 4,
        "20": 1,
        "21": 4,
        "22": 4,
        "23": 0,
        "24": 3,
        "25": 3,
        "26": 3,
        "27": 0,
        "28": 1,
        "29": 1,
        "30": 4,
        "31": 1,
        "32": 0,
        "33": 3,
        "34": 0,
        "35": 2,
        "36": 1,
        "37": 4,
        "38": 4,
        "39": 0,
        "40": 4,
        "41": 0,
        "42": 2,
        "43": 3,
        "44": 1,
        "45": 3,
        "46": 2,
        "47": 2,
        "48": 4,
        "49": 3,
        "50": 2,
        "51": 3,
        "52": 1,
        "53": 4,
        "54": 3,
        "55": 0,
        "56": 2,
        "57": 0,
        "58": 1,
        "59": 1,
        "60": 1,
        "61": 2,
        "62": 0,
        "63": 2,
        "64": 2
    },
    "lower_bound": 48.0
}