{
    "node_types": [
        "invoice",
        "sku",
        "zone"
    ],
    "edge_types": [
        "('invoice', 'requires', 'sku')",
        "('sku', 'located_at', 'zone')",
        "('sku', 'rev_requires', 'invoice')",
        "('zone', 'rev_located_at', 'sku')"
    ],
    "num_invoices": 31,
    "num_sku": 72,
    "num_zone": 5,
    "invoices": [
        [
            65,
            0,
            53,
            69,
            40,
            71,
            7,
            59,
            57,
            41,
            8,
            68,
            23
        ],
        [
            55,
            25,
            7,
            13,
            1,
            56,
            27,
            59,
            31
        ],
        [
            12,
            39,
            68,
            17
        ],
        [
            21,
            1,
            67,
            23,
            49,
            28,
            45
        ],
        [
            50,
            65,
            7,
            69,
            15,
            10
        ],
        [
            43,
            67,
            37,
            19,
            59,
            20,
            15,
            17,
            61
        ],
        [
            70,
            26,
            37,
            0,
            0,
            68,
            13
        ],
        [
            4,
            63,
            14,
            54,
            62,
            64,
            2,
            29,
            2,
            43,
            16
        ],
        [
            45,
            54,
            9,
            50,
            39,
            32,
            22,
            24
        ],
        [
            27,
            22,
            57,
            17,
            58,
            48,
            36,
            16,
            32,
            22,
            14
        ],
        [
            63,
            65,
            50,
            6,
            68,
            3
        ],
        [
            2,
            30,
            34
        ],
        [
            35,
            41,
            29,
            17,
            52,
            18,
            18,
            59
        ],
        [
            52,
            10
        ],
        [
            14,
            0,
            6,
            38,
            21,
            53
        ],
        [
            49,
            51,
            10,
            42,
            13,
            43,
            15,
            30,
            3,
            23
        ],
        [
            46,
            4,
            56,
            60,
            4,
            23,
            32,
            22
        ],
        [
            66,
            51,
            27,
            36,
            44,
            60
        ],
        [
            64,
            56,
            31,
            50,
            66,
            5,
            58
        ],
        [
            66,
            58,
            71,
            6
        ],
        [
            40,
            32,
            64,
            63,
            16
        ],
        [
            61,
            34,
            55,
            46,
            2,
            60
        ],
        [
            49,
            65,
            52,
            24,
            38,
            66,
            11,
            4,
            45,
            41
        ],
        [
            8,
            41,
            39,
            28
        ],
        [
            5,
            67,
            70,
            14,
            48
        ],
        [
            56,
            7,
            26,
            47,
            51,
            34,
            44
        ],
        [
            31,
            8,
            43,
            70,
            60,
            53,
            16
        ],
        [
            62,
            20,
            30,
            44,
            35,
            18,
            47,
            29
        ],
        [
            19,
            49,
            33,
            67,
            18,
            42,
            12,
            24,
            8,
            69,
            71,
            31,
            33
        ],
        [
            9,
            38,
            38,
            70,
            27,
            28,
            34,
            48
        ],
        [
            25,
            69,
            11,
            3,
            44,
            39,
            55
        ]
    ],
    "matching": {
        "0": 1,
        "1": 2,
        "2": 1,
        "3": 4,
        "4": 2,
        "5": 4,
        "6": 1,
        "7": 4,
        "8": 2,
        "9": 3,
        "10": 2,
        "11": 4,
        "12": 0,
        "13": 2,
        "14": 1,
        "15": 2,
        "16": 3,
        "17": 1,
        "18": 1,
        "19": 3,
        "20": 2,
        "21": 2,
        "22": 3,
        "23": 2,
        "24": 3,
        "25": 4,
        "26": 0,
        "27": 1,
        "28": 1,
        "29": 2,
        "30": 2,
        "31": 3,
        "32": 1,
        "33": 1,
        "34": 2,
        "35": 2,
        "36": 4,
        "37": 4,
        "38": 3,
        "39": 0,
        "40": 2,
        "41": 0,
        "42": 0,
        "43": 0,
        "44": 0,
        "45": 1,
        "46": 1,
        "47": 0,
        "48": 1,
        "49": 4,
        "50": 2,
        "51": 0,
        "52": 0,
        "53": 3,
        "54": 2,
        "55": 3,
        "56": 1,
        "57": 4,
        "58": 1,
        "59": 3,
        "60": 2,
        "61": 4,
        "62": 4,
        "63": 3,
        "64": 4,
        "65": 0,
        "66": 4,
        "67": 4,
        "68": 4,
        "69": 0,
        "70": 1,
        "71": 3
    },
    "lower_bound": 51.0
}