{
    "node_types": [
        "invoice",
        "sku",
        "zone"
    ],
    "edge_types": [
        "('invoice', 'requires', 'sku')",
        "('sku', 'located_at', 'zone')",
        "('sku', 'rev_requires', 'invoice')",
        "('zone', 'rev_located_at', 'sku')"
    ],
    "num_invoices": 27,
    "num_sku": 72,
    "num_zone": 5,
    "invoices": [
        [
            29,
            44,
            66,
            2,
            60,
            36
        ],
        [
            50,
            67,
            41,
            21,
            56,
            3,
            47,
            11,
            56,
            12,
            57,
            32,
            52,
            34
        ],
        [
            48,
            36,
            62,
            8,
            62,
            8,
            48,
            68
        ],
        [
            20,
            11,
            17,
            59,
            71,
            25
        ],
        [
            56,
            40,
            44,
            45,
            57,
            20,
            17,
            46,
            47,
            69
        ],
        [
            67,
            1,
            48,
            20,
            15,
            58,
            3,
            13
        ],
        [
            46,
            70,
            5,
            7,
            0,
            12,
            64,
            50,
            33,
            8,
            27,
            64
        ],
        [
            10,
            60,
            67,
            19,
            53,
            16,
            48,
            54,
            16
        ],
        [
            51,
            38,
            68,
            71,
            37,
            7
        ],
        [
            37,
            31,
            66,
            65,
            17,
            14
        ],
        [
            61,
            3,
            24,
            7,
            15,
            32,
            18,
            27,
            4,
            22,
            2
        ],
        [
            31,
            10,
            21,
            6,
            69
        ],
        [
            23,
            26,
            62,
            28,
            18,
            40,
            19
        ],
        [
            23,
            6,
            25,
            12,
            30,
            24,
            25,
            66,
            69
        ],
        [
            10,
            65,
            61,
            61,
            43,
            45,
            15,
            54,
            29
        ],
        [
            62,
            33,
            13,
            49,
            9,
            13,
            35
        ],
        [
            70,
            35,
            38,
            42,
            19
        ],
        [
            42,
            59,
            60,
            21,
            17,
            71,
            63,
            27
        ],
        [
            4,
            65,
            69,
            31,
            14,
            51,
            13
        ],
        [
            56,
            55,
            2,
            49,
            11,
            26,
            34,
            39
        ],
        [
            39,
            35,
            33,
            1,
            53,
            50
        ],
        [
            29,
            28,
            5,
            1
        ],
        [
            46,
            55,
            18,
            66,
            43,
            5,
            2,
            59
        ],
        [
            64,
            51,
            0,
            6,
            29,
            39,
            3,
            0,
            22,
            30
        ],
        [
            12,
            5,
            47,
            44,
            58,
            35,
            26,
            41,
            10
        ],
        [
            36,
            64,
            30,
            14,
            52,
            63,
            41,
            45,
            60
        ],
        [
            14,
            22,
            54,
            54,
            18,
            58,
            43,
            9
        ]
    ],
    "matching": {
        "0": 4,
        "1": 4,
        "2": 0,
        "3": 2,
        "4": 2,
        "5": 0,
        "6": 1,
        "7": 2,
        "8": 1,
        "9": 3,
        "10": 3,
        "11": 3,
        "12": 1,
        "13": 2,
        "14": 0,
        "15": 1,
        "16": 0,
        "17": 4,
        "18": 1,
        "19": 1,
        "20": 3,
        "21": 3,
        "22": 0,
        "23": 0,
        "24": 4,
        "25": 3,
        "26": 2,
        "27": 0,
        "28": 2,
        "29": 4,
        "30": 4,
        "31": 1,
        "32": 2,
        "33": 4,
        "34": 0,
        "35": 2,
        "36": 3,
        "37": 3,
        "38": 0,
        "39": 2,
        "40": 3,
        "41": 3,
        "42": 0,
        "43": 0,
        "44": 1,
        "45": 1,
        "46": 1,
        "47": 1,
        "48": 3,
        "49": 2,
        "50": 4,
        "51": 4,
        "52": 0,
        "53": 1,
        "54": 0,
        "55": 0,
        "56": 2,
        "57": 4,
        "58": 1,
        "59": 1,
        "60": 4,
        "61": 3,
        "62": 2,
        "63": 0,
        "64": 0,
        "65": 1,
        "66": 4,
        "67": 3,
        "68": 3,
        "69": 4,
        "70": 2,
        "71": 1
    },
    "lower_bound": 54.0
}