{
    "node_types": [
        "invoice",
        "sku",
        "zone"
    ],
    "edge_types": [
        "('invoice', 'requires', 'sku')",
        "('sku', 'located_at', 'zone')",
        "('sku', 'rev_requires', 'invoice')",
        "('zone', 'rev_located_at', 'sku')"
    ],
    "num_invoices": 25,
    "num_sku": 53,
    "num_zone": 5,
    "invoices": [
        [
            41,
            34,
            25,
            29,
            39,
            19,
            3,
            5
        ],
        [
            18,
            11,
            24,
            49
        ],
        [
            44,
            40,
            47,
            6,
            49,
            52,
            42,
            33
        ],
        [
            13,
            19,
            47,
            33,
            25,
            33,
            21
        ],
        [
            5,
            40,
            49,
            17,
            52,
            4
        ],
        [
            15,
            48,
            4,
            30,
            3,
            43
        ],
        [
            35,
            26,
            23,
            10,
            1,
            40
        ],
        [
            38,
            12,
            4,
            13,
            51
        ],
        [
            50,
            30,
            14,
            14,
            49
        ],
        [
            21,
            24,
            30,
            25,
            10,
            8,
            9
        ],
        [
            42,
            0,
            17,
            48,
            21,
            28,
            6
        ],
        [
            14,
            20,
            18,
            7,
            42,
            51,
            8
        ],
        [
            46,
            28,
            27,
            12
        ],
        [
            0,
            8,
            24,
            37,
            23
        ],
        [
            38,
            36,
            45,
            13,
            15,
            33
        ],
        [
            44,
            35,
            38,
            2,
            9,
            32,
            16
        ],
        [
            7,
            18,
            51,
            38,
            2,
            11,
            7,
            31,
            39,
            20,
            43
        ],
        [
            37,
            29,
            11,
            9
        ],
        [
            13,
            16,
            25,
            20,
            5,
            19
        ],
        [
            36,
            26,
            24,
            37,
            5,
            31,
            50,
            29,
            10
        ],
        [
            46,
            10,
            50,
            30,
            23,
            6,
            1,
            44,
            39,
            48,
            22
        ],
        [
            2,
            34,
            20,
            2,
            45,
            1,
            11
        ],
        [
            48,
            47,
            37,
            14
        ],
        [
            32,
            3
        ],
        [
            21,
            22,
            41,
            44,
            15,
            27,
            1
        ]
    ],
    "matching": {
        "0": 1,
        "1": 4,
        "2": 0,
        "3": 0,
        "4": 4,
        "5": 1,
        "6": 2,
        "7": 0,
        "8": 3,
        "9": 1,
        "10": 1,
        "11": 1,
        "12": 3,
        "13": 0,
        "14": 0,
        "15": 4,
        "16": 0,
        "17": 3,
        "18": 3,
        "19": 2,
        "20": 2,
        "21": 4,
        "22": 4,
        "23": 1,
        "24": 3,
        "25": 4,
        "26": 2,
        "27": 2,
        "28": 1,
        "29": 1,
        "30": 1,
        "31": 3,
        "32": 1,
        "33": 1,
        "34": 0,
        "35": 0,
        "36": 1,
        "37": 1,
        "38": 0,
        "39": 3,
        "40": 2,
        "41": 2,
        "42": 1,
        "43": 4,
        "44": 4,
        "45": 2,
        "46": 3,
        "47": 2,
        "48": 1,
        "49": 3,
        "50": 4,
        "51": 2,
        "52": 3
    },
    "lower_bound": 45.0
}