{
    "node_types": [
        "invoice",
        "sku",
        "zone"
    ],
    "edge_types": [
        "('invoice', 'requires', 'sku')",
        "('sku', 'located_at', 'zone')",
        "('sku', 'rev_requires', 'invoice')",
        "('zone', 'rev_located_at', 'sku')"
    ],
    "num_invoices": 26,
    "num_sku": 84,
    "num_zone": 5,
    "invoices": [
        [
            46,
            6,
            80,
            63,
            5,
            72,
            6,
            69,
            18,
            25,
            41,
            16
        ],
        [
            33,
            77,
            51,
            52,
            1,
            48,
            32,
            35,
            36,
            16,
            50,
            41,
            20,
            76,
            42
        ],
        [
            68,
            79,
            81,
            65,
            40,
            9,
            50,
            10
        ],
        [
            39,
            55,
            56,
            20,
            61,
            8,
            75,
            64,
            72
        ],
        [
            21,
            39,
            7,
            51,
            18,
            15,
            27,
            59,
            54
        ],
        [
            43,
            9,
            50,
            29,
            28
        ],
        [
            49,
            83,
            58,
            37,
            26,
            24,
            3,
            74
        ],
        [
            25,
            58,
            12,
            21,
            6,
            38,
            5,
            83,
            2,
            57,
            63,
            53,
            61,
            73,
            54
        ],
        [
            10,
            20,
            19,
            71,
            61,
            79,
            14,
            52,
            45,
            73,
            0,
            45,
            55
        ],
        [
            71,
            19,
            28,
            12,
            77,
            72,
            79,
            82,
            13,
            34,
            79
        ],
        [
            5,
            28,
            36,
            27,
            4,
            43,
            52,
            31,
            34
        ],
        [
            1,
            30,
            49,
            69,
            64,
            58,
            46
        ],
        [
            23,
            78,
            41,
            51,
            70,
            62,
            6,
            2
        ],
        [
            12,
            39,
            80,
            31,
            83,
            66,
            16
        ],
        [
            67,
            83,
            75,
            59,
            64,
            3,
            61
        ],
        [
            7,
            81,
            58,
            73,
            47,
            11,
            25
        ],
        [
            11,
            4,
            74,
            54,
            82,
            77,
            8,
            82,
            56
        ],
        [
            3,
            23,
            17,
            82,
            22,
            40,
            1,
            53,
            65
        ],
        [
            71,
            42,
            59,
            66,
            44,
            12,
            60,
            46,
            26,
            66
        ],
        [
            75,
            57,
            24,
            67,
            68,
            40,
            28
        ],
        [
            70,
            14,
            60,
            29,
            1,
            40,
            33,
            24,
            78,
            62
        ],
        [
            51,
            20,
            80,
            32,
            49,
            68,
            66,
            47,
            48,
            62,
            76,
            0,
            22
        ],
        [
            9,
            18,
            55,
            56,
            3,
            17
        ],
        [
            73,
            38,
            0,
            24,
            27,
            29,
            9
        ],
        [
            45,
            64,
            39,
            27,
            15,
            4,
            18,
            13,
            44,
            41,
            25,
            68,
            72
        ],
        [
            26,
            47,
            17,
            33,
            35,
            46,
            14,
            33,
            0,
            37,
            71,
            30
        ]
    ],
    "matching": {
        "0": 3,
        "1": 0,
        "2": 2,
        "3": 3,
        "4": 4,
        "5": 1,
        "6": 2,
        "7": 0,
        "8": 4,
        "9": 1,
        "10": 3,
        "11": 0,
        "12": 0,
        "13": 2,
        "14": 4,
        "15": 4,
        "16": 0,
        "17": 4,
        "18": 3,
        "19": 2,
        "20": 3,
        "21": 3,
        "22": 2,
        "23": 0,
        "24": 0,
        "25": 1,
        "26": 2,
        "27": 4,
        "28": 3,
        "29": 0,
        "30": 0,
        "31": 2,
        "32": 3,
        "33": 3,
        "34": 0,
        "35": 1,
        "36": 3,
        "37": 0,
        "38": 0,
        "39": 0,
        "40": 4,
        "41": 4,
        "42": 3,
        "43": 1,
        "44": 4,
        "45": 0,
        "46": 4,
        "47": 1,
        "48": 0,
        "49": 3,
        "50": 0,
        "51": 4,
        "52": 2,
        "53": 0,
        "54": 1,
        "55": 2,
        "56": 3,
        "57": 4,
        "58": 1,
        "59": 2,
        "60": 1,
        "61": 1,
        "62": 0,
        "63": 2,
        "64": 2,
        "65": 4,
        "66": 0,
        "67": 3,
        "68": 3,
        "69": 0,
        "70": 3,
        "71": 4,
        "72": 2,
        "73": 3,
        "74": 4,
        "75": 1,
        "76": 1,
        "77": 4,
        "78": 0,
        "79": 0,
        "80": 0,
        "81": 0,
        "82": 4,
        "83": 2
    },
    "lower_bound": 57.0
}