{
    "node_types": [
        "invoice",
        "sku",
        "zone"
    ],
    "edge_types": [
        "('invoice', 'requires', 'sku')",
        "('sku', 'located_at', 'zone')",
        "('sku', 'rev_requires', 'invoice')",
        "('zone', 'rev_located_at', 'sku')"
    ],
    "num_invoices": 31,
    "num_sku": 100,
    "num_zone": 5,
    "invoices": [
        [
            14,
            75,
            71,
            7,
            45,
            11
        ],
        [
            86,
            3,
            78,
            50,
            41,
            82,
            61,
            97,
            27,
            91
        ],
        [
            97,
            79,
            74,
            20,
            21,
            38,
            29,
            4
        ],
        [
            80,
            43,
            14,
            40,
            49,
            64,
            60,
            97,
            94,
            36,
            2,
            61
        ],
        [
            29,
            47,
            62,
            91,
            51,
            98,
            49,
            34,
            23
        ],
        [
            27,
            95,
            30,
            98,
            70,
            22
        ],
        [
            32,
            73,
            47,
            44,
            60,
            21,
            24,
            0,
            39
        ],
        [
            22,
            37,
            76,
            93,
            36,
            9,
            95,
            4,
            77
        ],
        [
            6,
            50,
            35,
            55,
            18,
            36
        ],
        [
            24,
            2,
            24,
            5,
            76,
            93,
            3
        ],
        [
            75,
            15,
            40,
            67,
            53,
            0,
            81,
            44,
            62,
            88,
            77,
            89,
            57,
            4
        ],
        [
            43,
            99,
            57
        ],
        [
            19,
            26,
            58,
            90,
            54,
            91,
            42,
            74,
            68,
            99,
            57
        ],
        [
            45,
            34,
            59,
            12,
            91,
            80,
            72,
            63,
            99,
            31,
            60,
            15,
            31,
            70,
            44
        ],
        [
            37,
            78,
            56,
            48,
            41,
            80,
            29,
            16,
            54,
            46
        ],
        [
            16,
            48,
            82,
            92,
            7,
            52,
            18,
            13,
            8
        ],
        [
            42,
            56,
            51,
            72,
            14,
            90,
            67,
            86,
            84,
            94,
            98
        ],
        [
            72,
            63,
            70,
            84,
            20,
            60,
            79,
            85,
            96,
            94
        ],
        [
            12,
            70,
            87,
            39,
            2
        ],
        [
            32,
            83,
            40,
            92,
            53,
            25,
            88,
            55,
            9,
            65,
            10,
            59
        ],
        [
            85,
            97,
            67,
            0
        ],
        [
            66,
            26,
            87,
            69,
            37,
            67,
            73
        ],
        [
            38,
            96,
            13,
            96,
            5
        ],
        [
            50,
            1,
            79,
            71,
            71,
            37,
            17,
            66,
            45,
            2,
            46
        ],
        [
            1,
            83,
            66,
            1,
            72,
            26,
            23,
            63,
            65,
            17,
            95,
            81
        ],
        [
            38,
            34,
            10,
            73,
            27,
            69,
            68,
            25
        ],
        [
            59,
            78,
            16,
            11
        ],
        [
            76,
            78,
            83,
            87,
            8,
            84,
            59,
            19,
            55,
            86,
            27,
            9,
            22,
            87,
            20,
            96
        ],
        [
            47,
            30,
            28,
            47,
            41,
            64,
            35
        ],
        [
            33,
            73,
            33,
            77,
            51,
            89,
            20,
            50,
            15,
            63,
            4,
            28
        ],
        [
            14,
            16,
            54,
            58,
            52,
            6,
            49
        ]
    ],
    "matching": {
        "0": 1,
        "1": 4,
        "2": 0,
        "3": 1,
        "4": 1,
        "5": 4,
        "6": 2,
        "7": 4,
        "8": 3,
        "9": 3,
        "10": 0,
        "11": 3,
        "12": 3,
        "13": 2,
        "14": 0,
        "15": 0,
        "16": 4,
        "17": 1,
        "18": 3,
        "19": 4,
        "20": 3,
        "21": 0,
        "22": 3,
        "23": 2,
        "24": 1,
        "25": 1,
        "26": 1,
        "27": 3,
        "28": 3,
        "29": 1,
        "30": 0,
        "31": 0,
        "32": 2,
        "33": 3,
        "34": 1,
        "35": 3,
        "36": 4,
        "37": 3,
        "38": 3,
        "39": 4,
        "40": 3,
        "41": 1,
        "42": 4,
        "43": 0,
        "44": 2,
        "45": 0,
        "46": 3,
        "47": 3,
        "48": 3,
        "49": 4,
        "50": 2,
        "51": 1,
        "52": 2,
        "53": 2,
        "54": 3,
        "55": 1,
        "56": 2,
        "57": 1,
        "58": 3,
        "59": 3,
        "60": 2,
        "61": 2,
        "62": 1,
        "63": 1,
        "64": 0,
        "65": 3,
        "66": 1,
        "67": 4,
        "68": 4,
        "69": 0,
        "70": 4,
        "71": 1,
        "72": 2,
        "73": 2,
        "74": 0,
        "75": 3,
        "76": 4,
        "77": 0,
        "78": 2,
        "79": 2,
        "80": 0,
        "81": 3,
        "82": 4,
        "83": 0,
        "84": 1,
        "85": 3,
        "86": 3,
        "87": 3,
        "88": 4,
        "89": 4,
        "90": 3,
        "91": 4,
        "92": 4,
        "93": 2,
        "94": 1,
        "95": 2,
        "96": 4,
        "97": 2,
        "98": 4,
        "99": 3
    },
    "lower_bound": 60.0
}