{
    "node_types": [
        "invoice",
        "sku",
        "zone"
    ],
    "edge_types": [
        "('invoice', 'requires', 'sku')",
        "('sku', 'located_at', 'zone')",
        "('sku', 'rev_requires', 'invoice')",
        "('zone', 'rev_located_at', 'sku')"
    ],
    "num_invoices": 31,
    "num_sku": 94,
    "num_zone": 5,
    "invoices": [
        [
            19,
            87,
            14,
            34,
            49,
            82,
            52,
            38,
            86,
            76,
            63
        ],
        [
            7,
            29,
            83,
            90,
            61
        ],
        [
            38,
            42,
            57,
            60,
            24,
            13,
            77,
            1,
            93
        ],
        [
            40,
            19,
            7,
            11,
            24,
            31,
            52,
            50
        ],
        [
            2,
            33,
            78,
            80,
            1,
            37,
            65,
            59,
            74,
            68,
            76,
            39
        ],
        [
            73,
            87,
            0,
            64,
            27,
            5,
            64,
            31,
            86,
            80
        ],
        [
            55,
            69,
            36,
            89,
            41,
            62,
            21,
            56,
            19,
            22
        ],
        [
            93,
            51,
            56,
            35,
            76,
            30,
            87,
            39,
            52,
            67
        ],
        [
            62,
            65,
            75,
            11,
            70,
            37,
            63,
            45,
            7,
            12,
            4,
            15
        ],
        [
            7,
            29,
            25,
            20,
            79
        ],
        [
            54,
            70,
            91,
            69,
            53,
            56,
            75,
            48,
            78,
            40,
            92
        ],
        [
            42,
            88,
            72,
            16,
            89,
            73,
            71,
            46,
            53
        ],
        [
            71,
            17,
            64,
            4,
            45,
            67,
            92,
            38,
            79,
            27,
            18,
            48,
            50
        ],
        [
            57,
            92,
            69,
            74,
            72,
            42
        ],
        [
            84,
            29,
            46,
            68,
            93,
            63,
            88,
            2,
            25,
            4,
            83,
            62,
            13,
            26,
            56,
            24
        ],
        [
            52,
            39,
            36,
            12,
            33,
            21,
            81,
            44,
            91,
            43,
            39
        ],
        [
            1,
            57,
            41,
            62,
            3,
            13,
            28,
            49,
            66
        ],
        [
            13,
            26,
            55,
            72,
            88,
            38,
            35,
            10,
            37,
            65,
            86,
            54,
            43
        ],
        [
            16,
            59,
            36,
            46,
            80,
            85,
            82,
            0,
            59
        ],
        [
            41,
            0,
            30,
            82,
            32,
            74,
            33,
            73,
            31,
            34,
            85,
            23,
            86
        ],
        [
            65,
            6,
            76,
            28,
            67,
            87,
            90,
            66,
            44,
            46,
            20,
            54
        ],
        [
            4,
            19,
            34,
            34,
            54,
            48,
            77,
            58,
            60,
            61,
            55,
            8
        ],
        [
            12,
            8,
            5,
            12,
            81,
            40,
            50,
            6,
            2,
            9,
            6,
            10,
            45
        ],
        [
            9,
            27,
            0,
            48,
            18,
            32,
            16
        ],
        [
            78,
            22,
            47,
            32,
            6,
            44,
            14
        ],
        [
            67,
            69,
            58,
            77,
            37,
            35,
            51,
            85,
            74
        ],
        [
            47,
            32,
            17,
            33,
            15
        ],
        [
            2,
            89,
            79,
            68,
            57,
            88,
            28
        ],
        [
            51,
            35,
            36,
            10,
            21,
            89
        ],
        [
            83,
            20,
            3,
            28,
            8,
            40,
            8
        ],
        [
            60,
            51,
            84,
            1,
            18,
            23
        ]
    ],
    "matching": {
        "0": 0,
        "1": 0,
        "2": 1,
        "3": 2,
        "4": 4,
        "5": 0,
        "6": 2,
        "7": 4,
        "8": 0,
        "9": 4,
        "10": 3,
        "11": 0,
        "12": 1,
        "13": 2,
        "14": 4,
        "15": 3,
        "16": 1,
        "17": 2,
        "18": 1,
        "19": 1,
        "20": 1,
        "21": 0,
        "22": 4,
        "23": 1,
        "24": 4,
        "25": 1,
        "26": 3,
        "27": 3,
        "28": 0,
        "29": 2,
        "30": 0,
        "31": 1,
        "32": 1,
        "33": 0,
        "34": 1,
        "35": 4,
        "36": 1,
        "37": 1,
        "38": 3,
        "39": 1,
        "40": 0,
        "41": 0,
        "42": 0,
        "43": 4,
        "44": 1,
        "45": 4,
        "46": 0,
        "47": 3,
        "48": 2,
        "49": 4,
        "50": 3,
        "51": 2,
        "52": 4,
        "53": 1,
        "54": 4,
        "55": 3,
        "56": 1,
        "57": 1,
        "58": 3,
        "59": 0,
        "60": 4,
        "61": 3,
        "62": 1,
        "63": 3,
        "64": 4,
        "65": 0,
        "66": 1,
        "67": 2,
        "68": 3,
        "69": 2,
        "70": 0,
        "71": 3,
        "72": 0,
        "73": 3,
        "74": 1,
        "75": 0,
        "76": 3,
        "77": 1,
        "78": 2,
        "79": 0,
        "80": 4,
        "81": 1,
        "82": 3,
        "83": 0,
        "84": 1,
        "85": 4,
        "86": 4,
        "87": 1,
        "88": 3,
        "89": 0,
        "90": 4,
        "91": 2,
        "92": 2,
        "93": 2
    },
    "lower_bound": 60.0
}