{
    "node_types": [
        "invoice",
        "sku",
        "zone"
    ],
    "edge_types": [
        "('invoice', 'requires', 'sku')",
        "('sku', 'located_at', 'zone')",
        "('sku', 'rev_requires', 'invoice')",
        "('zone', 'rev_located_at', 'sku')"
    ],
    "num_invoices": 26,
    "num_sku": 76,
    "num_zone": 5,
    "invoices": [
        [
            3,
            28,
            51,
            67,
            18,
            52,
            48,
            40,
            75,
            43,
            64
        ],
        [
            16,
            74,
            1,
            28,
            33,
            42,
            9,
            8
        ],
        [
            27,
            36,
            41,
            29,
            58,
            29,
            45,
            63,
            27
        ],
        [
            0,
            56,
            55,
            22,
            22,
            48
        ],
        [
            43,
            2,
            59,
            20,
            39,
            10,
            46,
            23,
            31
        ],
        [
            65,
            55,
            57,
            13,
            33,
            8
        ],
        [
            18,
            25,
            56,
            20,
            74,
            30,
            71
        ],
        [
            46,
            38,
            62,
            70,
            65,
            46,
            38,
            67,
            11,
            24,
            22,
            36,
            72
        ],
        [
            74,
            9,
            39,
            15,
            50,
            31,
            1,
            62,
            69,
            57
        ],
        [
            54,
            5,
            25,
            26,
            75,
            1,
            18,
            69,
            36,
            37,
            24,
            42,
            60
        ],
        [
            46,
            53,
            41,
            4,
            72,
            65,
            60,
            34,
            68,
            49
        ],
        [
            39,
            66,
            58,
            57,
            24,
            7,
            13,
            35,
            8,
            25,
            62
        ],
        [
            53,
            51,
            50,
            54,
            23,
            61,
            16,
            32,
            7,
            27,
            42
        ],
        [
            6,
            35,
            14,
            19,
            47,
            2,
            23
        ],
        [
            25,
            71,
            53,
            29
        ],
        [
            50,
            33
        ],
        [
            52,
            17,
            34,
            8,
            35,
            0,
            39,
            36,
            33,
            4,
            45
        ],
        [
            34,
            14,
            19,
            67,
            1,
            47,
            18,
            73,
            71,
            13
        ],
        [
            64,
            74,
            30,
            24,
            66,
            15,
            12,
            32
        ],
        [
            64,
            61,
            16,
            3,
            5,
            42,
            75,
            10,
            12
        ],
        [
            53,
            21,
            45,
            65
        ],
        [
            23,
            44,
            49,
            19,
            66,
            63,
            6,
            50
        ],
        [
            73,
            7,
            2,
            45,
            57,
            26,
            34,
            55,
            6
        ],
        [
            70,
            2,
            49,
            20,
            51,
            40,
            61,
            21
        ],
        [
            27,
            49,
            29,
            7,
            66,
            11,
            17
        ],
        [
            62,
            51,
            68,
            28,
            59,
            37,
            55,
            44
        ]
    ],
    "matching": {
        "0": 2,
        "1": 2,
        "2": 1,
        "3": 4,
        "4": 2,
        "5": 4,
        "6": 1,
        "7": 3,
        "8": 4,
        "9": 3,
        "10": 1,
        "11": 0,
        "12": 1,
        "13": 3,
        "14": 0,
        "15": 4,
        "16": 4,
        "17": 0,
        "18": 4,
        "19": 4,
        "20": 3,
        "21": 1,
        "22": 4,
        "23": 4,
        "24": 3,
        "25": 3,
        "26": 4,
        "27": 1,
        "28": 2,
        "29": 3,
        "30": 3,
        "31": 2,
        "32": 3,
        "33": 1,
        "34": 0,
        "35": 0,
        "36": 3,
        "37": 1,
        "38": 4,
        "39": 3,
        "40": 2,
        "41": 4,
        "42": 2,
        "43": 1,
        "44": 0,
        "45": 0,
        "46": 1,
        "47": 0,
        "48": 2,
        "49": 4,
        "50": 3,
        "51": 4,
        "52": 4,
        "53": 1,
        "54": 0,
        "55": 0,
        "56": 2,
        "57": 4,
        "58": 1,
        "59": 0,
        "60": 4,
        "61": 1,
        "62": 4,
        "63": 4,
        "64": 4,
        "65": 0,
        "66": 2,
        "67": 1,
        "68": 3,
        "69": 1,
        "70": 0,
        "71": 2,
        "72": 3,
        "73": 1,
        "74": 0,
        "75": 2
    },
    "lower_bound": 51.0
}