{
    "node_types": [
        "invoice",
        "sku",
        "zone"
    ],
    "edge_types": [
        "('invoice', 'requires', 'sku')",
        "('sku', 'located_at', 'zone')",
        "('sku', 'rev_requires', 'invoice')",
        "('zone', 'rev_located_at', 'sku')"
    ],
    "num_invoices": 33,
    "num_sku": 62,
    "num_zone": 5,
    "invoices": [
        [
            3,
            31,
            9,
            5,
            7,
            8,
            33
        ],
        [
            1,
            30,
            20,
            12,
            35
        ],
        [
            39,
            23,
            25,
            50,
            6
        ],
        [
            38,
            48,
            10,
            51,
            56,
            19
        ],
        [
            54,
            47,
            37,
            29,
            53,
            37,
            20,
            60
        ],
        [
            41,
            29,
            53,
            16,
            47,
            34,
            4
        ],
        [
            21,
            37,
            47,
            55,
            21
        ],
        [
            61,
            60,
            27,
            6
        ],
        [
            30,
            39,
            5,
            59,
            46
        ],
        [
            0,
            8,
            16,
            41,
            10,
            26,
            0,
            32
        ],
        [
            51,
            35,
            29
        ],
        [
            44,
            46,
            35,
            17,
            51,
            59
        ],
        [
            25,
            23,
            26,
            38
        ],
        [
            36
        ],
        [
            9,
            45,
            30,
            61,
            21,
            11,
            23,
            9,
            22
        ],
        [
            39,
            11
        ],
        [
            9,
            1,
            38,
            21,
            55
        ],
        [
            14,
            15,
            58,
            40,
            31,
            24
        ],
        [
            41,
            39,
            28,
            7,
            29,
            2,
            33
        ],
        [
            58,
            56,
            23
        ],
        [
            2,
            44,
            55,
            40,
            36
        ],
        [
            42,
            18,
            18,
            24,
            37
        ],
        [
            1,
            3,
            19,
            32,
            60,
            8,
            14,
            10,
            46
        ],
        [
            22,
            53,
            20,
            50,
            42,
            19,
            49,
            13,
            42,
            15,
            49
        ],
        [
            50,
            31,
            53
        ],
        [
            54,
            41,
            27,
            16
        ],
        [
            40,
            17
        ],
        [
            7,
            45
        ],
        [
            33,
            19,
            8,
            33,
            12,
            51,
            34,
            32,
            38,
            11,
            57,
            13
        ],
        [
            43,
            45,
            43,
            52,
            12,
            48
        ],
        [
            14,
            24,
            28,
            10
        ],
        [
            48,
            57,
            47,
            6,
            40,
            3,
            52,
            2,
            4
        ],
        [
            48,
            28,
            54
        ]
    ],
    "matching": {
        "0": 1,
        "1": 0,
        "2": 0,
        "3": 2,
        "4": 0,
        "5": 1,
        "6": 2,
        "7": 1,
        "8": 2,
        "9": 0,
        "10": 2,
        "11": 2,
        "12": 2,
        "13": 2,
        "14": 4,
        "15": 4,
        "16": 0,
        "17": 3,
        "18": 1,
        "19": 1,
        "20": 0,
        "21": 0,
        "22": 4,
        "23": 4,
        "24": 1,
        "25": 4,
        "26": 1,
        "27": 2,
        "28": 3,
        "29": 1,
        "30": 1,
        "31": 4,
        "32": 3,
        "33": 0,
        "34": 4,
        "35": 4,
        "36": 2,
        "37": 3,
        "38": 3,
        "39": 1,
        "40": 1,
        "41": 1,
        "42": 1,
        "43": 4,
        "44": 2,
        "45": 2,
        "46": 2,
        "47": 2,
        "48": 1,
        "49": 0,
        "50": 2,
        "51": 3,
        "52": 4,
        "53": 2,
        "54": 4,
        "55": 2,
        "56": 2,
        "57": 4,
        "58": 2,
        "59": 3,
        "60": 0,
        "61": 4
    },
    "lower_bound": 48.0
}