{
    "node_types": [
        "invoice",
        "sku",
        "zone"
    ],
    "edge_types": [
        "('invoice', 'requires', 'sku')",
        "('sku', 'located_at', 'zone')",
        "('sku', 'rev_requires', 'invoice')",
        "('zone', 'rev_located_at', 'sku')"
    ],
    "num_invoices": 35,
    "num_sku": 99,
    "num_zone": 5,
    "invoices": [
        [
            77,
            71,
            44,
            44,
            26
        ],
        [
            55,
            1,
            28,
            81,
            23,
            60,
            42
        ],
        [
            14,
            92,
            70,
            12,
            62,
            93,
            76,
            89,
            37,
            35,
            3
        ],
        [
            11,
            1,
            64,
            79,
            55,
            5,
            86,
            52,
            92
        ],
        [
            77,
            38,
            33,
            64,
            84
        ],
        [
            33,
            41,
            24,
            58,
            16,
            65
        ],
        [
            19,
            35,
            39,
            50,
            13,
            11,
            44
        ],
        [
            0,
            40,
            70,
            80,
            78,
            80,
            50,
            94,
            38,
            75,
            3,
            20
        ],
        [
            63,
            75,
            55,
            57,
            56,
            13,
            82,
            52,
            41
        ],
        [
            94,
            31,
            21,
            49
        ],
        [
            40,
            23,
            53,
            67,
            75
        ],
        [
            84,
            4
        ],
        [
            37,
            18,
            78,
            54,
            44,
            67,
            35,
            98,
            49
        ],
        [
            91,
            74,
            21,
            40,
            2,
            93
        ],
        [
            83,
            78,
            40,
            12,
            4,
            52,
            58,
            55,
            2,
            19,
            69
        ],
        [
            18,
            7,
            33,
            94,
            69,
            48,
            68,
            11,
            83
        ],
        [
            74,
            1,
            41,
            68,
            87,
            42,
            10,
            48,
            92,
            9
        ],
        [
            56,
            61,
            71,
            6,
            18,
            76,
            75,
            46,
            8,
            77,
            81,
            43,
            97,
            81,
            14
        ],
        [
            24,
            77,
            87,
            46,
            14,
            66,
            46,
            43,
            96,
            90
        ],
        [
            39,
            82,
            95,
            10,
            53,
            3,
            66,
            32,
            85,
            73,
            88
        ],
        [
            90,
            18,
            51,
            34,
            16,
            73,
            19,
            7,
            45,
            88,
            17,
            48
        ],
        [
            79,
            89,
            68,
            17,
            39,
            25,
            84,
            23,
            69,
            63,
            56,
            97,
            59,
            91,
            29,
            5,
            79
        ],
        [
            68,
            48,
            51,
            64,
            88,
            59,
            22,
            24,
            90,
            6,
            79,
            28,
            76
        ],
        [
            70,
            43,
            57,
            20,
            70,
            71,
            90
        ],
        [
            34,
            15,
            63,
            42,
            10,
            54,
            19,
            36
        ],
        [
            87,
            34,
            1,
            45,
            5,
            60,
            27,
            95,
            59,
            16,
            36,
            96,
            2,
            12
        ],
        [
            60,
            15,
            72,
            53,
            8,
            30,
            94,
            83,
            76,
            29,
            39,
            49
        ],
        [
            92,
            56,
            96,
            34,
            12,
            26,
            86,
            30,
            47
        ],
        [
            66,
            54,
            6,
            9,
            93,
            14,
            25,
            91,
            30,
            26
        ],
        [
            31,
            38,
            97,
            95,
            43,
            91,
            20,
            29
        ],
        [
            60,
            25,
            2,
            36,
            85,
            85,
            46
        ],
        [
            27,
            59,
            97,
            0,
            35,
            82,
            58,
            62,
            22,
            47
        ],
        [
            49,
            7,
            29,
            24,
            67,
            95,
            85
        ],
        [
            32,
            3,
            72,
            52,
            74,
            74,
            98,
            65
        ],
        [
            78,
            72,
            81,
            61,
            6,
            33,
            26
        ]
    ],
    "matching": {
        "0": 1,
        "1": 2,
        "2": 3,
        "3": 1,
        "4": 2,
        "5": 0,
        "6": 0,
        "7": 1,
        "8": 0,
        "9": 0,
        "10": 4,
        "11": 3,
        "12": 3,
        "13": 4,
        "14": 4,
        "15": 1,
        "16": 1,
        "17": 3,
        "18": 1,
        "19": 4,
        "20": 2,
        "21": 1,
        "22": 0,
        "23": 0,
        "24": 0,
        "25": 3,
        "26": 1,
        "27": 1,
        "28": 0,
        "29": 4,
        "30": 1,
        "31": 1,
        "32": 4,
        "33": 3,
        "34": 4,
        "35": 1,
        "36": 4,
        "37": 4,
        "38": 2,
        "39": 2,
        "40": 0,
        "41": 0,
        "42": 1,
        "43": 0,
        "44": 4,
        "45": 3,
        "46": 3,
        "47": 2,
        "48": 4,
        "49": 3,
        "50": 3,
        "51": 2,
        "52": 4,
        "53": 3,
        "54": 4,
        "55": 0,
        "56": 3,
        "57": 2,
        "58": 2,
        "59": 0,
        "60": 2,
        "61": 1,
        "62": 0,
        "63": 0,
        "64": 4,
        "65": 2,
        "66": 0,
        "67": 1,
        "68": 4,
        "69": 4,
        "70": 4,
        "71": 2,
        "72": 1,
        "73": 4,
        "74": 1,
        "75": 2,
        "76": 2,
        "77": 0,
        "78": 2,
        "79": 3,
        "80": 4,
        "81": 1,
        "82": 3,
        "83": 4,
        "84": 2,
        "85": 4,
        "86": 3,
        "87": 1,
        "88": 0,
        "89": 4,
        "90": 1,
        "91": 3,
        "92": 3,
        "93": 0,
        "94": 3,
        "95": 4,
        "96": 1,
        "97": 3,
        "98": 3
    },
    "lower_bound": 63.0
}