{
    "node_types": [
        "invoice",
        "sku",
        "zone"
    ],
    "edge_types": [
        "('invoice', 'requires', 'sku')",
        "('sku', 'located_at', 'zone')",
        "('sku', 'rev_requires', 'invoice')",
        "('zone', 'rev_located_at', 'sku')"
    ],
    "num_invoices": 33,
    "num_sku": 99,
    "num_zone": 5,
    "invoices": [
        [
            93,
            53,
            13,
            98,
            60,
            47,
            34,
            44,
            80,
            96,
            18,
            48,
            42,
            83,
            73,
            15,
            8
        ],
        [
            87,
            86,
            23,
            51,
            28,
            41,
            83,
            12
        ],
        [
            33,
            96,
            77,
            4,
            75,
            64,
            14,
            60
        ],
        [
            64,
            71,
            16,
            44
        ],
        [
            2,
            88,
            46,
            79,
            24,
            11,
            90
        ],
        [
            50,
            39,
            36,
            87,
            91,
            39,
            11,
            52,
            57,
            9,
            18
        ],
        [
            75,
            74,
            31,
            5,
            70,
            72,
            3,
            80
        ],
        [
            14,
            66,
            97,
            30,
            80,
            85,
            27,
            54,
            68,
            48,
            70
        ],
        [
            59,
            95,
            94,
            33,
            54,
            26,
            58,
            27,
            13,
            7,
            53,
            0,
            56
        ],
        [
            20,
            52,
            55,
            63,
            98,
            49,
            79,
            4,
            9,
            41,
            43,
            30
        ],
        [
            78,
            21,
            35,
            67,
            19,
            26,
            70,
            95
        ],
        [
            92,
            33,
            89,
            22,
            29,
            21,
            81,
            5,
            28
        ],
        [
            73,
            46,
            83,
            19,
            49,
            96,
            42
        ],
        [
            71,
            62,
            82,
            10,
            6,
            89,
            44,
            17,
            69,
            59,
            38,
            92,
            97
        ],
        [
            65,
            6,
            77,
            59,
            93,
            8
        ],
        [
            81,
            66,
            76,
            25,
            41,
            1,
            15
        ],
        [
            12,
            55,
            83,
            35,
            24,
            92,
            37,
            4,
            66,
            1,
            17,
            65,
            9,
            84
        ],
        [
            37,
            7,
            79,
            67,
            91,
            75,
            32,
            62,
            70,
            72,
            42
        ],
        [
            40,
            46,
            78,
            95,
            49,
            76
        ],
        [
            74,
            7,
            33,
            51,
            63,
            13,
            34
        ],
        [
            6,
            32,
            45,
            58,
            84,
            52,
            36,
            61,
            4,
            12
        ],
        [
            6,
            8,
            11,
            90,
            20,
            87,
            43,
            77,
            30,
            30,
            43,
            61,
            68,
            90,
            45,
            34,
            14,
            97
        ],
        [
            2,
            78,
            73,
            28,
            56,
            51,
            21,
            66,
            93,
            85
        ],
        [
            45,
            88,
            82,
            44,
            15,
            26,
            10
        ],
        [
            77,
            51
        ],
        [
            78,
            67,
            73,
            11,
            3,
            9,
            8,
            85,
            16
        ],
        [
            14,
            38,
            27
        ],
        [
            61,
            27,
            3,
            39,
            48,
            29,
            87,
            60,
            79
        ],
        [
            59,
            76,
            43,
            31,
            23,
            29,
            69,
            67,
            82,
            5,
            12,
            96,
            91
        ],
        [
            25,
            74,
            95,
            23,
            23,
            34,
            86,
            46,
            50,
            91,
            98
        ],
        [
            86,
            94,
            61,
            62,
            16
        ],
        [
            7,
            57,
            41,
            1,
            81,
            81,
            47,
            55,
            1,
            62,
            65,
            55
        ],
        [
            40,
            82,
            20,
            65,
            36,
            22,
            49,
            0,
            16
        ]
    ],
    "matching": {
        "0": 3,
        "1": 3,
        "2": 1,
        "3": 2,
        "4": 3,
        "5": 0,
        "6": 4,
        "7": 2,
        "8": 4,
        "9": 0,
        "10": 0,
        "11": 0,
        "12": 4,
        "13": 1,
        "14": 0,
        "15": 4,
        "16": 1,
        "17": 2,
        "18": 1,
        "19": 4,
        "20": 3,
        "21": 4,
        "22": 1,
        "23": 0,
        "24": 0,
        "25": 4,
        "26": 3,
        "27": 0,
        "28": 1,
        "29": 3,
        "30": 2,
        "31": 3,
        "32": 3,
        "33": 0,
        "34": 0,
        "35": 1,
        "36": 1,
        "37": 2,
        "38": 4,
        "39": 0,
        "40": 2,
        "41": 1,
        "42": 4,
        "43": 3,
        "44": 4,
        "45": 2,
        "46": 4,
        "47": 0,
        "48": 1,
        "49": 3,
        "50": 1,
        "51": 2,
        "52": 4,
        "53": 3,
        "54": 1,
        "55": 0,
        "56": 1,
        "57": 4,
        "58": 0,
        "59": 1,
        "60": 4,
        "61": 2,
        "62": 3,
        "63": 3,
        "64": 3,
        "65": 2,
        "66": 2,
        "67": 3,
        "68": 3,
        "69": 0,
        "70": 0,
        "71": 1,
        "72": 3,
        "73": 4,
        "74": 0,
        "75": 0,
        "76": 2,
        "77": 1,
        "78": 1,
        "79": 3,
        "80": 0,
        "81": 2,
        "82": 2,
        "83": 4,
        "84": 3,
        "85": 3,
        "86": 1,
        "87": 3,
        "88": 2,
        "89": 2,
        "90": 1,
        "91": 1,
        "92": 1,
        "93": 0,
        "94": 4,
        "95": 1,
        "96": 1,
        "97": 1,
        "98": 3
    },
    "lower_bound": 66.0
}