{
    "node_types": [
        "invoice",
        "sku",
        "zone"
    ],
    "edge_types": [
        "('invoice', 'requires', 'sku')",
        "('sku', 'located_at', 'zone')",
        "('sku', 'rev_requires', 'invoice')",
        "('zone', 'rev_located_at', 'sku')"
    ],
    "num_invoices": 33,
    "num_sku": 66,
    "num_zone": 5,
    "invoices": [
        [
            39,
            51
        ],
        [
            54,
            48,
            18,
            27,
            31,
            31
        ],
        [
            25,
            32,
            19
        ],
        [
            29,
            25,
            40,
            34,
            65,
            36,
            26,
            48,
            61,
            63
        ],
        [
            34,
            53,
            22
        ],
        [
            3,
            56,
            11,
            37,
            12,
            47
        ],
        [
            31,
            39,
            7,
            59,
            50
        ],
        [
            30,
            38,
            35,
            20,
            27,
            37,
            25,
            8,
            11
        ],
        [
            18,
            28,
            33,
            33,
            54
        ],
        [
            9,
            39,
            55,
            48
        ],
        [
            36,
            13,
            26,
            39
        ],
        [
            36,
            46,
            30,
            57,
            50,
            9,
            58
        ],
        [
            29,
            26,
            43,
            13,
            2,
            21,
            4,
            54,
            51
        ],
        [
            45,
            49,
            64,
            41,
            2
        ],
        [
            63,
            12,
            24,
            34,
            3,
            13,
            14
        ],
        [
            13,
            24,
            44,
            1,
            63,
            57,
            65
        ],
        [
            21,
            7,
            2,
            28,
            46
        ],
        [
            24,
            19,
            61,
            48,
            23,
            38,
            40,
            52,
            51
        ],
        [
            4,
            1,
            57,
            16,
            10
        ],
        [
            6,
            65,
            26,
            33,
            41,
            42
        ],
        [
            43,
            65,
            49,
            60,
            52,
            16,
            53
        ],
        [
            28,
            0,
            22,
            0,
            55
        ],
        [
            23,
            56,
            17,
            19
        ],
        [
            15,
            17,
            56,
            29,
            41
        ],
        [
            12,
            10,
            35,
            59,
            22
        ],
        [
            64,
            30,
            8
        ],
        [
            32,
            22,
            1,
            34,
            58,
            61,
            59
        ],
        [
            57,
            62,
            7,
            40,
            40,
            32
        ],
        [
            64,
            5,
            58,
            42
        ],
        [
            46,
            9,
            45,
            62,
            37,
            50,
            36,
            7,
            17
        ],
        [
            15,
            30,
            14,
            5,
            3,
            44
        ],
        [
            20,
            29,
            47,
            3,
            12,
            44,
            41,
            54,
            60,
            6,
            31
        ],
        [
            42,
            35,
            11,
            59,
            58
        ]
    ],
    "matching": {
        "0": 0,
        "1": 4,
        "2": 2,
        "3": 3,
        "4": 4,
        "5": 0,
        "6": 4,
        "7": 3,
        "8": 1,
        "9": 4,
        "10": 1,
        "11": 1,
        "12": 0,
        "13": 1,
        "14": 3,
        "15": 2,
        "16": 3,
        "17": 4,
        "18": 3,
        "19": 0,
        "20": 2,
        "21": 2,
        "22": 1,
        "23": 2,
        "24": 0,
        "25": 0,
        "26": 1,
        "27": 4,
        "28": 1,
        "29": 4,
        "30": 3,
        "31": 3,
        "32": 0,
        "33": 4,
        "34": 1,
        "35": 4,
        "36": 0,
        "37": 3,
        "38": 1,
        "39": 2,
        "40": 3,
        "41": 4,
        "42": 3,
        "43": 1,
        "44": 0,
        "45": 4,
        "46": 4,
        "47": 1,
        "48": 3,
        "49": 2,
        "50": 2,
        "51": 3,
        "52": 0,
        "53": 1,
        "54": 4,
        "55": 3,
        "56": 1,
        "57": 0,
        "58": 3,
        "59": 1,
        "60": 1,
        "61": 0,
        "62": 0,
        "63": 3,
        "64": 1,
        "65": 0
    },
    "lower_bound": 45.0
}