{
    "node_types": [
        "invoice",
        "sku",
        "zone"
    ],
    "edge_types": [
        "('invoice', 'requires', 'sku')",
        "('sku', 'located_at', 'zone')",
        "('sku', 'rev_requires', 'invoice')",
        "('zone', 'rev_located_at', 'sku')"
    ],
    "num_invoices": 34,
    "num_sku": 58,
    "num_zone": 5,
    "invoices": [
        [
            34,
            35,
            2,
            16
        ],
        [
            6,
            29,
            17,
            39,
            16,
            34,
            46,
            13
        ],
        [
            57,
            23,
            11,
            37
        ],
        [
            19,
            9,
            45
        ],
        [
            8,
            31,
            37,
            43
        ],
        [
            7,
            43,
            4
        ],
        [
            7,
            55,
            4,
            22,
            48,
            11,
            15,
            53,
            41,
            17,
            19
        ],
        [
            36,
            26,
            12,
            35,
            27,
            28,
            41,
            9,
            55
        ],
        [
            25,
            38,
            40,
            27,
            16,
            0,
            51,
            20,
            39
        ],
        [
            47,
            42,
            1,
            30,
            4,
            9,
            1,
            46,
            22,
            30
        ],
        [
            24,
            1,
            15
        ],
        [
            1,
            35,
            3,
            16,
            2,
            50,
            24
        ],
        [
            13,
            56,
            38
        ],
        [
            31,
            39,
            11,
            28
        ],
        [
            55,
            8,
            6,
            18
        ],
        [
            42,
            29,
            29,
            36,
            0,
            19,
            52
        ],
        [
            25,
            21,
            9,
            55,
            49,
            27,
            50
        ],
        [
            7,
            25,
            54,
            40,
            48,
            32,
            31,
            52,
            25
        ],
        [
            46,
            33,
            54,
            28,
            10
        ],
        [
            44,
            12
        ],
        [
            42,
            47
        ],
        [
            38,
            29,
            5,
            48,
            5
        ],
        [
            44,
            52,
            32
        ],
        [
            48,
            21,
            57,
            33,
            37,
            54,
            2
        ],
        [
            30,
            47,
            30,
            0,
            18
        ],
        [
            4,
            14,
            50,
            28,
            26,
            10
        ],
        [
            53
        ],
        [
            20,
            5,
            38,
            6
        ],
        [
            24,
            8,
            14,
            49,
            21,
            21
        ],
        [
            56,
            5,
            40,
            52,
            20,
            20
        ],
        [
            15,
            18,
            51,
            23,
            54
        ],
        [
            39,
            13,
            14,
            45
        ],
        [
            14,
            10,
            53,
            0,
            35,
            15,
            18
        ],
        [
            3,
            11,
            41
        ]
    ],
    "matching": {
        "0": 4,
        "1": 0,
        "2": 0,
        "3": 3,
        "4": 1,
        "5": 4,
        "6": 2,
        "7": 4,
        "8": 3,
        "9": 2,
        "10": 0,
        "11": 0,
        "12": 4,
        "13": 3,
        "14": 4,
        "15": 0,
        "16": 4,
        "17": 1,
        "18": 0,
        "19": 3,
        "20": 1,
        "21": 4,
        "22": 3,
        "23": 0,
        "24": 1,
        "25": 3,
        "26": 4,
        "27": 0,
        "28": 0,
        "29": 1,
        "30": 3,
        "31": 2,
        "32": 3,
        "33": 3,
        "34": 0,
        "35": 3,
        "36": 4,
        "37": 0,
        "38": 3,
        "39": 4,
        "40": 2,
        "41": 2,
        "42": 1,
        "43": 1,
        "44": 1,
        "45": 2,
        "46": 4,
        "47": 4,
        "48": 0,
        "49": 1,
        "50": 4,
        "51": 0,
        "52": 4,
        "53": 4,
        "54": 2,
        "55": 3,
        "56": 3,
        "57": 1
    },
    "lower_bound": 45.0
}