{
    "node_types": [
        "invoice",
        "sku",
        "zone"
    ],
    "edge_types": [
        "('invoice', 'requires', 'sku')",
        "('sku', 'located_at', 'zone')",
        "('sku', 'rev_requires', 'invoice')",
        "('zone', 'rev_located_at', 'sku')"
    ],
    "num_invoices": 32,
    "num_sku": 55,
    "num_zone": 5,
    "invoices": [
        [
            50,
            54
        ],
        [
            28,
            2,
            14,
            50
        ],
        [
            33,
            40,
            0,
            49,
            4,
            4
        ],
        [
            1,
            18,
            29,
            17,
            10,
            22,
            11,
            49,
            9
        ],
        [
            31,
            53,
            41
        ],
        [
            15,
            6,
            40,
            25
        ],
        [
            47,
            25,
            41,
            30,
            47
        ],
        [
            5,
            52,
            47
        ],
        [
            39,
            8,
            6,
            42,
            37,
            34,
            38
        ],
        [
            43,
            10,
            16,
            28,
            7,
            1,
            50
        ],
        [
            13,
            5,
            21
        ],
        [
            32,
            22,
            20,
            53
        ],
        [
            34,
            19,
            33,
            16,
            25,
            26,
            50,
            9,
            42,
            21
        ],
        [
            32,
            54,
            8,
            46,
            22
        ],
        [
            13,
            36,
            5,
            51,
            11,
            10,
            16,
            45
        ],
        [
            15,
            17,
            52,
            46,
            39
        ],
        [
            33,
            51,
            52,
            44,
            12,
            12
        ],
        [
            27,
            9,
            24
        ],
        [
            45,
            17,
            24,
            48,
            35,
            40
        ],
        [
            45,
            26,
            23,
            4,
            19,
            36,
            44,
            1
        ],
        [
            30,
            0,
            0,
            51,
            12,
            13,
            25
        ],
        [
            44,
            18,
            2,
            21,
            11,
            12
        ],
        [
            7,
            35
        ],
        [
            14,
            20
        ],
        [
            16,
            54,
            6,
            27
        ],
        [
            3,
            19,
            36,
            20,
            38
        ],
        [
            34,
            6,
            21
        ],
        [
            38,
            3,
            28,
            46
        ],
        [
            43,
            28,
            40,
            49,
            29
        ],
        [
            7,
            19,
            33,
            23,
            31,
            34,
            39
        ],
        [
            8,
            45,
            48,
            18,
            36
        ],
        [
            49,
            42,
            38,
            37,
            39
        ]
    ],
    "matching": {
        "0": 3,
        "1": 3,
        "2": 3,
        "3": 1,
        "4": 4,
        "5": 4,
        "6": 4,
        "7": 1,
        "8": 4,
        "9": 3,
        "10": 2,
        "11": 1,
        "12": 3,
        "13": 3,
        "14": 2,
        "15": 0,
        "16": 0,
        "17": 4,
        "18": 3,
        "19": 2,
        "20": 4,
        "21": 0,
        "22": 0,
        "23": 0,
        "24": 4,
        "25": 0,
        "26": 3,
        "27": 1,
        "28": 3,
        "29": 4,
        "30": 2,
        "31": 4,
        "32": 4,
        "33": 3,
        "34": 3,
        "35": 3,
        "36": 0,
        "37": 0,
        "38": 3,
        "39": 2,
        "40": 0,
        "41": 2,
        "42": 4,
        "43": 3,
        "44": 2,
        "45": 1,
        "46": 3,
        "47": 2,
        "48": 1,
        "49": 0,
        "50": 1,
        "51": 4,
        "52": 3,
        "53": 4,
        "54": 1
    },
    "lower_bound": 42.0
}