{
    "node_types": [
        "invoice",
        "sku",
        "zone"
    ],
    "edge_types": [
        "('invoice', 'requires', 'sku')",
        "('sku', 'located_at', 'zone')",
        "('sku', 'rev_requires', 'invoice')",
        "('zone', 'rev_located_at', 'sku')"
    ],
    "num_invoices": 28,
    "num_sku": 50,
    "num_zone": 5,
    "invoices": [
        [
            25,
            49,
            31,
            33,
            35,
            16
        ],
        [
            9,
            4,
            20,
            12,
            37
        ],
        [
            7,
            8,
            40,
            23,
            19,
            29,
            24,
            30
        ],
        [
            3,
            41,
            0,
            35,
            7,
            23
        ],
        [
            22,
            32,
            11
        ],
        [
            44,
            36,
            28,
            4,
            24,
            38
        ],
        [
            21,
            3,
            0,
            30,
            12
        ],
        [
            45,
            24,
            25,
            1
        ],
        [
            41,
            45,
            20
        ],
        [
            21,
            28,
            21,
            49,
            30,
            34,
            46,
            36,
            27,
            24
        ],
        [
            19
        ],
        [
            23,
            39,
            25,
            45,
            26,
            42
        ],
        [
            21,
            18,
            31
        ],
        [
            19,
            44,
            31,
            34,
            45,
            42
        ],
        [
            42,
            49,
            47,
            10,
            10,
            43
        ],
        [
            6,
            6,
            20,
            2,
            31,
            12,
            27,
            16
        ],
        [
            26,
            40,
            40,
            33,
            3
        ],
        [
            11,
            0,
            42,
            22,
            41
        ],
        [
            22,
            33
        ],
        [
            1,
            36,
            38,
            0,
            32
        ],
        [
            3,
            19,
            13,
            15
        ],
        [
            5,
            23,
            5,
            43
        ],
        [
            39,
            14
        ],
        [
            47,
            17,
            22,
            48,
            18,
            13,
            8
        ],
        [
            32,
            38,
            38,
            29,
            34
        ],
        [
            43,
            44,
            40
        ],
        [
            48,
            20,
            15,
            37,
            46,
            37
        ],
        [
            17,
            14,
            9,
            2,
            16,
            33
        ]
    ],
    "matching": {
        "0": 2,
        "1": 3,
        "2": 0,
        "3": 1,
        "4": 2,
        "5": 2,
        "6": 3,
        "7": 3,
        "8": 3,
        "9": 0,
        "10": 3,
        "11": 1,
        "12": 0,
        "13": 0,
        "14": 0,
        "15": 4,
        "16": 0,
        "17": 4,
        "18": 1,
        "19": 1,
        "20": 0,
        "21": 2,
        "22": 3,
        "23": 3,
        "24": 0,
        "25": 1,
        "26": 1,
        "27": 3,
        "28": 4,
        "29": 0,
        "30": 0,
        "31": 0,
        "32": 0,
        "33": 3,
        "34": 2,
        "35": 3,
        "36": 3,
        "37": 0,
        "38": 3,
        "39": 1,
        "40": 1,
        "41": 0,
        "42": 0,
        "43": 4,
        "44": 0,
        "45": 4,
        "46": 2,
        "47": 4,
        "48": 1,
        "49": 4
    },
    "lower_bound": 42.0
}