{
    "node_types": [
        "invoice",
        "sku",
        "zone"
    ],
    "edge_types": [
        "('invoice', 'requires', 'sku')",
        "('sku', 'located_at', 'zone')",
        "('sku', 'rev_requires', 'invoice')",
        "('zone', 'rev_located_at', 'sku')"
    ],
    "num_invoices": 26,
    "num_sku": 89,
    "num_zone": 5,
    "invoices": [
        [
            88,
            43,
            71,
            77,
            81,
            61,
            23,
            8,
            65,
            86,
            59,
            33,
            46,
            39,
            66
        ],
        [
            46,
            66,
            80,
            19,
            71,
            57
        ],
        [
            49,
            75,
            38,
            41,
            45,
            57,
            17,
            11,
            5
        ],
        [
            8,
            5,
            29,
            68,
            13,
            63,
            17
        ],
        [
            1,
            72,
            83,
            21,
            2,
            28,
            44,
            62,
            83,
            0
        ],
        [
            13,
            65,
            72,
            68,
            21,
            8,
            64,
            42
        ],
        [
            22,
            30,
            25,
            56,
            10,
            76,
            3,
            19,
            87,
            19,
            80,
            64
        ],
        [
            18,
            34,
            32,
            3,
            40,
            69,
            85,
            10,
            58,
            36,
            22,
            73
        ],
        [
            6,
            53,
            20,
            45,
            31,
            14,
            51,
            0,
            53
        ],
        [
            62,
            2,
            82,
            71,
            50,
            64,
            22,
            37,
            12
        ],
        [
            61,
            86,
            78,
            16,
            31,
            14,
            52,
            41,
            67,
            15,
            69
        ],
        [
            32,
            27,
            73,
            74,
            81,
            29,
            20,
            58,
            26,
            5,
            76,
            63,
            70,
            69,
            72,
            33
        ],
        [
            7,
            59,
            1,
            16,
            19,
            36,
            16,
            16
        ],
        [
            39,
            33,
            55,
            4,
            87,
            75,
            7,
            44
        ],
        [
            43,
            25,
            74,
            68,
            6,
            15,
            40,
            69,
            75,
            74,
            48
        ],
        [
            82,
            28,
            79,
            51,
            77,
            26,
            66,
            46,
            37
        ],
        [
            85,
            40,
            73,
            1,
            59,
            23,
            57,
            78,
            9,
            70,
            79,
            31,
            34
        ],
        [
            17,
            60,
            53,
            37,
            60,
            52,
            54,
            44
        ],
        [
            18,
            32,
            47,
            39,
            38,
            10,
            0,
            12,
            55,
            53,
            4,
            54,
            24,
            28,
            6,
            61,
            67
        ],
        [
            48,
            50,
            77,
            54,
            65,
            55,
            11,
            9,
            2,
            63
        ],
        [
            25,
            9,
            47,
            29,
            21,
            67,
            84,
            77,
            88,
            30
        ],
        [
            34,
            4,
            88,
            65,
            0,
            67,
            84,
            28
        ],
        [
            43,
            81,
            42,
            3,
            56,
            76,
            4,
            84,
            17,
            68,
            2
        ],
        [
            13,
            35,
            6,
            79,
            84,
            54,
            42,
            35,
            23,
            38,
            60,
            83,
            57,
            58
        ],
        [
            33,
            88,
            18,
            49,
            55,
            22,
            38,
            73,
            27,
            31
        ],
        [
            20,
            36,
            82,
            24,
            76,
            35,
            44,
            51
        ]
    ],
    "matching": {
        "0": 2,
        "1": 2,
        "2": 3,
        "3": 2,
        "4": 4,
        "5": 3,
        "6": 2,
        "7": 2,
        "8": 4,
        "9": 4,
        "10": 1,
        "11": 1,
        "12": 3,
        "13": 4,
        "14": 4,
        "15": 2,
        "16": 2,
        "17": 2,
        "18": 3,
        "19": 2,
        "20": 3,
        "21": 0,
        "22": 4,
        "23": 2,
        "24": 3,
        "25": 4,
        "26": 1,
        "27": 4,
        "28": 4,
        "29": 2,
        "30": 3,
        "31": 0,
        "32": 4,
        "33": 3,
        "34": 0,
        "35": 0,
        "36": 2,
        "37": 2,
        "38": 2,
        "39": 2,
        "40": 2,
        "41": 0,
        "42": 4,
        "43": 3,
        "44": 1,
        "45": 0,
        "46": 2,
        "47": 4,
        "48": 1,
        "49": 2,
        "50": 4,
        "51": 2,
        "52": 0,
        "53": 0,
        "54": 4,
        "55": 3,
        "56": 3,
        "57": 2,
        "58": 2,
        "59": 2,
        "60": 3,
        "61": 1,
        "62": 4,
        "63": 4,
        "64": 4,
        "65": 3,
        "66": 3,
        "67": 2,
        "68": 2,
        "69": 1,
        "70": 4,
        "71": 0,
        "72": 1,
        "73": 1,
        "74": 3,
        "75": 0,
        "76": 2,
        "77": 4,
        "78": 2,
        "79": 4,
        "80": 1,
        "81": 4,
        "82": 3,
        "83": 2,
        "84": 4,
        "85": 4,
        "86": 2,
        "87": 2,
        "88": 1
    },
    "lower_bound": 63.0
}