{
    "node_types": [
        "invoice",
        "sku",
        "zone"
    ],
    "edge_types": [
        "('invoice', 'requires', 'sku')",
        "('sku', 'located_at', 'zone')",
        "('sku', 'rev_requires', 'invoice')",
        "('zone', 'rev_located_at', 'sku')"
    ],
    "num_invoices": 30,
    "num_sku": 99,
    "num_zone": 5,
    "invoices": [
        [
            61,
            75,
            94,
            78,
            93,
            6,
            60,
            48,
            71,
            19
        ],
        [
            18,
            65,
            78,
            18,
            47,
            76,
            60,
            77,
            88,
            3,
            27
        ],
        [
            2,
            77,
            12,
            72,
            4,
            85,
            87,
            70,
            42,
            14,
            1
        ],
        [
            62,
            5,
            91,
            96,
            84,
            58,
            62,
            57,
            95,
            85,
            81,
            43,
            49
        ],
        [
            22,
            4,
            21,
            16,
            84,
            69,
            72,
            41,
            68,
            69,
            1,
            86
        ],
        [
            79,
            28,
            45,
            40,
            7,
            97,
            78,
            53
        ],
        [
            90,
            56,
            22,
            15,
            7,
            38,
            52,
            13,
            21,
            11,
            72
        ],
        [
            97,
            53,
            34,
            39,
            64,
            62
        ],
        [
            36,
            17,
            76,
            79,
            20,
            3,
            73,
            44,
            34
        ],
        [
            72,
            98,
            83,
            91,
            82,
            0,
            64
        ],
        [
            33,
            59,
            90,
            3,
            89,
            95,
            93,
            80,
            16,
            9,
            35,
            61,
            1
        ],
        [
            48,
            5,
            56,
            49,
            85,
            31,
            68
        ],
        [
            19,
            74,
            24,
            37,
            77,
            42,
            17,
            9,
            79,
            36,
            16,
            80,
            67,
            38
        ],
        [
            26,
            0,
            38,
            16,
            41,
            50
        ],
        [
            55,
            81,
            20,
            31
        ],
        [
            63,
            87,
            82,
            87,
            29,
            4
        ],
        [
            23,
            49,
            44,
            31,
            68
        ],
        [
            8,
            25,
            97,
            41,
            47,
            92,
            7,
            35,
            89,
            2,
            2,
            7,
            83,
            36
        ],
        [
            65,
            67,
            66,
            90,
            82,
            21,
            23,
            44,
            1,
            37
        ],
        [
            52,
            19,
            75,
            61,
            84,
            48,
            36,
            54,
            26,
            53,
            79
        ],
        [
            88,
            94,
            59,
            51,
            46,
            24,
            65,
            35,
            6,
            30,
            11
        ],
        [
            44,
            98,
            27,
            20,
            28,
            63,
            92,
            97,
            57
        ],
        [
            57,
            21,
            13,
            42,
            33,
            39,
            31,
            94,
            57,
            95,
            87
        ],
        [
            46,
            42,
            12,
            10,
            84,
            6,
            14,
            25,
            45,
            66,
            63,
            15,
            58
        ],
        [
            32,
            12,
            40,
            39,
            18,
            68
        ],
        [
            33,
            66,
            43,
            30,
            94,
            91,
            88,
            50,
            24,
            49,
            10,
            30
        ],
        [
            77,
            51,
            17,
            22,
            70,
            3,
            51,
            26,
            17,
            12,
            74,
            27,
            8
        ],
        [
            55,
            58,
            78,
            8,
            25,
            37,
            32,
            96,
            48,
            59,
            62
        ],
        [
            71,
            23,
            46,
            45,
            54,
            73,
            75
        ],
        [
            50,
            0,
            56,
            29,
            85,
            86,
            67,
            83,
            33,
            28,
            26,
            9,
            55
        ]
    ],
    "matching": {
        "0": 2,
        "1": 3,
        "2": 4,
        "3": 0,
        "4": 1,
        "5": 2,
        "6": 1,
        "7": 2,
        "8": 0,
        "9": 2,
        "10": 2,
        "11": 1,
        "12": 4,
        "13": 4,
        "14": 1,
        "15": 3,
        "16": 2,
        "17": 3,
        "18": 1,
        "19": 4,
        "20": 4,
        "21": 1,
        "22": 2,
        "23": 1,
        "24": 3,
        "25": 3,
        "26": 4,
        "27": 0,
        "28": 2,
        "29": 0,
        "30": 3,
        "31": 1,
        "32": 4,
        "33": 3,
        "34": 3,
        "35": 2,
        "36": 3,
        "37": 2,
        "38": 0,
        "39": 1,
        "40": 0,
        "41": 2,
        "42": 4,
        "43": 2,
        "44": 3,
        "45": 1,
        "46": 3,
        "47": 3,
        "48": 3,
        "49": 2,
        "50": 1,
        "51": 3,
        "52": 1,
        "53": 3,
        "54": 2,
        "55": 2,
        "56": 1,
        "57": 3,
        "58": 3,
        "59": 2,
        "60": 0,
        "61": 4,
        "62": 4,
        "63": 0,
        "64": 3,
        "65": 4,
        "66": 4,
        "67": 0,
        "68": 4,
        "69": 3,
        "70": 0,
        "71": 0,
        "72": 2,
        "73": 2,
        "74": 1,
        "75": 0,
        "76": 1,
        "77": 2,
        "78": 4,
        "79": 1,
        "80": 2,
        "81": 2,
        "82": 2,
        "83": 0,
        "84": 0,
        "85": 3,
        "86": 0,
        "87": 2,
        "88": 2,
        "89": 1,
        "90": 0,
        "91": 4,
        "92": 0,
        "93": 0,
        "94": 0,
        "95": 4,
        "96": 2,
        "97": 2,
        "98": 2
    },
    "lower_bound": 54.0
}