{
    "node_types": [
        "invoice",
        "sku",
        "zone"
    ],
    "edge_types": [
        "('invoice', 'requires', 'sku')",
        "('sku', 'located_at', 'zone')",
        "('sku', 'rev_requires', 'invoice')",
        "('zone', 'rev_located_at', 'sku')"
    ],
    "num_invoices": 28,
    "num_sku": 89,
    "num_zone": 5,
    "invoices": [
        [
            67,
            78,
            73,
            41,
            62,
            74
        ],
        [
            86,
            84,
            20,
            40,
            74,
            55,
            49,
            18,
            70
        ],
        [
            64,
            5,
            32,
            38,
            46,
            4,
            55
        ],
        [
            81,
            11,
            18,
            88,
            45,
            40,
            44,
            43,
            6
        ],
        [
            59,
            0,
            68,
            77,
            33,
            71,
            19,
            44,
            73
        ],
        [
            60,
            42,
            33,
            82,
            34,
            22,
            73,
            87,
            16
        ],
        [
            20,
            25,
            49,
            41,
            1,
            74,
            1,
            85,
            68,
            41,
            80,
            8,
            32
        ],
        [
            42,
            10,
            45,
            63,
            51,
            34,
            35
        ],
        [
            14,
            18,
            49,
            11,
            62,
            60,
            83,
            52,
            3,
            33,
            54
        ],
        [
            21,
            47,
            56,
            29,
            62,
            12,
            25,
            25,
            61,
            48,
            16,
            71
        ],
        [
            75,
            7,
            85,
            8,
            54,
            32
        ],
        [
            81,
            37,
            19,
            42,
            66
        ],
        [
            27,
            17,
            45,
            28,
            36,
            56,
            53,
            15
        ],
        [
            4,
            14,
            84,
            70,
            65,
            46,
            16,
            61,
            5,
            64,
            83
        ],
        [
            77,
            82,
            7,
            43,
            8,
            76,
            29,
            84,
            59,
            17,
            6
        ],
        [
            30,
            0,
            63,
            61
        ],
        [
            31,
            13,
            28
        ],
        [
            31,
            58,
            60,
            14,
            43,
            71,
            32,
            14,
            27,
            82,
            79,
            85,
            81,
            62
        ],
        [
            48,
            57,
            80,
            78,
            5,
            79,
            72,
            81,
            76,
            13,
            19,
            66,
            37,
            72
        ],
        [
            72,
            60,
            9,
            10,
            11,
            51,
            87,
            16,
            74,
            40,
            83,
            2,
            56
        ],
        [
            1,
            28,
            9,
            15,
            54,
            8,
            88,
            69,
            73
        ],
        [
            65,
            78,
            35,
            80,
            1,
            6,
            26,
            86
        ],
        [
            67,
            38,
            70,
            66,
            36,
            79,
            58,
            57,
            77,
            9,
            75
        ],
        [
            23,
            24,
            87,
            17,
            76,
            88,
            18,
            43,
            15
        ],
        [
            80,
            50,
            54,
            55,
            40,
            38,
            26,
            21,
            22,
            69,
            3,
            9
        ],
        [
            85,
            23,
            30,
            49,
            52,
            7,
            47,
            53,
            45,
            83,
            78,
            38
        ],
        [
            2,
            25
        ],
        [
            39,
            36,
            39,
            12,
            12,
            42,
            52,
            28,
            50,
            24,
            5
        ]
    ],
    "matching": {
        "0": 3,
        "1": 2,
        "2": 3,
        "3": 4,
        "4": 1,
        "5": 3,
        "6": 2,
        "7": 0,
        "8": 0,
        "9": 3,
        "10": 1,
        "11": 0,
        "12": 1,
        "13": 1,
        "14": 2,
        "15": 4,
        "16": 0,
        "17": 3,
        "18": 1,
        "19": 3,
        "20": 4,
        "21": 2,
        "22": 0,
        "23": 2,
        "24": 0,
        "25": 0,
        "26": 4,
        "27": 3,
        "28": 1,
        "29": 4,
        "30": 1,
        "31": 3,
        "32": 2,
        "33": 3,
        "34": 0,
        "35": 1,
        "36": 2,
        "37": 4,
        "38": 3,
        "39": 2,
        "40": 1,
        "41": 0,
        "42": 3,
        "43": 0,
        "44": 3,
        "45": 3,
        "46": 0,
        "47": 4,
        "48": 4,
        "49": 3,
        "50": 1,
        "51": 3,
        "52": 2,
        "53": 3,
        "54": 2,
        "55": 3,
        "56": 0,
        "57": 4,
        "58": 4,
        "59": 3,
        "60": 0,
        "61": 3,
        "62": 1,
        "63": 1,
        "64": 4,
        "65": 2,
        "66": 4,
        "67": 1,
        "68": 4,
        "69": 0,
        "70": 2,
        "71": 3,
        "72": 0,
        "73": 0,
        "74": 4,
        "75": 3,
        "76": 1,
        "77": 0,
        "78": 2,
        "79": 2,
        "80": 4,
        "81": 3,
        "82": 3,
        "83": 1,
        "84": 2,
        "85": 3,
        "86": 1,
        "87": 4,
        "88": 3
    },
    "lower_bound": 54.0
}