{
    "node_types": [
        "invoice",
        "sku",
        "zone"
    ],
    "edge_types": [
        "('invoice', 'requires', 'sku')",
        "('sku', 'located_at', 'zone')",
        "('sku', 'rev_requires', 'invoice')",
        "('zone', 'rev_located_at', 'sku')"
    ],
    "num_invoices": 35,
    "num_sku": 63,
    "num_zone": 5,
    "invoices": [
        [
            12,
            33,
            22,
            33,
            41,
            57
        ],
        [
            53,
            49,
            41,
            55,
            61
        ],
        [
            15,
            37,
            27,
            53,
            27
        ],
        [
            7,
            60,
            43,
            13,
            17,
            0,
            52,
            22,
            10
        ],
        [
            59,
            30
        ],
        [
            21,
            47,
            7,
            3,
            41
        ],
        [
            24,
            12,
            26,
            54,
            21,
            2,
            42
        ],
        [
            29,
            51,
            27
        ],
        [
            8,
            51,
            34,
            9,
            18,
            49,
            58,
            59
        ],
        [
            25,
            10,
            13,
            23,
            61,
            32
        ],
        [
            11,
            18,
            51,
            36,
            1,
            50,
            60
        ],
        [
            35,
            19,
            32,
            53,
            1,
            52,
            0,
            16
        ],
        [
            60,
            12,
            40,
            45,
            27
        ],
        [
            46,
            48,
            47,
            19,
            6,
            38,
            7
        ],
        [
            9,
            57,
            33
        ],
        [
            41,
            48,
            15,
            43
        ],
        [
            31,
            38,
            28,
            30,
            3
        ],
        [
            35,
            50,
            52,
            23,
            62
        ],
        [
            7,
            42,
            6,
            6,
            9,
            12
        ],
        [
            39,
            56,
            13,
            4
        ],
        [
            4,
            55,
            50,
            61,
            61
        ],
        [
            22,
            44,
            8,
            5,
            34
        ],
        [
            39,
            20,
            40,
            24,
            31,
            34,
            10
        ],
        [
            40,
            11,
            46,
            50,
            16,
            46,
            54
        ],
        [
            2,
            58,
            6,
            43
        ],
        [
            26,
            49,
            15
        ],
        [
            40,
            29,
            25,
            11,
            45,
            35
        ],
        [
            62,
            31,
            39,
            44,
            20,
            19,
            58
        ],
        [
            52,
            39
        ],
        [
            42,
            3,
            36
        ],
        [
            14,
            38,
            37,
            57,
            47,
            45,
            17
        ],
        [
            32,
            53,
            11,
            58,
            60,
            1,
            42
        ],
        [
            5,
            31,
            3,
            45,
            56,
            8
        ],
        [
            47,
            22,
            14,
            38,
            44
        ],
        [
            28,
            51,
            9
        ]
    ],
    "matching": {
        "0": 3,
        "1": 4,
        "2": 0,
        "3": 4,
        "4": 1,
        "5": 3,
        "6": 0,
        "7": 0,
        "8": 2,
        "9": 0,
        "10": 4,
        "11": 4,
        "12": 1,
        "13": 2,
        "14": 3,
        "15": 2,
        "16": 1,
        "17": 2,
        "18": 1,
        "19": 2,
        "20": 2,
        "21": 1,
        "22": 3,
        "23": 1,
        "24": 1,
        "25": 2,
        "26": 4,
        "27": 3,
        "28": 3,
        "29": 4,
        "30": 0,
        "31": 2,
        "32": 1,
        "33": 3,
        "34": 3,
        "35": 0,
        "36": 3,
        "37": 3,
        "38": 2,
        "39": 2,
        "40": 2,
        "41": 4,
        "42": 3,
        "43": 2,
        "44": 4,
        "45": 3,
        "46": 4,
        "47": 0,
        "48": 0,
        "49": 1,
        "50": 0,
        "51": 4,
        "52": 4,
        "53": 0,
        "54": 4,
        "55": 2,
        "56": 0,
        "57": 4,
        "58": 4,
        "59": 0,
        "60": 0,
        "61": 2,
        "62": 0
    },
    "lower_bound": 39.0
}