{
    "node_types": [
        "invoice",
        "sku",
        "zone"
    ],
    "edge_types": [
        "('invoice', 'requires', 'sku')",
        "('sku', 'located_at', 'zone')",
        "('sku', 'rev_requires', 'invoice')",
        "('zone', 'rev_located_at', 'sku')"
    ],
    "num_invoices": 27,
    "num_sku": 93,
    "num_zone": 5,
    "invoices": [
        [
            16,
            15,
            76,
            29,
            43,
            35,
            67,
            43,
            50,
            19,
            56,
            34,
            38
        ],
        [
            81,
            40,
            29,
            51,
            64,
            82,
            82,
            34,
            33,
            3,
            18,
            44
        ],
        [
            90,
            1,
            52,
            80,
            66,
            91,
            24,
            61,
            35
        ],
        [
            80,
            89,
            23,
            74,
            52,
            79,
            28,
            2,
            48,
            77
        ],
        [
            53,
            13,
            41,
            57,
            34,
            81,
            84,
            45,
            32,
            35
        ],
        [
            19,
            37,
            77,
            86,
            10,
            62
        ],
        [
            36,
            9,
            8,
            61,
            12,
            30,
            21
        ],
        [
            68,
            58,
            75,
            74,
            29,
            82,
            92,
            17,
            4
        ],
        [
            14,
            63,
            86,
            3,
            41,
            84,
            11,
            22
        ],
        [
            78,
            44,
            73,
            36,
            60,
            31,
            64,
            23,
            50,
            78,
            54
        ],
        [
            20,
            34,
            12,
            87,
            83,
            26,
            47,
            70,
            75,
            16,
            85,
            41
        ],
        [
            76,
            92,
            29,
            44,
            1,
            23,
            35,
            54,
            13,
            25,
            69,
            42
        ],
        [
            50,
            62,
            67,
            50,
            60,
            40,
            38,
            41,
            4,
            32,
            87,
            65
        ],
        [
            90,
            74,
            72,
            87,
            26,
            65,
            24,
            0,
            69,
            46,
            52
        ],
        [
            37,
            84,
            68,
            12,
            53,
            6,
            51,
            1
        ],
        [
            76,
            86,
            56,
            78,
            0,
            13,
            48,
            31
        ],
        [
            91,
            58,
            42,
            32,
            71,
            63,
            46,
            8,
            16,
            88,
            40,
            7,
            1,
            49
        ],
        [
            8,
            9,
            31,
            0,
            27,
            49,
            49,
            7,
            84,
            55,
            70,
            52,
            39,
            40
        ],
        [
            85,
            83,
            59,
            15,
            55,
            25,
            92,
            42,
            61,
            22,
            65,
            28,
            36
        ],
        [
            39,
            89,
            85,
            58,
            20,
            20,
            14,
            10,
            60,
            21,
            27
        ],
        [
            26,
            5,
            67,
            69,
            6,
            14
        ],
        [
            89,
            47,
            11,
            79,
            2,
            71,
            45,
            28,
            19,
            36,
            72,
            17,
            12
        ],
        [
            6,
            9,
            5,
            46,
            15,
            18,
            63,
            92,
            51,
            27,
            47,
            44,
            2
        ],
        [
            64,
            25,
            85,
            90,
            30,
            38,
            78
        ],
        [
            68,
            82,
            59,
            21,
            37,
            53,
            91,
            37,
            88,
            27,
            73
        ],
        [
            33,
            57,
            38
        ],
        [
            70,
            59,
            6,
            74,
            90,
            81,
            75,
            89,
            4,
            14,
            87,
            66
        ]
    ],
    "matching": {
        "0": 2,
        "1": 4,
        "2": 4,
        "3": 3,
        "4": 1,
        "5": 1,
        "6": 1,
        "7": 3,
        "8": 2,
        "9": 2,
        "10": 0,
        "11": 1,
        "12": 3,
        "13": 0,
        "14": 2,
        "15": 4,
        "16": 1,
        "17": 1,
        "18": 2,
        "19": 2,
        "20": 1,
        "21": 2,
        "22": 3,
        "23": 4,
        "24": 1,
        "25": 1,
        "26": 4,
        "27": 3,
        "28": 3,
        "29": 1,
        "30": 0,
        "31": 0,
        "32": 3,
        "33": 1,
        "34": 1,
        "35": 1,
        "36": 0,
        "37": 3,
        "38": 4,
        "39": 1,
        "40": 3,
        "41": 1,
        "42": 4,
        "43": 3,
        "44": 2,
        "45": 3,
        "46": 4,
        "47": 0,
        "48": 4,
        "49": 4,
        "50": 3,
        "51": 2,
        "52": 1,
        "53": 4,
        "54": 1,
        "55": 3,
        "56": 3,
        "57": 0,
        "58": 1,
        "59": 0,
        "60": 4,
        "61": 1,
        "62": 3,
        "63": 1,
        "64": 4,
        "65": 3,
        "66": 1,
        "67": 4,
        "68": 0,
        "69": 0,
        "70": 2,
        "71": 3,
        "72": 2,
        "73": 0,
        "74": 3,
        "75": 3,
        "76": 0,
        "77": 4,
        "78": 4,
        "79": 3,
        "80": 0,
        "81": 0,
        "82": 4,
        "83": 1,
        "84": 3,
        "85": 0,
        "86": 1,
        "87": 4,
        "88": 4,
        "89": 2,
        "90": 1,
        "91": 0,
        "92": 1
    },
    "lower_bound": 54.0
}