{
    "node_types": [
        "invoice",
        "sku",
        "zone"
    ],
    "edge_types": [
        "('invoice', 'requires', 'sku')",
        "('sku', 'located_at', 'zone')",
        "('sku', 'rev_requires', 'invoice')",
        "('zone', 'rev_located_at', 'sku')"
    ],
    "num_invoices": 31,
    "num_sku": 89,
    "num_zone": 5,
    "invoices": [
        [
            9,
            8,
            53,
            48
        ],
        [
            31,
            65,
            79,
            87,
            59,
            1,
            77,
            68,
            23,
            18
        ],
        [
            3,
            72,
            81,
            26,
            13,
            21,
            63,
            71,
            10,
            24,
            8,
            11
        ],
        [
            76,
            56,
            77,
            36,
            73,
            32,
            12,
            29,
            30,
            83,
            44
        ],
        [
            43,
            88,
            2,
            16,
            7,
            88
        ],
        [
            28,
            0,
            35,
            57,
            12,
            48,
            84
        ],
        [
            42,
            35,
            46,
            29,
            27,
            86,
            46,
            28,
            68
        ],
        [
            33,
            42,
            27,
            77,
            38,
            50,
            81,
            84,
            14,
            47,
            6,
            62
        ],
        [
            82,
            42,
            6,
            24,
            63,
            33,
            37
        ],
        [
            83,
            20,
            86,
            34,
            18,
            5,
            25,
            34,
            66
        ],
        [
            38,
            80,
            70,
            45,
            81,
            20,
            1,
            7,
            47,
            19
        ],
        [
            74,
            78,
            9,
            64
        ],
        [
            58,
            15,
            25,
            30,
            8,
            52,
            60,
            53,
            76,
            69,
            55,
            6
        ],
        [
            49,
            10,
            45,
            26,
            21,
            64,
            45
        ],
        [
            2,
            88,
            80,
            75,
            7,
            13,
            30,
            2,
            34,
            67,
            32
        ],
        [
            55,
            62,
            51,
            0,
            30,
            34,
            32
        ],
        [
            36,
            28,
            9,
            56,
            48,
            44,
            78,
            16,
            84,
            49,
            55
        ],
        [
            21,
            31,
            68,
            4,
            50,
            52,
            79,
            31
        ],
        [
            12,
            66,
            61,
            33,
            70,
            39,
            59,
            50,
            43
        ],
        [
            62,
            48,
            85,
            23,
            17
        ],
        [
            61,
            41,
            75,
            87,
            29,
            51,
            77,
            79
        ],
        [
            63,
            85,
            82,
            17,
            19,
            22,
            26,
            14,
            72,
            51
        ],
        [
            54,
            2,
            69,
            65
        ],
        [
            50,
            16,
            39,
            74
        ],
        [
            4,
            73,
            15,
            11,
            63,
            1,
            59,
            44,
            68,
            11
        ],
        [
            27,
            17,
            29,
            69,
            74,
            7,
            61,
            23,
            15,
            41,
            3,
            65
        ],
        [
            4,
            0,
            78,
            58,
            60,
            86,
            6,
            5
        ],
        [
            43,
            14,
            33,
            57,
            38,
            9
        ],
        [
            87,
            22,
            41,
            66,
            82,
            1,
            49,
            5,
            87,
            37,
            20,
            61
        ],
        [
            42,
            18,
            67,
            80,
            38,
            84,
            56,
            43,
            64,
            11,
            36
        ],
        [
            40,
            56,
            54,
            40,
            83,
            70,
            5,
            45,
            27,
            71
        ]
    ],
    "matching": {
        "0": 3,
        "1": 0,
        "2": 2,
        "3": 1,
        "4": 2,
        "5": 3,
        "6": 4,
        "7": 3,
        "8": 3,
        "9": 1,
        "10": 2,
        "11": 3,
        "12": 1,
        "13": 4,
        "14": 3,
        "15": 0,
        "16": 2,
        "17": 3,
        "18": 4,
        "19": 0,
        "20": 1,
        "21": 0,
        "22": 1,
        "23": 2,
        "24": 2,
        "25": 1,
        "26": 0,
        "27": 1,
        "28": 4,
        "29": 0,
        "30": 4,
        "31": 0,
        "32": 0,
        "33": 4,
        "34": 3,
        "35": 0,
        "36": 4,
        "37": 3,
        "38": 0,
        "39": 3,
        "40": 2,
        "41": 2,
        "42": 2,
        "43": 0,
        "44": 2,
        "45": 3,
        "46": 1,
        "47": 1,
        "48": 4,
        "49": 3,
        "50": 3,
        "51": 0,
        "52": 2,
        "53": 0,
        "54": 4,
        "55": 0,
        "56": 0,
        "57": 3,
        "58": 2,
        "59": 3,
        "60": 4,
        "61": 1,
        "62": 4,
        "63": 3,
        "64": 3,
        "65": 1,
        "66": 2,
        "67": 1,
        "68": 2,
        "69": 4,
        "70": 4,
        "71": 0,
        "72": 0,
        "73": 0,
        "74": 2,
        "75": 1,
        "76": 3,
        "77": 4,
        "78": 3,
        "79": 2,
        "80": 2,
        "81": 3,
        "82": 1,
        "83": 4,
        "84": 4,
        "85": 2,
        "86": 3,
        "87": 3,
        "88": 4
    },
    "lower_bound": 48.0
}