{
    "node_types": [
        "invoice",
        "sku",
        "zone"
    ],
    "edge_types": [
        "('invoice', 'requires', 'sku')",
        "('sku', 'located_at', 'zone')",
        "('sku', 'rev_requires', 'invoice')",
        "('zone', 'rev_located_at', 'sku')"
    ],
    "num_invoices": 25,
    "num_sku": 72,
    "num_zone": 5,
    "invoices": [
        [
            32,
            69,
            52,
            47,
            49
        ],
        [
            65,
            51,
            33,
            46,
            4,
            41,
            22,
            7,
            71,
            25
        ],
        [
            46,
            44,
            35,
            43,
            38,
            52,
            42,
            59
        ],
        [
            29,
            9,
            5,
            33,
            69,
            60,
            14,
            19,
            58
        ],
        [
            58,
            37,
            47,
            31,
            9,
            53
        ],
        [
            65,
            2,
            48,
            42,
            34,
            54,
            43,
            18,
            71,
            10,
            9,
            31,
            57,
            45
        ],
        [
            36,
            41,
            10,
            62,
            66,
            18,
            43,
            43,
            50,
            62,
            26,
            67,
            70,
            70
        ],
        [
            21,
            57,
            47,
            13,
            10,
            35,
            61
        ],
        [
            52,
            28,
            40,
            11,
            34,
            7,
            64,
            55,
            37
        ],
        [
            56,
            17,
            15,
            65,
            69,
            67,
            13,
            54,
            15
        ],
        [
            45,
            48,
            30,
            26,
            35,
            7,
            11,
            25,
            27,
            21
        ],
        [
            42,
            26,
            64,
            46,
            8,
            8,
            38,
            67
        ],
        [
            40,
            39,
            40,
            52,
            10,
            13,
            41,
            63,
            50,
            61
        ],
        [
            63,
            23,
            59,
            20,
            34,
            48,
            4,
            66,
            57
        ],
        [
            66,
            20,
            9,
            21,
            14,
            6,
            50,
            33,
            59
        ],
        [
            38,
            37,
            55,
            41,
            24
        ],
        [
            6,
            11,
            57,
            20,
            23,
            63,
            50,
            0,
            51,
            32,
            54,
            21,
            24
        ],
        [
            53,
            19,
            6,
            16,
            40,
            56,
            3
        ],
        [
            68,
            1,
            56,
            2,
            49,
            27,
            29,
            22,
            64,
            3,
            38
        ],
        [
            69,
            29,
            61,
            70,
            44,
            8,
            20,
            4,
            68
        ],
        [
            28,
            45,
            0,
            35,
            62,
            64,
            37,
            60,
            53,
            19
        ],
        [
            39,
            6,
            59,
            42,
            16
        ],
        [
            1,
            60,
            5,
            16,
            12,
            32,
            12
        ],
        [
            67,
            13,
            30,
            61,
            28,
            49
        ],
        [
            17,
            54,
            49,
            46,
            70,
            8,
            36
        ]
    ],
    "matching": {
        "0": 4,
        "1": 2,
        "2": 3,
        "3": 4,
        "4": 4,
        "5": 1,
        "6": 4,
        "7": 2,
        "8": 2,
        "9": 0,
        "10": 0,
        "11": 2,
        "12": 1,
        "13": 1,
        "14": 0,
        "15": 1,
        "16": 3,
        "17": 2,
        "18": 4,
        "19": 2,
        "20": 4,
        "21": 2,
        "22": 0,
        "23": 3,
        "24": 1,
        "25": 3,
        "26": 1,
        "27": 3,
        "28": 1,
        "29": 3,
        "30": 0,
        "31": 4,
        "32": 2,
        "33": 3,
        "34": 2,
        "35": 0,
        "36": 1,
        "37": 3,
        "38": 0,
        "39": 3,
        "40": 2,
        "41": 4,
        "42": 1,
        "43": 3,
        "44": 3,
        "45": 1,
        "46": 2,
        "47": 4,
        "48": 2,
        "49": 4,
        "50": 4,
        "51": 3,
        "52": 3,
        "53": 4,
        "54": 0,
        "55": 0,
        "56": 0,
        "57": 4,
        "58": 2,
        "59": 4,
        "60": 1,
        "61": 4,
        "62": 2,
        "63": 4,
        "64": 2,
        "65": 1,
        "66": 1,
        "67": 0,
        "68": 4,
        "69": 3,
        "70": 2,
        "71": 4
    },
    "lower_bound": 54.0
}