{
    "node_types": [
        "invoice",
        "sku",
        "zone"
    ],
    "edge_types": [
        "('invoice', 'requires', 'sku')",
        "('sku', 'located_at', 'zone')",
        "('sku', 'rev_requires', 'invoice')",
        "('zone', 'rev_located_at', 'sku')"
    ],
    "num_invoices": 34,
    "num_sku": 54,
    "num_zone": 5,
    "invoices": [
        [
            19,
            44,
            6,
            44
        ],
        [
            28,
            29,
            5,
            40,
            34,
            5,
            2,
            7,
            45,
            37,
            51
        ],
        [
            2,
            34,
            8,
            3,
            37,
            35
        ],
        [
            45,
            40,
            41,
            47,
            26,
            27
        ],
        [
            47,
            23,
            23
        ],
        [
            11,
            17
        ],
        [
            50,
            49,
            52,
            16
        ],
        [
            4,
            34,
            33,
            53,
            7,
            15
        ],
        [
            10,
            17,
            0
        ],
        [
            11,
            36,
            22,
            18
        ],
        [
            31,
            49,
            9,
            29
        ],
        [
            21,
            25,
            18,
            13,
            32,
            14,
            0,
            46,
            42
        ],
        [
            19,
            18,
            14,
            21,
            15,
            25,
            16
        ],
        [
            9,
            8,
            1
        ],
        [
            24,
            7,
            27,
            25,
            31
        ],
        [
            44
        ],
        [
            12,
            12,
            1,
            16,
            6
        ],
        [
            35,
            31
        ],
        [
            48,
            0,
            17,
            13,
            47
        ],
        [
            26,
            40,
            22,
            37,
            34
        ],
        [
            36,
            38,
            12,
            52,
            48,
            8,
            24,
            16
        ],
        [
            46,
            41,
            5,
            4
        ],
        [
            26,
            15,
            5,
            13,
            41,
            30,
            24
        ],
        [
            26,
            40,
            51
        ],
        [
            28,
            50,
            32
        ],
        [
            38,
            36
        ],
        [
            42,
            28,
            38,
            2,
            43
        ],
        [
            14,
            32,
            10,
            4,
            0
        ],
        [
            46,
            22,
            43,
            20,
            33
        ],
        [
            41,
            45,
            38
        ],
        [
            30,
            3,
            46,
            39,
            43
        ],
        [
            13,
            17,
            14,
            27,
            4,
            25,
            1,
            39
        ],
        [
            2,
            37,
            3,
            53
        ],
        [
            51,
            6,
            28,
            9,
            20
        ]
    ],
    "matching": {
        "0": 0,
        "1": 1,
        "2": 2,
        "3": 3,
        "4": 0,
        "5": 0,
        "6": 3,
        "7": 4,
        "8": 0,
        "9": 2,
        "10": 4,
        "11": 3,
        "12": 3,
        "13": 3,
        "14": 3,
        "15": 0,
        "16": 3,
        "17": 1,
        "18": 0,
        "19": 1,
        "20": 1,
        "21": 3,
        "22": 1,
        "23": 2,
        "24": 2,
        "25": 4,
        "26": 3,
        "27": 4,
        "28": 4,
        "29": 4,
        "30": 3,
        "31": 2,
        "32": 0,
        "33": 2,
        "34": 1,
        "35": 4,
        "36": 3,
        "37": 0,
        "38": 3,
        "39": 4,
        "40": 1,
        "41": 1,
        "42": 4,
        "43": 2,
        "44": 1,
        "45": 3,
        "46": 0,
        "47": 2,
        "48": 3,
        "49": 0,
        "50": 3,
        "51": 1,
        "52": 0,
        "53": 0
    },
    "lower_bound": 45.0
}