{
    "node_types": [
        "invoice",
        "sku",
        "zone"
    ],
    "edge_types": [
        "('invoice', 'requires', 'sku')",
        "('sku', 'located_at', 'zone')",
        "('sku', 'rev_requires', 'invoice')",
        "('zone', 'rev_located_at', 'sku')"
    ],
    "num_invoices": 30,
    "num_sku": 55,
    "num_zone": 5,
    "invoices": [
        [
            20,
            27,
            13,
            16
        ],
        [
            17,
            14,
            14,
            54,
            24,
            49,
            53
        ],
        [
            11
        ],
        [
            5,
            16,
            31,
            13,
            26
        ],
        [
            15,
            5,
            17,
            51,
            23,
            54,
            8,
            30,
            24
        ],
        [
            30,
            41,
            20,
            54,
            33,
            0
        ],
        [
            9,
            27,
            48,
            44,
            22,
            44
        ],
        [
            38,
            53,
            52,
            13,
            11
        ],
        [
            2,
            6,
            54
        ],
        [
            27,
            40,
            12,
            27,
            35
        ],
        [
            38,
            18,
            12,
            1,
            32,
            28,
            50,
            15
        ],
        [
            46,
            20,
            13,
            22,
            28
        ],
        [
            42,
            17,
            44
        ],
        [
            32,
            37,
            18,
            3,
            48,
            23,
            6,
            33
        ],
        [
            30,
            25,
            25
        ],
        [
            40,
            3,
            31
        ],
        [
            47,
            10,
            12,
            2,
            9,
            16,
            23,
            2,
            36
        ],
        [
            43,
            0,
            35,
            17
        ],
        [
            25,
            45,
            6
        ],
        [
            8,
            36,
            49,
            35,
            50,
            11
        ],
        [
            15,
            15,
            11,
            2
        ],
        [
            28,
            4,
            26,
            34,
            7,
            0,
            39,
            41
        ],
        [
            51,
            34,
            19
        ],
        [
            10,
            20,
            8,
            43,
            14,
            7
        ],
        [
            45,
            24,
            53,
            30,
            52,
            46,
            29,
            10,
            22,
            6
        ],
        [
            52,
            0,
            39,
            31,
            26,
            43,
            1
        ],
        [
            22,
            51,
            40,
            1,
            49,
            35,
            21,
            43,
            37
        ],
        [
            24,
            26,
            40,
            19,
            25,
            14,
            42
        ],
        [
            29,
            53,
            21,
            49,
            4,
            47
        ],
        [
            28,
            21,
            7,
            44
        ]
    ],
    "matching": {
        "0": 1,
        "1": 4,
        "2": 1,
        "3": 0,
        "4": 1,
        "5": 4,
        "6": 2,
        "7": 4,
        "8": 2,
        "9": 4,
        "10": 2,
        "11": 1,
        "12": 1,
        "13": 2,
        "14": 0,
        "15": 0,
        "16": 2,
        "17": 3,
        "18": 1,
        "19": 4,
        "20": 1,
        "21": 2,
        "22": 4,
        "23": 1,
        "24": 4,
        "25": 1,
        "26": 4,
        "27": 0,
        "28": 2,
        "29": 1,
        "30": 4,
        "31": 1,
        "32": 1,
        "33": 1,
        "34": 4,
        "35": 1,
        "36": 1,
        "37": 4,
        "38": 4,
        "39": 3,
        "40": 3,
        "41": 1,
        "42": 3,
        "43": 0,
        "44": 4,
        "45": 2,
        "46": 1,
        "47": 3,
        "48": 2,
        "49": 1,
        "50": 0,
        "51": 3,
        "52": 3,
        "53": 4,
        "54": 2
    },
    "lower_bound": 42.0
}