{
    "node_types": [
        "invoice",
        "sku",
        "zone"
    ],
    "edge_types": [
        "('invoice', 'requires', 'sku')",
        "('sku', 'located_at', 'zone')",
        "('sku', 'rev_requires', 'invoice')",
        "('zone', 'rev_located_at', 'sku')"
    ],
    "num_invoices": 27,
    "num_sku": 67,
    "num_zone": 5,
    "invoices": [
        [
            64,
            58,
            57,
            50,
            5,
            14
        ],
        [
            58,
            17,
            18,
            5,
            60,
            32,
            61
        ],
        [
            20,
            55,
            26,
            20,
            60,
            28,
            34,
            65,
            61
        ],
        [
            20,
            59,
            30,
            22,
            37,
            15,
            17,
            52,
            16
        ],
        [
            50,
            53,
            50,
            48,
            31,
            65,
            39,
            6
        ],
        [
            42,
            3,
            58,
            0,
            62,
            59,
            65
        ],
        [
            66,
            36,
            58,
            8
        ],
        [
            36,
            13,
            24,
            7
        ],
        [
            46,
            27,
            2,
            41,
            32,
            23,
            48,
            40
        ],
        [
            7,
            56,
            10,
            33,
            49,
            40,
            15,
            12,
            4
        ],
        [
            42,
            27,
            56,
            2,
            63,
            24,
            24,
            46,
            19,
            15
        ],
        [
            3,
            44,
            11,
            49,
            23,
            9,
            35,
            61,
            52
        ],
        [
            5,
            57
        ],
        [
            48,
            5,
            55
        ],
        [
            57,
            45,
            18,
            40,
            37,
            33,
            41,
            41,
            50
        ],
        [
            6,
            53,
            23
        ],
        [
            28,
            63,
            29,
            19,
            13,
            45,
            34,
            44,
            36,
            11,
            40,
            51,
            22,
            20,
            23
        ],
        [
            13,
            3,
            6,
            38,
            9
        ],
        [
            6,
            26,
            51,
            12,
            51,
            39,
            44,
            26
        ],
        [
            25,
            16,
            21,
            32,
            64,
            30,
            26,
            65,
            31
        ],
        [
            17,
            59,
            53,
            53,
            1,
            18,
            54,
            43,
            42
        ],
        [
            63,
            66,
            62,
            17,
            56
        ],
        [
            31,
            42,
            46,
            14,
            8,
            1,
            4,
            7
        ],
        [
            35,
            45,
            21,
            64,
            12,
            18,
            41,
            2
        ],
        [
            29,
            45,
            27,
            15,
            0,
            32,
            29,
            36,
            38,
            38,
            10,
            28,
            62,
            35
        ],
        [
            63,
            13,
            43,
            35,
            16,
            57,
            54
        ],
        [
            60,
            47,
            22,
            25,
            47,
            24,
            37,
            14
        ]
    ],
    "matching": {
        "0": 2,
        "1": 4,
        "2": 0,
        "3": 4,
        "4": 0,
        "5": 1,
        "6": 1,
        "7": 1,
        "8": 4,
        "9": 0,
        "10": 0,
        "11": 4,
        "12": 4,
        "13": 0,
        "14": 0,
        "15": 4,
        "16": 4,
        "17": 3,
        "18": 1,
        "19": 4,
        "20": 4,
        "21": 2,
        "22": 3,
        "23": 4,
        "24": 4,
        "25": 2,
        "26": 1,
        "27": 4,
        "28": 3,
        "29": 3,
        "30": 4,
        "31": 1,
        "32": 4,
        "33": 0,
        "34": 4,
        "35": 3,
        "36": 0,
        "37": 4,
        "38": 1,
        "39": 2,
        "40": 0,
        "41": 1,
        "42": 2,
        "43": 3,
        "44": 0,
        "45": 4,
        "46": 1,
        "47": 3,
        "48": 1,
        "49": 1,
        "50": 0,
        "51": 0,
        "52": 4,
        "53": 4,
        "54": 3,
        "55": 0,
        "56": 3,
        "57": 0,
        "58": 2,
        "59": 0,
        "60": 0,
        "61": 2,
        "62": 1,
        "63": 4,
        "64": 1,
        "65": 1,
        "66": 4
    },
    "lower_bound": 57.0
}