{
    "node_types": [
        "invoice",
        "sku",
        "zone"
    ],
    "edge_types": [
        "('invoice', 'requires', 'sku')",
        "('sku', 'located_at', 'zone')",
        "('sku', 'rev_requires', 'invoice')",
        "('zone', 'rev_located_at', 'sku')"
    ],
    "num_invoices": 28,
    "num_sku": 67,
    "num_zone": 5,
    "invoices": [
        [
            30,
            31,
            36,
            36,
            21,
            35,
            10,
            1,
            33,
            32
        ],
        [
            31,
            51,
            64,
            2,
            11,
            22,
            6,
            27
        ],
        [
            39,
            43,
            1,
            57,
            4,
            47
        ],
        [
            44,
            56,
            13,
            25,
            19,
            37
        ],
        [
            61,
            44,
            54,
            60,
            5,
            39,
            44,
            32,
            47
        ],
        [
            20,
            66,
            55,
            25,
            41,
            66,
            15,
            27,
            60,
            49
        ],
        [
            2,
            16,
            65,
            27,
            47,
            8,
            58,
            1
        ],
        [
            3,
            48,
            45,
            4,
            42,
            46,
            45,
            22,
            40
        ],
        [
            28,
            48,
            54,
            35
        ],
        [
            60,
            7,
            15
        ],
        [
            24,
            63,
            28,
            21,
            45,
            11,
            52
        ],
        [
            65,
            6,
            9,
            19
        ],
        [
            21,
            56,
            32,
            47,
            50
        ],
        [
            5,
            3,
            17,
            53,
            61,
            34,
            54
        ],
        [
            55,
            38,
            56,
            38,
            58,
            23,
            40,
            53,
            28,
            9,
            29
        ],
        [
            33,
            5,
            39,
            36,
            18,
            63,
            19,
            17,
            50,
            18,
            14
        ],
        [
            37,
            30,
            40,
            45,
            46,
            20,
            49,
            49,
            25
        ],
        [
            2,
            11,
            14,
            26,
            62,
            59,
            36,
            56,
            35
        ],
        [
            2,
            23
        ],
        [
            8,
            30,
            59,
            40,
            66
        ],
        [
            0,
            26,
            0,
            8
        ],
        [
            30,
            4,
            25,
            64,
            62,
            26,
            43,
            58
        ],
        [
            64,
            55,
            18,
            43,
            13,
            63,
            64
        ],
        [
            51,
            58,
            33,
            18,
            7,
            27,
            12,
            11
        ],
        [
            4,
            59,
            52,
            14,
            52,
            12,
            16,
            23,
            29,
            53,
            62,
            57,
            33
        ],
        [
            34,
            61,
            41,
            42,
            54,
            48,
            26
        ],
        [
            39,
            22,
            24,
            63,
            61
        ],
        [
            53,
            10,
            12,
            52,
            37
        ]
    ],
    "matching": {
        "0": 4,
        "1": 4,
        "2": 0,
        "3": 3,
        "4": 3,
        "5": 2,
        "6": 3,
        "7": 3,
        "8": 2,
        "9": 2,
        "10": 1,
        "11": 4,
        "12": 0,
        "13": 4,
        "14": 2,
        "15": 4,
        "16": 4,
        "17": 2,
        "18": 1,
        "19": 1,
        "20": 3,
        "21": 0,
        "22": 1,
        "23": 4,
        "24": 4,
        "25": 1,
        "26": 2,
        "27": 4,
        "28": 3,
        "29": 1,
        "30": 0,
        "31": 2,
        "32": 2,
        "33": 2,
        "34": 4,
        "35": 3,
        "36": 4,
        "37": 2,
        "38": 3,
        "39": 0,
        "40": 4,
        "41": 1,
        "42": 2,
        "43": 4,
        "44": 2,
        "45": 1,
        "46": 0,
        "47": 1,
        "48": 3,
        "49": 0,
        "50": 0,
        "51": 3,
        "52": 0,
        "53": 0,
        "54": 3,
        "55": 4,
        "56": 1,
        "57": 4,
        "58": 2,
        "59": 1,
        "60": 4,
        "61": 0,
        "62": 3,
        "63": 0,
        "64": 1,
        "65": 3,
        "66": 3
    },
    "lower_bound": 51.0
}