{
    "node_types": [
        "invoice",
        "sku",
        "zone"
    ],
    "edge_types": [
        "('invoice', 'requires', 'sku')",
        "('sku', 'located_at', 'zone')",
        "('sku', 'rev_requires', 'invoice')",
        "('zone', 'rev_located_at', 'sku')"
    ],
    "num_invoices": 33,
    "num_sku": 65,
    "num_zone": 5,
    "invoices": [
        [
            46,
            46,
            52,
            54,
            22,
            13
        ],
        [
            52,
            55,
            32,
            23,
            5
        ],
        [
            60,
            5,
            12,
            26,
            53,
            27,
            4
        ],
        [
            50,
            22,
            55,
            12,
            26
        ],
        [
            33,
            36,
            49,
            39,
            15
        ],
        [
            57,
            9,
            43,
            37,
            45,
            18,
            25,
            32,
            43
        ],
        [
            46,
            13,
            37,
            53,
            42
        ],
        [
            6,
            2,
            47,
            27,
            34
        ],
        [
            61,
            24,
            40,
            39,
            59,
            58,
            45,
            1,
            50
        ],
        [
            64,
            4,
            44,
            42,
            50
        ],
        [
            44,
            62,
            0,
            21,
            55,
            56,
            19,
            40
        ],
        [
            1,
            31,
            39,
            25,
            35,
            24,
            12
        ],
        [
            45
        ],
        [
            9,
            2,
            48,
            17,
            53
        ],
        [
            27,
            36,
            58,
            42
        ],
        [
            25,
            23,
            29,
            51,
            16
        ],
        [
            21,
            6,
            38
        ],
        [
            4,
            25,
            39,
            22,
            35,
            47,
            7
        ],
        [
            29,
            17,
            1,
            48,
            4
        ],
        [
            63,
            57,
            57,
            62,
            8,
            29,
            62,
            41
        ],
        [
            60,
            32,
            57,
            5,
            30,
            52,
            19,
            3,
            53
        ],
        [
            28,
            9,
            50,
            63,
            38,
            63,
            34,
            31
        ],
        [
            51,
            10,
            38,
            41,
            34
        ],
        [
            22,
            7,
            40,
            49,
            36
        ],
        [
            61,
            20,
            54,
            11,
            8,
            7,
            59,
            62
        ],
        [
            30,
            18,
            24,
            33,
            7,
            42
        ],
        [
            8,
            28,
            64,
            3,
            45,
            56,
            30,
            24
        ],
        [
            3,
            55,
            26,
            8,
            14
        ],
        [
            44,
            17,
            46,
            44,
            12,
            18,
            56
        ],
        [
            63,
            35,
            64,
            38,
            20,
            10,
            37,
            48,
            58,
            47
        ],
        [
            5,
            54,
            52,
            11,
            29
        ],
        [
            10,
            0,
            64,
            16,
            21
        ],
        [
            40,
            30,
            14,
            15,
            37,
            36,
            3,
            48
        ]
    ],
    "matching": {
        "0": 0,
        "1": 1,
        "2": 0,
        "3": 2,
        "4": 0,
        "5": 1,
        "6": 3,
        "7": 1,
        "8": 1,
        "9": 0,
        "10": 3,
        "11": 1,
        "12": 0,
        "13": 1,
        "14": 4,
        "15": 2,
        "16": 2,
        "17": 4,
        "18": 1,
        "19": 0,
        "20": 3,
        "21": 0,
        "22": 1,
        "23": 2,
        "24": 0,
        "25": 0,
        "26": 4,
        "27": 4,
        "28": 2,
        "29": 0,
        "30": 0,
        "31": 3,
        "32": 3,
        "33": 3,
        "34": 3,
        "35": 0,
        "36": 3,
        "37": 3,
        "38": 3,
        "39": 2,
        "40": 1,
        "41": 1,
        "42": 2,
        "43": 1,
        "44": 4,
        "45": 4,
        "46": 2,
        "47": 4,
        "48": 1,
        "49": 3,
        "50": 4,
        "51": 2,
        "52": 3,
        "53": 3,
        "54": 3,
        "55": 2,
        "56": 0,
        "57": 0,
        "58": 1,
        "59": 2,
        "60": 2,
        "61": 3,
        "62": 1,
        "63": 2,
        "64": 1
    },
    "lower_bound": 42.0
}