{
    "node_types": [
        "invoice",
        "sku",
        "zone"
    ],
    "edge_types": [
        "('invoice', 'requires', 'sku')",
        "('sku', 'located_at', 'zone')",
        "('sku', 'rev_requires', 'invoice')",
        "('zone', 'rev_located_at', 'sku')"
    ],
    "num_invoices": 32,
    "num_sku": 58,
    "num_zone": 5,
    "invoices": [
        [
            29,
            2,
            27,
            24
        ],
        [
            53,
            6,
            16,
            49,
            5,
            17,
            37
        ],
        [
            46,
            3,
            30
        ],
        [
            52,
            45,
            7,
            55
        ],
        [
            51,
            17,
            18,
            45,
            31,
            43,
            7,
            17,
            46,
            0
        ],
        [
            1,
            48,
            4,
            23,
            5,
            36
        ],
        [
            27,
            3,
            56,
            24,
            4,
            10
        ],
        [
            44,
            9,
            57,
            33,
            56
        ],
        [
            51,
            34,
            40,
            54,
            32,
            12
        ],
        [
            19,
            21
        ],
        [
            54,
            44,
            42
        ],
        [
            35,
            12,
            44,
            39,
            39
        ],
        [
            43,
            11
        ],
        [
            2,
            47,
            13,
            22,
            21,
            41
        ],
        [
            54,
            55,
            2,
            2
        ],
        [
            53,
            48,
            39,
            13,
            43,
            49,
            40,
            53,
            1
        ],
        [
            7,
            18,
            12,
            1,
            16,
            0,
            35,
            25
        ],
        [
            52,
            7,
            29,
            51
        ],
        [
            17,
            41,
            26,
            9,
            41
        ],
        [
            35,
            10,
            28,
            22,
            38,
            40,
            8
        ],
        [
            25,
            48,
            32,
            20,
            36,
            14,
            14,
            23
        ],
        [
            14,
            9,
            31,
            20,
            26
        ],
        [
            51,
            15,
            39,
            19,
            6,
            28
        ],
        [
            5,
            57,
            8,
            56
        ],
        [
            35,
            32,
            41,
            36,
            44,
            29,
            11
        ],
        [
            14,
            53,
            33,
            10,
            22,
            45,
            5
        ],
        [
            32,
            6,
            47,
            19
        ],
        [
            9,
            30,
            37,
            50,
            37,
            10,
            23
        ],
        [
            42,
            34
        ],
        [
            0,
            16,
            40
        ],
        [
            57,
            30,
            15,
            50
        ],
        [
            16,
            38,
            19,
            13
        ]
    ],
    "matching": {
        "0": 3,
        "1": 4,
        "2": 3,
        "3": 3,
        "4": 1,
        "5": 3,
        "6": 3,
        "7": 4,
        "8": 1,
        "9": 0,
        "10": 1,
        "11": 4,
        "12": 4,
        "13": 3,
        "14": 0,
        "15": 2,
        "16": 3,
        "17": 0,
        "18": 1,
        "19": 4,
        "20": 0,
        "21": 3,
        "22": 0,
        "23": 2,
        "24": 1,
        "25": 2,
        "26": 1,
        "27": 4,
        "28": 4,
        "29": 2,
        "30": 4,
        "31": 0,
        "32": 4,
        "33": 1,
        "34": 1,
        "35": 1,
        "36": 4,
        "37": 2,
        "38": 3,
        "39": 1,
        "40": 0,
        "41": 2,
        "42": 1,
        "43": 4,
        "44": 2,
        "45": 2,
        "46": 0,
        "47": 1,
        "48": 4,
        "49": 2,
        "50": 0,
        "51": 3,
        "52": 0,
        "53": 0,
        "54": 1,
        "55": 2,
        "56": 1,
        "57": 1
    },
    "lower_bound": 42.0
}