{
    "node_types": [
        "invoice",
        "sku",
        "zone"
    ],
    "edge_types": [
        "('invoice', 'requires', 'sku')",
        "('sku', 'located_at', 'zone')",
        "('sku', 'rev_requires', 'invoice')",
        "('zone', 'rev_located_at', 'sku')"
    ],
    "num_invoices": 25,
    "num_sku": 65,
    "num_zone": 5,
    "invoices": [
        [
            21,
            42,
            55,
            32,
            10,
            59,
            51,
            2
        ],
        [
            22,
            17,
            9,
            30,
            2
        ],
        [
            51,
            61,
            47,
            19,
            55,
            23,
            0,
            8
        ],
        [
            17,
            46,
            11,
            13,
            46,
            15,
            31,
            52,
            27,
            40,
            12,
            9
        ],
        [
            36,
            14,
            1,
            29,
            5,
            4
        ],
        [
            64,
            13,
            1,
            10,
            29
        ],
        [
            35,
            34,
            24,
            48,
            20,
            44,
            22,
            21
        ],
        [
            32,
            3,
            45,
            15,
            49,
            18
        ],
        [
            54,
            3,
            13,
            20,
            39,
            54,
            11
        ],
        [
            32,
            43,
            37,
            57,
            61,
            47
        ],
        [
            45,
            33,
            49,
            57,
            5
        ],
        [
            35,
            63,
            15,
            6,
            45,
            34
        ],
        [
            15,
            36,
            7,
            51
        ],
        [
            24,
            7,
            16,
            46,
            12,
            18,
            40,
            19,
            62,
            54,
            50,
            48,
            19,
            21,
            23,
            52
        ],
        [
            25,
            4,
            42,
            52,
            60,
            55,
            7,
            55,
            38,
            40,
            44,
            37,
            29,
            31
        ],
        [
            64,
            21,
            26,
            8,
            33,
            60,
            25
        ],
        [
            24,
            39,
            14,
            56,
            60
        ],
        [
            40,
            59,
            60,
            23,
            29,
            6,
            63,
            16,
            30,
            46,
            10,
            62,
            58
        ],
        [
            11,
            56,
            27,
            58,
            44,
            6
        ],
        [
            50,
            49,
            53,
            0,
            43,
            31,
            17,
            28,
            18
        ],
        [
            28,
            50,
            26,
            54,
            48,
            0
        ],
        [
            51,
            56,
            41,
            39,
            3,
            13,
            31,
            53,
            8
        ],
        [
            64,
            19,
            10,
            41,
            43,
            50,
            38,
            11,
            27,
            36
        ],
        [
            23,
            62,
            9,
            62,
            25,
            22,
            26,
            52,
            44,
            35,
            53
        ],
        [
            1,
            0,
            37,
            6,
            24,
            33,
            61
        ]
    ],
    "matching": {
        "0": 2,
        "1": 4,
        "2": 3,
        "3": 1,
        "4": 1,
        "5": 2,
        "6": 4,
        "7": 0,
        "8": 0,
        "9": 1,
        "10": 1,
        "11": 0,
        "12": 1,
        "13": 2,
        "14": 4,
        "15": 2,
        "16": 4,
        "17": 1,
        "18": 3,
        "19": 1,
        "20": 2,
        "21": 0,
        "22": 3,
        "23": 4,
        "24": 2,
        "25": 4,
        "26": 2,
        "27": 0,
        "28": 2,
        "29": 2,
        "30": 0,
        "31": 2,
        "32": 1,
        "33": 0,
        "34": 1,
        "35": 1,
        "36": 2,
        "37": 3,
        "38": 4,
        "39": 1,
        "40": 4,
        "41": 0,
        "42": 3,
        "43": 3,
        "44": 4,
        "45": 4,
        "46": 2,
        "47": 3,
        "48": 4,
        "49": 1,
        "50": 3,
        "51": 4,
        "52": 0,
        "53": 1,
        "54": 1,
        "55": 4,
        "56": 0,
        "57": 2,
        "58": 0,
        "59": 4,
        "60": 3,
        "61": 2,
        "62": 3,
        "63": 1,
        "64": 1
    },
    "lower_bound": 60.0
}