{
    "node_types": [
        "invoice",
        "sku",
        "zone"
    ],
    "edge_types": [
        "('invoice', 'requires', 'sku')",
        "('sku', 'located_at', 'zone')",
        "('sku', 'rev_requires', 'invoice')",
        "('zone', 'rev_located_at', 'sku')"
    ],
    "num_invoices": 26,
    "num_sku": 57,
    "num_zone": 5,
    "invoices": [
        [
            34,
            49,
            1,
            7,
            55,
            5
        ],
        [
            54,
            8,
            41,
            30,
            43,
            11,
            41,
            32
        ],
        [
            32,
            29,
            17,
            6
        ],
        [
            36,
            0,
            54,
            56,
            47
        ],
        [
            27,
            44,
            15,
            22,
            0,
            54
        ],
        [
            10,
            55,
            25,
            15,
            46,
            32,
            37,
            48,
            18
        ],
        [
            45,
            20,
            50,
            38,
            3,
            50,
            2,
            9
        ],
        [
            34,
            6,
            37,
            32,
            19,
            43,
            52,
            13,
            17
        ],
        [
            23,
            49,
            24,
            0,
            15
        ],
        [
            41,
            36,
            5,
            46,
            16,
            21
        ],
        [
            24,
            25,
            50
        ],
        [
            28,
            33,
            29,
            11,
            56,
            56,
            40,
            23,
            52
        ],
        [
            17,
            2,
            19,
            42,
            22,
            39,
            51,
            2
        ],
        [
            16,
            7,
            30,
            55,
            40,
            31,
            43,
            8,
            35,
            31
        ],
        [
            6,
            30,
            11,
            45,
            8,
            12,
            7
        ],
        [
            10,
            13,
            53,
            45
        ],
        [
            25,
            26,
            22,
            7,
            30,
            38,
            45,
            23,
            33,
            53,
            3
        ],
        [
            52,
            31,
            27,
            14,
            17,
            5,
            29
        ],
        [
            18,
            19,
            1,
            46
        ],
        [
            18,
            20,
            50,
            4
        ],
        [
            14,
            48,
            39,
            38
        ],
        [
            0,
            35,
            48,
            21,
            53,
            25,
            34,
            1
        ],
        [
            28,
            16,
            1,
            40,
            42,
            46,
            49,
            6,
            24
        ],
        [
            4,
            41,
            44,
            12,
            48,
            9
        ],
        [
            11,
            38,
            39,
            42,
            47,
            26,
            51,
            3,
            35,
            8,
            37,
            49
        ],
        [
            42,
            3,
            21,
            9,
            40,
            36,
            35,
            23
        ]
    ],
    "matching": {
        "0": 4,
        "1": 4,
        "2": 2,
        "3": 1,
        "4": 3,
        "5": 0,
        "6": 4,
        "7": 2,
        "8": 1,
        "9": 4,
        "10": 1,
        "11": 1,
        "12": 2,
        "13": 1,
        "14": 2,
        "15": 1,
        "16": 3,
        "17": 0,
        "18": 1,
        "19": 0,
        "20": 2,
        "21": 2,
        "22": 2,
        "23": 2,
        "24": 3,
        "25": 0,
        "26": 2,
        "27": 2,
        "28": 0,
        "29": 0,
        "30": 3,
        "31": 2,
        "32": 2,
        "33": 4,
        "34": 1,
        "35": 3,
        "36": 1,
        "37": 2,
        "38": 0,
        "39": 3,
        "40": 2,
        "41": 0,
        "42": 2,
        "43": 0,
        "44": 0,
        "45": 4,
        "46": 1,
        "47": 0,
        "48": 2,
        "49": 0,
        "50": 4,
        "51": 3,
        "52": 0,
        "53": 1,
        "54": 3,
        "55": 0,
        "56": 4
    },
    "lower_bound": 48.0
}