{
    "node_types": [
        "invoice",
        "sku",
        "zone"
    ],
    "edge_types": [
        "('invoice', 'requires', 'sku')",
        "('sku', 'located_at', 'zone')",
        "('sku', 'rev_requires', 'invoice')",
        "('zone', 'rev_located_at', 'sku')"
    ],
    "num_invoices": 25,
    "num_sku": 77,
    "num_zone": 5,
    "invoices": [
        [
            8,
            68,
            4,
            23,
            51
        ],
        [
            34,
            4,
            17,
            39,
            24,
            10,
            47,
            67,
            70
        ],
        [
            53,
            59,
            9,
            70,
            8,
            54,
            6,
            61,
            45,
            18,
            61
        ],
        [
            34,
            12,
            34,
            54,
            63,
            46,
            19
        ],
        [
            5,
            5,
            62,
            32,
            69,
            68,
            29,
            52,
            16
        ],
        [
            56,
            65,
            8,
            0,
            20,
            42,
            48
        ],
        [
            28,
            13,
            37,
            13,
            67,
            5,
            56,
            42
        ],
        [
            33,
            67,
            49,
            24,
            72,
            1,
            54
        ],
        [
            24,
            49,
            1,
            7,
            76
        ],
        [
            35,
            40,
            65,
            50,
            15,
            66,
            66
        ],
        [
            49,
            9,
            3,
            64,
            14,
            1
        ],
        [
            69,
            65,
            8,
            28,
            51,
            42,
            27,
            76,
            73,
            11
        ],
        [
            10,
            69,
            72,
            20,
            36,
            60,
            57,
            58,
            62,
            74
        ],
        [
            12,
            7,
            71,
            65,
            38
        ],
        [
            44,
            74,
            75,
            59,
            19,
            40,
            26
        ],
        [
            41,
            13,
            24,
            30,
            70,
            70,
            41,
            43
        ],
        [
            31,
            23,
            58,
            30,
            3,
            48,
            55,
            36,
            72,
            56,
            29,
            4,
            14,
            10,
            21
        ],
        [
            50,
            27,
            35,
            68,
            25,
            26,
            44,
            22
        ],
        [
            29,
            58,
            33,
            60,
            20,
            9
        ],
        [
            16,
            39,
            52,
            10,
            42,
            61,
            53,
            34,
            11,
            45,
            38
        ],
        [
            3,
            28,
            2,
            17,
            29,
            18,
            54,
            16
        ],
        [
            39,
            31,
            52,
            46,
            53,
            43,
            19,
            73,
            32
        ],
        [
            47,
            63,
            0,
            6,
            47,
            55,
            37,
            19,
            71,
            22,
            47,
            20,
            44,
            64,
            57,
            15,
            50
        ],
        [
            35,
            36,
            57,
            3,
            25,
            75,
            39,
            51,
            1,
            44,
            43
        ],
        [
            23,
            2,
            18,
            68,
            21
        ]
    ],
    "matching": {
        "0": 1,
        "1": 1,
        "2": 4,
        "3": 4,
        "4": 4,
        "5": 2,
        "6": 4,
        "7": 3,
        "8": 1,
        "9": 1,
        "10": 4,
        "11": 2,
        "12": 1,
        "13": 1,
        "14": 4,
        "15": 1,
        "16": 1,
        "17": 0,
        "18": 4,
        "19": 1,
        "20": 3,
        "21": 1,
        "22": 2,
        "23": 1,
        "24": 3,
        "25": 0,
        "26": 4,
        "27": 4,
        "28": 0,
        "29": 3,
        "30": 4,
        "31": 1,
        "32": 2,
        "33": 1,
        "34": 1,
        "35": 1,
        "36": 4,
        "37": 1,
        "38": 0,
        "39": 1,
        "40": 3,
        "41": 2,
        "42": 4,
        "43": 1,
        "44": 0,
        "45": 0,
        "46": 0,
        "47": 3,
        "48": 0,
        "49": 1,
        "50": 3,
        "51": 3,
        "52": 3,
        "53": 0,
        "54": 3,
        "55": 2,
        "56": 3,
        "57": 1,
        "58": 2,
        "59": 1,
        "60": 4,
        "61": 2,
        "62": 0,
        "63": 1,
        "64": 4,
        "65": 2,
        "66": 0,
        "67": 1,
        "68": 2,
        "69": 4,
        "70": 3,
        "71": 3,
        "72": 4,
        "73": 4,
        "74": 4,
        "75": 2,
        "76": 3
    },
    "lower_bound": 63.0
}