{
    "node_types": [
        "invoice",
        "sku",
        "zone"
    ],
    "edge_types": [
        "('invoice', 'requires', 'sku')",
        "('sku', 'located_at', 'zone')",
        "('sku', 'rev_requires', 'invoice')",
        "('zone', 'rev_located_at', 'sku')"
    ],
    "num_invoices": 28,
    "num_sku": 97,
    "num_zone": 5,
    "invoices": [
        [
            63,
            5,
            35,
            42,
            94,
            46,
            34,
            7,
            4,
            31
        ],
        [
            10,
            36,
            89,
            43,
            0,
            12,
            31
        ],
        [
            1,
            43,
            2,
            18,
            91,
            6,
            22,
            37,
            45
        ],
        [
            9,
            48,
            63,
            64,
            61,
            80,
            71,
            57,
            32,
            45,
            56,
            9,
            37,
            68
        ],
        [
            35,
            14,
            92,
            33,
            77,
            75,
            87,
            89
        ],
        [
            57,
            77,
            10,
            64,
            88,
            9,
            50,
            2,
            0,
            5,
            67
        ],
        [
            15,
            38,
            6,
            67,
            24,
            91
        ],
        [
            61,
            60,
            76,
            55,
            69,
            44,
            34,
            38,
            51,
            22,
            16,
            72
        ],
        [
            23,
            62,
            42,
            60,
            58,
            56,
            19,
            28
        ],
        [
            47,
            86,
            92,
            75,
            52,
            51,
            54,
            7,
            29,
            83,
            78,
            58,
            68,
            39,
            61
        ],
        [
            78,
            32,
            78,
            82,
            21,
            91,
            14,
            40,
            89,
            85
        ],
        [
            29,
            1,
            39,
            1,
            37,
            4,
            9,
            49,
            20,
            65,
            21,
            14
        ],
        [
            41,
            73,
            92,
            36,
            11,
            18,
            55,
            79,
            93,
            15,
            29,
            27
        ],
        [
            23,
            7,
            15,
            82,
            85,
            21,
            71
        ],
        [
            83,
            83,
            69,
            94,
            41,
            28,
            45,
            71,
            96,
            34,
            3,
            66
        ],
        [
            3,
            83,
            18,
            52,
            62,
            12,
            20,
            36
        ],
        [
            56,
            95,
            93,
            79,
            42,
            76,
            13,
            72,
            30,
            25,
            59,
            54,
            68,
            96
        ],
        [
            84,
            8,
            90,
            23,
            36,
            86,
            16
        ],
        [
            40,
            61,
            53,
            65,
            88,
            52,
            74,
            84,
            76,
            41,
            6
        ],
        [
            40,
            96,
            5,
            53,
            44,
            87,
            74,
            18
        ],
        [
            26,
            25,
            53,
            66,
            63,
            53,
            10,
            20,
            84,
            40,
            95,
            29,
            73,
            39,
            13,
            95,
            14,
            46,
            90
        ],
        [
            60,
            46,
            79,
            26,
            8,
            58,
            74,
            62,
            82,
            69,
            63,
            32
        ],
        [
            8,
            8,
            62,
            64,
            28,
            70,
            15,
            81,
            72
        ],
        [
            77,
            30,
            93,
            78,
            51,
            19,
            33,
            17
        ],
        [
            68,
            28,
            12,
            11,
            33,
            81,
            24,
            57,
            26,
            48,
            74,
            12,
            69,
            17
        ],
        [
            88,
            7,
            41,
            88,
            60,
            10,
            44,
            79,
            56,
            37,
            1,
            47
        ],
        [
            92,
            25,
            91,
            86,
            70,
            19,
            64,
            50,
            25
        ],
        [
            47,
            80,
            26,
            59,
            94,
            51,
            49,
            44,
            86,
            80,
            87,
            27
        ]
    ],
    "matching": {
        "0": 0,
        "1": 3,
        "2": 4,
        "3": 2,
        "4": 4,
        "5": 3,
        "6": 0,
        "7": 0,
        "8": 1,
        "9": 3,
        "10": 2,
        "11": 0,
        "12": 3,
        "13": 4,
        "14": 1,
        "15": 2,
        "16": 1,
        "17": 4,
        "18": 4,
        "19": 2,
        "20": 0,
        "21": 1,
        "22": 1,
        "23": 3,
        "24": 0,
        "25": 3,
        "26": 1,
        "27": 2,
        "28": 1,
        "29": 4,
        "30": 4,
        "31": 4,
        "32": 4,
        "33": 4,
        "34": 1,
        "35": 1,
        "36": 2,
        "37": 3,
        "38": 3,
        "39": 1,
        "40": 0,
        "41": 3,
        "42": 1,
        "43": 0,
        "44": 1,
        "45": 1,
        "46": 4,
        "47": 4,
        "48": 0,
        "49": 3,
        "50": 1,
        "51": 4,
        "52": 2,
        "53": 3,
        "54": 4,
        "55": 0,
        "56": 4,
        "57": 0,
        "58": 1,
        "59": 3,
        "60": 4,
        "61": 1,
        "62": 4,
        "63": 1,
        "64": 3,
        "65": 2,
        "66": 3,
        "67": 2,
        "68": 4,
        "69": 1,
        "70": 2,
        "71": 2,
        "72": 3,
        "73": 4,
        "74": 0,
        "75": 2,
        "76": 2,
        "77": 4,
        "78": 2,
        "79": 0,
        "80": 0,
        "81": 0,
        "82": 4,
        "83": 0,
        "84": 2,
        "85": 4,
        "86": 3,
        "87": 4,
        "88": 2,
        "89": 3,
        "90": 2,
        "91": 4,
        "92": 2,
        "93": 2,
        "94": 3,
        "95": 4,
        "96": 4
    },
    "lower_bound": 69.0
}