{
    "node_types": [
        "invoice",
        "sku",
        "zone"
    ],
    "edge_types": [
        "('invoice', 'requires', 'sku')",
        "('sku', 'located_at', 'zone')",
        "('sku', 'rev_requires', 'invoice')",
        "('zone', 'rev_located_at', 'sku')"
    ],
    "num_invoices": 34,
    "num_sku": 80,
    "num_zone": 5,
    "invoices": [
        [
            57,
            77,
            3,
            26,
            26,
            71
        ],
        [
            12,
            8,
            59,
            60
        ],
        [
            43,
            35,
            74,
            71,
            46,
            48,
            63
        ],
        [
            65,
            16,
            16
        ],
        [
            35,
            54,
            30,
            15,
            13,
            61
        ],
        [
            23,
            10,
            77,
            51,
            56
        ],
        [
            49,
            0,
            62,
            44,
            50,
            49
        ],
        [
            58,
            5,
            72,
            56,
            39,
            29,
            3
        ],
        [
            64,
            22,
            58,
            41,
            57,
            31,
            36,
            15
        ],
        [
            1,
            76,
            61,
            0
        ],
        [
            52,
            45
        ],
        [
            23,
            52,
            17,
            66,
            37
        ],
        [
            3,
            75,
            7,
            76,
            58
        ],
        [
            49,
            20,
            2,
            44,
            68,
            61,
            70,
            65
        ],
        [
            63,
            12,
            72,
            18,
            25,
            70
        ],
        [
            20,
            18,
            33,
            34,
            1,
            42,
            10,
            62,
            6,
            71,
            19
        ],
        [
            73,
            39,
            77,
            11,
            34,
            40,
            67,
            1,
            36,
            32
        ],
        [
            78,
            16,
            38,
            34,
            5,
            22,
            33,
            65,
            30
        ],
        [
            72,
            61,
            75,
            29,
            57
        ],
        [
            36,
            17,
            23,
            66,
            70,
            52
        ],
        [
            46,
            24,
            78,
            69,
            28,
            5,
            2,
            70,
            33,
            63,
            32,
            37
        ],
        [
            21,
            6,
            48,
            73,
            76,
            7,
            26
        ],
        [
            79,
            27,
            34,
            78,
            30
        ],
        [
            19,
            24,
            13,
            3,
            8,
            40,
            20,
            19,
            41,
            11
        ],
        [
            0,
            60,
            41,
            40,
            13,
            75,
            20,
            72,
            46,
            68,
            17
        ],
        [
            68,
            4,
            23,
            21,
            29,
            45,
            47,
            54,
            74,
            24
        ],
        [
            22,
            51,
            2,
            2,
            14,
            50,
            18,
            0,
            58
        ],
        [
            39,
            16,
            4,
            54,
            53
        ],
        [
            59,
            69,
            66,
            5,
            49,
            15
        ],
        [
            31,
            14,
            8,
            67,
            79,
            9,
            21,
            63,
            79,
            37,
            30
        ],
        [
            40,
            43,
            25,
            47,
            38,
            31,
            31
        ],
        [
            57,
            36,
            28
        ],
        [
            60,
            55,
            55,
            42,
            43,
            9,
            38,
            65,
            32,
            42,
            6,
            64,
            27
        ],
        [
            60,
            69,
            38,
            53,
            43,
            26,
            42,
            39,
            17
        ]
    ],
    "matching": {
        "0": 2,
        "1": 2,
        "2": 2,
        "3": 0,
        "4": 0,
        "5": 4,
        "6": 2,
        "7": 3,
        "8": 3,
        "9": 1,
        "10": 4,
        "11": 4,
        "12": 0,
        "13": 0,
        "14": 4,
        "15": 2,
        "16": 1,
        "17": 1,
        "18": 4,
        "19": 4,
        "20": 2,
        "21": 0,
        "22": 2,
        "23": 4,
        "24": 1,
        "25": 2,
        "26": 3,
        "27": 2,
        "28": 2,
        "29": 1,
        "30": 4,
        "31": 0,
        "32": 1,
        "33": 4,
        "34": 4,
        "35": 2,
        "36": 0,
        "37": 0,
        "38": 0,
        "39": 3,
        "40": 2,
        "41": 2,
        "42": 1,
        "43": 3,
        "44": 4,
        "45": 4,
        "46": 2,
        "47": 4,
        "48": 2,
        "49": 1,
        "50": 4,
        "51": 2,
        "52": 1,
        "53": 0,
        "54": 1,
        "55": 0,
        "56": 4,
        "57": 3,
        "58": 3,
        "59": 0,
        "60": 4,
        "61": 1,
        "62": 3,
        "63": 4,
        "64": 4,
        "65": 3,
        "66": 4,
        "67": 2,
        "68": 1,
        "69": 0,
        "70": 4,
        "71": 2,
        "72": 4,
        "73": 3,
        "74": 3,
        "75": 4,
        "76": 0,
        "77": 3,
        "78": 4,
        "79": 3
    },
    "lower_bound": 51.0
}