{
    "node_types": [
        "invoice",
        "sku",
        "zone"
    ],
    "edge_types": [
        "('invoice', 'requires', 'sku')",
        "('sku', 'located_at', 'zone')",
        "('sku', 'rev_requires', 'invoice')",
        "('zone', 'rev_located_at', 'sku')"
    ],
    "num_invoices": 32,
    "num_sku": 81,
    "num_zone": 5,
    "invoices": [
        [
            59,
            28,
            7,
            26,
            70,
            65
        ],
        [
            26,
            38,
            52,
            34,
            24,
            23
        ],
        [
            75,
            59,
            80,
            74,
            34,
            26,
            42,
            29,
            57,
            37
        ],
        [
            6,
            9,
            2,
            47,
            5,
            20,
            38
        ],
        [
            50,
            58,
            39,
            67,
            13,
            31,
            3,
            62
        ],
        [
            39,
            23,
            30,
            28,
            16,
            3
        ],
        [
            46,
            37,
            77,
            20,
            19,
            53,
            66,
            14,
            18
        ],
        [
            70,
            25,
            56,
            46,
            32,
            21
        ],
        [
            23,
            5,
            11,
            64,
            4,
            24,
            43,
            43
        ],
        [
            46,
            70,
            60,
            22,
            46,
            52,
            76,
            31,
            33,
            13,
            63,
            68,
            25,
            57,
            49,
            67,
            0,
            79
        ],
        [
            79,
            22,
            30,
            1,
            49,
            19,
            64,
            53,
            55
        ],
        [
            41,
            0
        ],
        [
            14,
            27,
            45,
            63,
            41,
            57,
            43
        ],
        [
            45,
            76,
            34,
            66,
            74
        ],
        [
            47,
            40,
            64,
            32,
            57,
            55,
            74,
            27
        ],
        [
            51,
            31,
            33,
            80,
            79,
            48
        ],
        [
            21,
            71,
            40,
            24
        ],
        [
            59,
            10,
            27,
            54,
            27,
            10
        ],
        [
            15,
            15,
            13,
            1,
            72,
            5,
            31,
            61,
            58,
            12
        ],
        [
            62,
            30,
            32,
            58,
            8,
            28,
            21,
            61,
            42,
            41
        ],
        [
            11,
            6,
            66,
            73,
            78,
            20,
            52,
            50,
            36
        ],
        [
            69,
            34,
            10,
            29,
            25,
            56,
            22,
            44
        ],
        [
            21,
            68,
            20,
            0,
            39,
            73,
            61
        ],
        [
            56,
            69,
            54,
            77,
            9,
            65,
            78,
            4
        ],
        [
            38,
            35,
            67,
            1,
            48
        ],
        [
            47,
            78,
            49,
            9,
            36
        ],
        [
            54,
            39,
            41,
            78,
            7,
            8,
            16,
            26
        ],
        [
            8,
            48,
            18,
            2,
            4,
            72,
            71,
            38,
            75,
            69
        ],
        [
            8,
            51,
            52,
            17,
            5,
            35,
            60,
            3
        ],
        [
            22,
            36,
            45,
            80,
            17,
            55,
            18
        ],
        [
            33,
            66,
            40,
            44,
            80,
            77,
            13,
            44,
            29
        ],
        [
            79,
            9,
            12,
            19,
            23,
            16,
            77,
            40
        ]
    ],
    "matching": {
        "0": 4,
        "1": 4,
        "2": 3,
        "3": 3,
        "4": 1,
        "5": 3,
        "6": 0,
        "7": 0,
        "8": 2,
        "9": 0,
        "10": 1,
        "11": 3,
        "12": 3,
        "13": 4,
        "14": 3,
        "15": 1,
        "16": 2,
        "17": 3,
        "18": 3,
        "19": 2,
        "20": 0,
        "21": 4,
        "22": 0,
        "23": 1,
        "24": 4,
        "25": 4,
        "26": 0,
        "27": 3,
        "28": 0,
        "29": 2,
        "30": 0,
        "31": 3,
        "32": 3,
        "33": 0,
        "34": 4,
        "35": 2,
        "36": 4,
        "37": 2,
        "38": 3,
        "39": 3,
        "40": 3,
        "41": 0,
        "42": 3,
        "43": 3,
        "44": 1,
        "45": 3,
        "46": 4,
        "47": 1,
        "48": 3,
        "49": 4,
        "50": 3,
        "51": 3,
        "52": 3,
        "53": 0,
        "54": 0,
        "55": 2,
        "56": 0,
        "57": 4,
        "58": 1,
        "59": 1,
        "60": 3,
        "61": 2,
        "62": 1,
        "63": 4,
        "64": 0,
        "65": 3,
        "66": 0,
        "67": 0,
        "68": 4,
        "69": 0,
        "70": 1,
        "71": 2,
        "72": 3,
        "73": 4,
        "74": 1,
        "75": 2,
        "76": 0,
        "77": 4,
        "78": 1,
        "79": 0,
        "80": 4
    },
    "lower_bound": 66.0
}