{
    "node_types": [
        "invoice",
        "sku",
        "zone"
    ],
    "edge_types": [
        "('invoice', 'requires', 'sku')",
        "('sku', 'located_at', 'zone')",
        "('sku', 'rev_requires', 'invoice')",
        "('zone', 'rev_located_at', 'sku')"
    ],
    "num_invoices": 29,
    "num_sku": 65,
    "num_zone": 5,
    "invoices": [
        [
            34,
            6,
            3,
            18,
            19,
            36,
            5,
            28
        ],
        [
            35,
            46,
            13,
            58,
            12,
            64
        ],
        [
            33,
            46,
            8,
            35,
            39,
            59,
            2,
            28,
            49,
            42
        ],
        [
            27,
            50,
            39,
            7,
            62,
            30,
            50,
            27,
            45
        ],
        [
            45,
            58,
            8,
            36,
            62,
            36
        ],
        [
            9,
            0,
            59,
            12,
            37,
            9,
            59
        ],
        [
            34,
            18,
            28,
            13
        ],
        [
            25,
            62,
            54,
            30,
            26,
            6
        ],
        [
            19,
            48,
            43
        ],
        [
            1,
            0,
            38,
            21,
            43,
            58,
            34
        ],
        [
            17,
            54,
            44,
            15,
            24
        ],
        [
            54,
            9,
            48,
            35,
            5,
            11,
            2,
            35
        ],
        [
            16,
            15,
            17,
            20,
            4,
            57
        ],
        [
            29,
            61,
            56,
            30,
            32,
            41,
            10,
            49,
            59,
            56,
            48,
            49,
            15
        ],
        [
            31
        ],
        [
            64,
            4,
            48,
            37,
            52,
            7
        ],
        [
            9,
            53,
            17,
            18,
            53,
            60,
            5,
            24,
            63,
            19,
            52,
            45
        ],
        [
            2,
            10,
            21,
            3,
            34,
            47
        ],
        [
            6,
            47,
            8,
            20,
            25,
            14,
            10,
            62
        ],
        [
            61,
            23,
            23,
            51,
            1,
            50,
            32,
            28
        ],
        [
            33,
            58,
            63,
            42,
            39
        ],
        [
            29,
            22,
            11,
            50,
            1,
            23,
            32,
            26,
            5,
            44
        ],
        [
            0,
            43,
            57,
            22,
            60,
            29,
            12,
            63,
            53,
            55,
            31
        ],
        [
            14,
            63,
            49,
            40,
            40
        ],
        [
            53,
            51,
            55,
            56,
            55,
            43
        ],
        [
            64,
            27,
            17,
            23,
            31,
            11
        ],
        [
            27,
            41,
            47,
            41,
            38,
            11,
            51
        ],
        [
            14,
            36,
            51
        ],
        [
            56,
            55,
            64,
            18,
            29,
            16
        ]
    ],
    "matching": {
        "0": 3,
        "1": 3,
        "2": 0,
        "3": 0,
        "4": 0,
        "5": 1,
        "6": 4,
        "7": 1,
        "8": 1,
        "9": 2,
        "10": 1,
        "11": 3,
        "12": 4,
        "13": 2,
        "14": 0,
        "15": 1,
        "16": 0,
        "17": 1,
        "18": 2,
        "19": 1,
        "20": 3,
        "21": 3,
        "22": 3,
        "23": 1,
        "24": 1,
        "25": 1,
        "26": 4,
        "27": 1,
        "28": 1,
        "29": 0,
        "30": 4,
        "31": 1,
        "32": 0,
        "33": 1,
        "34": 2,
        "35": 3,
        "36": 1,
        "37": 4,
        "38": 2,
        "39": 1,
        "40": 1,
        "41": 0,
        "42": 2,
        "43": 3,
        "44": 4,
        "45": 1,
        "46": 1,
        "47": 3,
        "48": 2,
        "49": 2,
        "50": 1,
        "51": 4,
        "52": 0,
        "53": 3,
        "54": 2,
        "55": 4,
        "56": 3,
        "57": 3,
        "58": 2,
        "59": 2,
        "60": 4,
        "61": 0,
        "62": 4,
        "63": 4,
        "64": 0
    },
    "lower_bound": 51.0
}