{
    "node_types": [
        "invoice",
        "sku",
        "zone"
    ],
    "edge_types": [
        "('invoice', 'requires', 'sku')",
        "('sku', 'located_at', 'zone')",
        "('sku', 'rev_requires', 'invoice')",
        "('zone', 'rev_located_at', 'sku')"
    ],
    "num_invoices": 30,
    "num_sku": 50,
    "num_zone": 5,
    "invoices": [
        [
            41
        ],
        [
            3,
            5,
            11
        ],
        [
            37,
            34,
            40,
            18,
            32
        ],
        [
            22,
            29,
            7,
            47,
            25
        ],
        [
            31,
            9,
            15,
            21,
            17,
            43,
            48
        ],
        [
            4,
            17,
            42,
            33,
            2
        ],
        [
            7,
            9,
            13,
            10,
            7,
            3
        ],
        [
            45,
            8,
            16,
            25,
            6,
            19,
            11
        ],
        [
            27,
            44,
            35,
            44
        ],
        [
            39,
            1,
            48,
            14,
            26
        ],
        [
            28,
            39,
            22,
            42,
            49,
            23,
            6,
            17,
            10
        ],
        [
            43,
            37,
            21,
            11
        ],
        [
            9,
            1,
            32,
            5,
            25,
            16,
            20
        ],
        [
            29,
            35,
            26,
            0,
            36,
            46
        ],
        [
            24,
            4,
            46,
            38,
            33,
            37
        ],
        [
            40,
            42,
            47
        ],
        [
            32,
            6,
            12,
            10,
            39,
            34,
            15,
            15
        ],
        [
            33,
            31,
            17,
            36,
            11
        ],
        [
            29,
            30,
            0
        ],
        [
            23
        ],
        [
            33,
            16,
            9,
            3,
            16,
            30
        ],
        [
            44,
            31,
            38,
            10,
            38,
            6,
            41,
            25,
            45,
            18,
            40,
            3
        ],
        [
            38,
            48,
            19,
            32
        ],
        [
            22,
            7
        ],
        [
            43,
            36
        ],
        [
            8,
            27,
            30,
            2,
            18,
            40
        ],
        [
            4,
            37,
            15
        ],
        [
            36,
            12,
            18,
            20
        ],
        [
            45,
            24,
            27,
            5,
            28,
            29,
            19,
            22
        ],
        [
            2,
            13,
            49,
            14,
            39
        ]
    ],
    "matching": {
        "0": 4,
        "1": 3,
        "2": 0,
        "3": 0,
        "4": 3,
        "5": 3,
        "6": 4,
        "7": 2,
        "8": 0,
        "9": 3,
        "10": 4,
        "11": 4,
        "12": 3,
        "13": 4,
        "14": 2,
        "15": 0,
        "16": 0,
        "17": 1,
        "18": 1,
        "19": 0,
        "20": 1,
        "21": 4,
        "22": 4,
        "23": 4,
        "24": 1,
        "25": 4,
        "26": 3,
        "27": 0,
        "28": 0,
        "29": 3,
        "30": 2,
        "31": 3,
        "32": 4,
        "33": 2,
        "34": 0,
        "35": 1,
        "36": 1,
        "37": 3,
        "38": 1,
        "39": 3,
        "40": 3,
        "41": 4,
        "42": 3,
        "43": 0,
        "44": 1,
        "45": 1,
        "46": 3,
        "47": 2,
        "48": 2,
        "49": 2
    },
    "lower_bound": 48.0
}