{
    "node_types": [
        "invoice",
        "sku",
        "zone"
    ],
    "edge_types": [
        "('invoice', 'requires', 'sku')",
        "('sku', 'located_at', 'zone')",
        "('sku', 'rev_requires', 'invoice')",
        "('zone', 'rev_located_at', 'sku')"
    ],
    "num_invoices": 30,
    "num_sku": 92,
    "num_zone": 5,
    "invoices": [
        [
            39,
            85,
            16,
            74,
            32,
            75,
            88,
            62,
            81,
            42,
            24
        ],
        [
            64,
            49,
            67,
            1,
            53,
            52,
            73,
            0
        ],
        [
            46,
            14,
            69,
            46,
            17,
            13,
            12,
            8,
            48
        ],
        [
            86,
            25,
            89,
            41,
            56,
            40,
            44,
            59,
            77
        ],
        [
            30,
            74,
            84,
            36,
            68,
            83,
            89,
            53,
            55,
            33,
            31,
            88,
            4
        ],
        [
            24,
            25,
            31,
            85,
            54,
            56,
            21,
            53,
            11,
            51
        ],
        [
            34,
            32,
            86,
            22,
            3,
            18,
            0,
            40,
            7,
            20,
            79
        ],
        [
            72,
            22,
            24,
            37,
            91,
            76,
            15,
            20,
            9
        ],
        [
            82,
            44,
            35,
            27,
            40
        ],
        [
            35,
            60,
            39,
            44,
            28,
            65
        ],
        [
            35,
            70,
            55,
            68,
            78,
            44,
            2,
            52
        ],
        [
            66,
            0,
            77,
            15,
            61,
            50,
            76,
            68
        ],
        [
            6,
            30,
            27,
            69,
            77,
            69,
            80
        ],
        [
            59,
            16,
            66,
            9,
            72,
            74,
            57,
            47,
            55,
            90,
            50
        ],
        [
            19,
            14,
            76,
            74,
            88,
            45,
            23,
            5,
            12,
            64
        ],
        [
            56,
            67,
            78,
            67,
            59,
            53,
            52,
            61,
            43,
            34,
            63,
            13,
            35,
            57,
            83,
            88,
            51,
            85
        ],
        [
            18,
            14,
            54,
            20,
            2,
            43,
            12,
            30,
            65,
            21,
            20,
            50
        ],
        [
            30,
            42,
            58,
            29,
            62,
            51,
            68,
            18
        ],
        [
            49,
            19,
            6,
            5,
            84,
            80,
            15,
            87,
            6
        ],
        [
            63,
            49,
            64,
            5,
            60,
            54,
            59,
            36,
            91,
            7,
            89,
            83,
            47,
            70,
            49,
            81
        ],
        [
            77,
            10,
            17,
            87,
            67,
            9
        ],
        [
            26,
            72,
            29,
            71,
            38,
            28,
            6,
            48,
            63
        ],
        [
            32,
            16,
            26,
            71,
            82,
            73,
            70,
            84,
            23,
            28,
            4
        ],
        [
            17,
            2,
            48,
            13,
            21,
            10
        ],
        [
            41,
            7,
            31,
            86,
            71,
            41,
            34,
            79,
            58,
            1,
            78
        ],
        [
            25,
            54,
            17,
            19,
            75,
            3,
            73,
            21,
            55,
            9,
            43
        ],
        [
            66,
            82,
            36,
            85,
            52,
            43,
            76,
            62
        ],
        [
            46,
            11,
            16,
            61,
            37,
            1,
            14,
            75,
            8,
            90,
            50,
            60,
            29
        ],
        [
            36,
            33,
            38,
            39,
            75,
            15,
            63,
            69
        ],
        [
            90,
            79,
            33,
            3,
            86,
            66,
            41,
            45,
            42,
            81,
            3,
            7
        ]
    ],
    "matching": {
        "0": 3,
        "1": 4,
        "2": 0,
        "3": 3,
        "4": 1,
        "5": 1,
        "6": 0,
        "7": 1,
        "8": 4,
        "9": 3,
        "10": 2,
        "11": 3,
        "12": 2,
        "13": 1,
        "14": 4,
        "15": 1,
        "16": 2,
        "17": 1,
        "18": 3,
        "19": 3,
        "20": 2,
        "21": 2,
        "22": 1,
        "23": 0,
        "24": 4,
        "25": 2,
        "26": 4,
        "27": 3,
        "28": 0,
        "29": 4,
        "30": 4,
        "31": 1,
        "32": 3,
        "33": 3,
        "34": 3,
        "35": 1,
        "36": 2,
        "37": 0,
        "38": 3,
        "39": 2,
        "40": 3,
        "41": 2,
        "42": 0,
        "43": 2,
        "44": 1,
        "45": 2,
        "46": 0,
        "47": 3,
        "48": 3,
        "49": 0,
        "50": 1,
        "51": 1,
        "52": 1,
        "53": 4,
        "54": 2,
        "55": 2,
        "56": 1,
        "57": 2,
        "58": 1,
        "59": 4,
        "60": 2,
        "61": 0,
        "62": 4,
        "63": 2,
        "64": 4,
        "65": 3,
        "66": 0,
        "67": 2,
        "68": 1,
        "69": 2,
        "70": 0,
        "71": 4,
        "72": 4,
        "73": 2,
        "74": 2,
        "75": 3,
        "76": 4,
        "77": 3,
        "78": 0,
        "79": 1,
        "80": 0,
        "81": 4,
        "82": 2,
        "83": 1,
        "84": 3,
        "85": 1,
        "86": 3,
        "87": 4,
        "88": 1,
        "89": 0,
        "90": 4,
        "91": 2
    },
    "lower_bound": 66.0
}