{
    "node_types": [
        "invoice",
        "sku",
        "zone"
    ],
    "edge_types": [
        "('invoice', 'requires', 'sku')",
        "('sku', 'located_at', 'zone')",
        "('sku', 'rev_requires', 'invoice')",
        "('zone', 'rev_located_at', 'sku')"
    ],
    "num_invoices": 30,
    "num_sku": 100,
    "num_zone": 5,
    "invoices": [
        [
            36,
            67,
            57,
            56,
            32,
            15,
            58,
            77,
            16,
            17,
            65,
            26,
            62,
            90
        ],
        [
            88,
            0,
            14,
            47,
            57,
            2,
            91,
            28,
            11,
            54,
            45
        ],
        [
            33,
            59,
            39,
            4,
            72,
            65,
            61,
            52,
            5,
            58,
            49,
            30,
            17
        ],
        [
            69,
            9,
            50,
            33,
            50,
            64,
            87,
            76,
            48
        ],
        [
            27,
            42,
            92,
            26,
            7,
            23,
            66,
            46,
            60,
            61,
            16
        ],
        [
            52,
            14,
            38,
            4,
            77,
            0,
            54,
            90
        ],
        [
            28,
            55,
            16,
            58,
            83,
            33,
            37,
            22,
            91,
            94,
            69,
            15,
            67
        ],
        [
            11,
            40,
            54,
            59,
            71,
            27,
            20,
            11
        ],
        [
            92,
            87,
            25,
            31,
            41,
            78,
            68,
            51,
            70,
            4
        ],
        [
            24,
            90,
            18,
            48,
            91,
            68,
            35,
            26,
            60,
            99,
            56
        ],
        [
            73,
            6,
            21,
            55,
            70,
            43,
            12,
            30,
            1,
            50,
            5,
            95,
            82,
            19,
            40,
            13,
            80,
            98
        ],
        [
            9,
            28,
            96,
            25,
            46,
            73,
            44,
            86,
            72,
            98
        ],
        [
            77,
            18,
            60,
            95,
            47,
            18,
            85,
            96,
            89,
            69
        ],
        [
            43,
            46,
            7,
            38,
            61,
            44,
            72,
            77,
            97
        ],
        [
            92,
            54,
            3,
            42,
            23,
            25,
            21,
            64,
            47
        ],
        [
            68,
            78,
            83,
            93,
            8,
            5,
            37,
            96,
            99,
            93,
            44
        ],
        [
            91,
            64,
            40,
            38,
            49,
            1,
            29,
            67,
            59,
            86,
            23,
            15,
            3,
            66,
            2,
            9,
            53
        ],
        [
            14,
            75,
            84,
            8,
            17,
            61,
            46,
            24,
            78,
            90,
            57,
            14
        ],
        [
            51,
            41,
            58,
            97,
            8,
            13,
            43,
            30,
            89,
            21
        ],
        [
            25,
            37,
            24,
            79,
            81,
            17,
            92,
            62,
            74,
            22,
            70
        ],
        [
            22,
            31,
            19,
            33,
            23,
            28,
            62,
            73,
            34,
            93,
            79,
            30,
            40,
            81,
            5
        ],
        [
            88,
            24,
            26,
            98,
            75,
            20,
            63,
            27,
            8
        ],
        [
            21,
            69,
            32,
            78,
            34,
            50,
            22,
            7
        ],
        [
            74,
            71,
            13,
            15,
            39,
            55,
            94
        ],
        [
            80,
            18,
            3,
            71,
            6,
            36,
            76,
            29,
            34,
            2,
            64,
            1
        ],
        [
            10,
            7,
            68,
            51
        ],
        [
            89,
            63,
            86,
            93,
            70,
            0,
            35
        ],
        [
            82,
            80,
            45,
            53,
            81,
            74,
            65
        ],
        [
            10,
            2,
            81,
            88,
            10,
            52,
            49,
            98,
            84,
            36,
            6,
            86,
            57
        ],
        [
            82,
            85,
            12,
            11,
            88,
            6,
            0
        ]
    ],
    "matching": {
        "0": 2,
        "1": 4,
        "2": 1,
        "3": 2,
        "4": 1,
        "5": 1,
        "6": 1,
        "7": 3,
        "8": 1,
        "9": 0,
        "10": 2,
        "11": 0,
        "12": 4,
        "13": 2,
        "14": 2,
        "15": 0,
        "16": 0,
        "17": 4,
        "18": 4,
        "19": 4,
        "20": 2,
        "21": 1,
        "22": 0,
        "23": 1,
        "24": 1,
        "25": 2,
        "26": 4,
        "27": 0,
        "28": 0,
        "29": 3,
        "30": 2,
        "31": 0,
        "32": 1,
        "33": 1,
        "34": 0,
        "35": 4,
        "36": 2,
        "37": 4,
        "38": 2,
        "39": 1,
        "40": 4,
        "41": 1,
        "42": 4,
        "43": 1,
        "44": 2,
        "45": 1,
        "46": 0,
        "47": 1,
        "48": 1,
        "49": 4,
        "50": 3,
        "51": 1,
        "52": 1,
        "53": 4,
        "54": 4,
        "55": 2,
        "56": 0,
        "57": 1,
        "58": 4,
        "59": 1,
        "60": 1,
        "61": 3,
        "62": 1,
        "63": 4,
        "64": 1,
        "65": 4,
        "66": 0,
        "67": 3,
        "68": 1,
        "69": 1,
        "70": 2,
        "71": 1,
        "72": 1,
        "73": 2,
        "74": 1,
        "75": 0,
        "76": 0,
        "77": 1,
        "78": 2,
        "79": 2,
        "80": 1,
        "81": 3,
        "82": 2,
        "83": 1,
        "84": 1,
        "85": 1,
        "86": 0,
        "87": 0,
        "88": 3,
        "89": 1,
        "90": 1,
        "91": 1,
        "92": 3,
        "93": 4,
        "94": 0,
        "95": 2,
        "96": 1,
        "97": 3,
        "98": 0,
        "99": 4
    },
    "lower_bound": 66.0
}