{
    "node_types": [
        "invoice",
        "sku",
        "zone"
    ],
    "edge_types": [
        "('invoice', 'requires', 'sku')",
        "('sku', 'located_at', 'zone')",
        "('sku', 'rev_requires', 'invoice')",
        "('zone', 'rev_located_at', 'sku')"
    ],
    "num_invoices": 27,
    "num_sku": 70,
    "num_zone": 5,
    "invoices": [
        [
            40,
            36,
            7,
            42,
            29
        ],
        [
            10,
            6,
            46,
            17,
            13
        ],
        [
            50,
            8,
            34,
            17,
            67,
            0,
            43,
            63,
            68,
            53,
            1,
            15,
            8,
            53,
            40,
            21
        ],
        [
            22,
            28,
            51,
            54,
            3,
            39,
            33,
            52
        ],
        [
            50,
            3,
            44,
            9,
            10,
            5,
            65,
            20,
            33
        ],
        [
            64,
            14,
            52,
            7,
            65,
            41,
            1,
            50,
            19,
            42,
            42
        ],
        [
            64,
            36,
            61,
            68,
            19,
            66,
            19,
            63,
            54,
            65
        ],
        [
            20,
            57,
            61,
            28,
            13
        ],
        [
            18,
            22,
            60,
            0,
            51,
            44,
            33
        ],
        [
            18
        ],
        [
            46,
            44,
            16,
            12,
            25,
            48,
            42,
            5,
            29,
            47,
            55,
            28
        ],
        [
            54,
            0,
            10,
            51,
            67,
            43,
            1,
            62
        ],
        [
            23,
            31,
            51,
            5,
            45,
            56,
            2
        ],
        [
            60,
            2,
            53,
            18,
            24,
            64,
            6,
            48
        ],
        [
            45,
            66,
            26,
            31,
            55,
            22,
            15
        ],
        [
            37,
            56,
            68,
            11,
            24,
            12
        ],
        [
            3,
            30,
            62,
            59,
            24
        ],
        [
            49,
            26,
            39,
            10,
            1,
            39
        ],
        [
            52,
            68,
            55,
            22,
            14,
            40,
            30,
            53,
            9,
            13,
            17,
            69
        ],
        [
            12,
            4,
            62,
            12,
            32,
            23,
            62,
            25,
            58
        ],
        [
            59,
            60,
            0,
            39,
            7,
            57,
            20,
            32
        ],
        [
            47,
            49,
            38,
            48,
            61,
            52,
            34,
            37
        ],
        [
            27,
            41,
            4,
            38,
            8,
            47,
            16,
            50
        ],
        [
            21,
            16,
            40,
            66,
            28,
            49
        ],
        [
            58,
            66,
            11,
            27,
            8,
            35
        ],
        [
            43,
            3,
            11,
            59,
            59,
            43
        ],
        [
            13,
            69,
            35,
            7,
            60,
            29,
            36
        ]
    ],
    "matching": {
        "0": 1,
        "1": 4,
        "2": 3,
        "3": 2,
        "4": 1,
        "5": 3,
        "6": 3,
        "7": 0,
        "8": 4,
        "9": 2,
        "10": 1,
        "11": 3,
        "12": 4,
        "13": 4,
        "14": 3,
        "15": 2,
        "16": 2,
        "17": 1,
        "18": 0,
        "19": 1,
        "20": 4,
        "21": 0,
        "22": 2,
        "23": 4,
        "24": 4,
        "25": 2,
        "26": 0,
        "27": 3,
        "28": 2,
        "29": 3,
        "30": 2,
        "31": 2,
        "32": 4,
        "33": 4,
        "34": 1,
        "35": 1,
        "36": 2,
        "37": 1,
        "38": 0,
        "39": 1,
        "40": 2,
        "41": 4,
        "42": 4,
        "43": 1,
        "44": 0,
        "45": 1,
        "46": 1,
        "47": 0,
        "48": 4,
        "49": 1,
        "50": 0,
        "51": 1,
        "52": 1,
        "53": 1,
        "54": 2,
        "55": 1,
        "56": 4,
        "57": 4,
        "58": 2,
        "59": 2,
        "60": 1,
        "61": 4,
        "62": 2,
        "63": 0,
        "64": 0,
        "65": 4,
        "66": 4,
        "67": 3,
        "68": 2,
        "69": 0
    },
    "lower_bound": 60.0
}