{
    "node_types": [
        "invoice",
        "sku",
        "zone"
    ],
    "edge_types": [
        "('invoice', 'requires', 'sku')",
        "('sku', 'located_at', 'zone')",
        "('sku', 'rev_requires', 'invoice')",
        "('zone', 'rev_located_at', 'sku')"
    ],
    "num_invoices": 27,
    "num_sku": 75,
    "num_zone": 5,
    "invoices": [
        [
            36,
            30,
            2,
            62,
            4,
            39
        ],
        [
            17,
            20,
            25,
            64,
            67
        ],
        [
            15,
            43,
            59,
            19,
            59,
            22,
            69,
            41,
            6,
            34,
            48,
            30
        ],
        [
            70,
            66,
            73,
            71,
            7,
            0
        ],
        [
            28,
            3,
            16,
            19,
            8,
            29,
            50
        ],
        [
            60,
            14,
            42,
            47
        ],
        [
            28,
            5,
            30,
            23,
            31,
            68,
            6,
            65
        ],
        [
            10,
            49,
            37,
            32,
            42,
            63,
            39
        ],
        [
            41,
            13,
            50,
            29,
            6,
            57,
            72,
            73,
            37,
            4,
            44,
            46,
            58,
            12,
            11,
            67,
            53
        ],
        [
            32,
            40,
            5,
            27
        ],
        [
            45,
            54,
            26,
            43,
            62,
            33,
            42,
            16,
            12,
            18,
            68,
            0
        ],
        [
            52,
            5,
            5,
            9,
            21,
            74,
            25,
            54,
            48,
            37,
            22
        ],
        [
            72,
            1,
            65,
            13,
            46,
            50
        ],
        [
            62,
            40,
            44,
            34,
            65,
            61
        ],
        [
            12,
            2,
            13,
            20,
            27,
            51
        ],
        [
            11,
            17,
            73,
            44,
            71,
            15,
            12,
            8,
            28
        ],
        [
            67,
            63,
            14,
            62
        ],
        [
            16,
            22,
            63,
            35,
            56,
            46,
            9,
            48,
            45,
            49
        ],
        [
            48,
            8,
            33,
            71,
            55,
            65,
            55,
            11,
            74,
            64,
            26,
            13,
            21,
            54,
            66
        ],
        [
            10,
            58,
            7,
            69,
            6,
            60,
            4,
            2,
            34,
            52,
            61
        ],
        [
            54,
            2,
            8,
            22,
            47,
            53,
            17,
            38,
            1
        ],
        [
            53,
            7,
            37,
            29,
            11,
            45,
            70,
            47,
            32,
            20,
            24,
            61
        ],
        [
            51,
            24,
            23,
            52,
            35,
            47,
            40,
            10,
            15,
            17,
            25,
            45
        ],
        [
            57,
            74,
            69,
            56
        ],
        [
            56,
            41,
            14,
            39,
            36,
            71,
            3,
            58,
            31,
            9
        ],
        [
            56,
            40,
            74
        ],
        [
            0,
            38,
            15,
            25,
            49,
            18,
            7,
            59,
            36,
            69
        ]
    ],
    "matching": {
        "0": 4,
        "1": 0,
        "2": 1,
        "3": 4,
        "4": 0,
        "5": 1,
        "6": 4,
        "7": 2,
        "8": 4,
        "9": 0,
        "10": 3,
        "11": 3,
        "12": 2,
        "13": 0,
        "14": 4,
        "15": 3,
        "16": 1,
        "17": 0,
        "18": 3,
        "19": 3,
        "20": 2,
        "21": 3,
        "22": 3,
        "23": 1,
        "24": 1,
        "25": 0,
        "26": 4,
        "27": 0,
        "28": 3,
        "29": 0,
        "30": 1,
        "31": 0,
        "32": 3,
        "33": 1,
        "34": 1,
        "35": 1,
        "36": 4,
        "37": 3,
        "38": 4,
        "39": 4,
        "40": 0,
        "41": 3,
        "42": 4,
        "43": 0,
        "44": 4,
        "45": 0,
        "46": 4,
        "47": 4,
        "48": 1,
        "49": 0,
        "50": 1,
        "51": 3,
        "52": 0,
        "53": 4,
        "54": 0,
        "55": 2,
        "56": 3,
        "57": 0,
        "58": 1,
        "59": 4,
        "60": 1,
        "61": 2,
        "62": 4,
        "63": 4,
        "64": 0,
        "65": 4,
        "66": 3,
        "67": 1,
        "68": 3,
        "69": 4,
        "70": 0,
        "71": 0,
        "72": 3,
        "73": 3,
        "74": 4
    },
    "lower_bound": 63.0
}