{
    "node_types": [
        "invoice",
        "sku",
        "zone"
    ],
    "edge_types": [
        "('invoice', 'requires', 'sku')",
        "('sku', 'located_at', 'zone')",
        "('sku', 'rev_requires', 'invoice')",
        "('zone', 'rev_located_at', 'sku')"
    ],
    "num_invoices": 29,
    "num_sku": 75,
    "num_zone": 5,
    "invoices": [
        [
            32,
            42,
            8,
            40,
            49,
            64,
            17,
            71,
            23
        ],
        [
            73,
            8,
            11,
            64,
            40,
            59,
            7,
            43,
            35,
            26
        ],
        [
            26,
            40,
            9,
            48,
            50,
            47,
            18,
            64
        ],
        [
            37,
            2,
            52,
            37,
            20,
            47,
            7
        ],
        [
            22,
            25,
            67,
            23,
            0,
            12,
            68,
            18
        ],
        [
            23,
            17,
            26,
            17,
            6,
            65,
            22,
            5,
            24,
            34,
            8,
            41,
            68
        ],
        [
            52,
            34,
            65,
            19,
            51,
            58
        ],
        [
            14,
            72,
            29,
            25,
            44,
            42,
            68,
            3
        ],
        [
            66,
            47,
            25,
            28,
            41,
            45,
            36
        ],
        [
            40,
            13,
            48,
            13,
            30,
            33,
            61,
            60,
            4
        ],
        [
            59,
            38,
            61
        ],
        [
            60,
            72,
            41,
            51
        ],
        [
            49,
            23,
            9,
            74,
            43,
            55,
            27,
            58,
            33,
            67
        ],
        [
            9,
            46,
            31,
            18,
            8
        ],
        [
            28,
            6,
            7,
            16,
            74,
            29
        ],
        [
            74,
            55,
            24,
            57,
            51,
            56,
            63,
            53,
            62
        ],
        [
            28,
            66,
            35,
            31,
            71,
            71,
            11,
            32,
            56
        ],
        [
            68,
            15,
            63,
            65,
            66,
            63,
            12,
            14
        ],
        [
            22,
            13,
            66,
            63,
            46
        ],
        [
            70,
            44,
            3,
            27,
            16
        ],
        [
            53,
            38,
            38,
            48,
            62,
            15,
            70
        ],
        [
            69,
            6,
            35,
            4,
            36,
            14
        ],
        [
            50,
            11,
            15,
            46,
            14,
            45,
            72,
            54,
            5,
            7,
            24,
            20,
            30
        ],
        [
            4,
            21,
            25,
            3,
            20,
            70,
            70,
            73,
            52,
            39
        ],
        [
            46,
            69,
            1,
            2,
            10,
            29,
            54,
            43,
            39,
            58
        ],
        [
            67,
            2,
            9,
            37,
            0,
            10,
            19
        ],
        [
            71,
            62,
            69,
            49,
            1,
            38,
            56,
            28,
            39,
            21
        ],
        [
            57,
            49,
            51,
            74,
            43,
            15,
            59,
            57
        ],
        [
            22,
            4,
            60
        ]
    ],
    "matching": {
        "0": 4,
        "1": 0,
        "2": 0,
        "3": 0,
        "4": 4,
        "5": 3,
        "6": 2,
        "7": 4,
        "8": 2,
        "9": 2,
        "10": 1,
        "11": 4,
        "12": 1,
        "13": 4,
        "14": 3,
        "15": 1,
        "16": 4,
        "17": 4,
        "18": 1,
        "19": 2,
        "20": 2,
        "21": 1,
        "22": 2,
        "23": 1,
        "24": 1,
        "25": 3,
        "26": 1,
        "27": 0,
        "28": 0,
        "29": 4,
        "30": 3,
        "31": 4,
        "32": 4,
        "33": 3,
        "34": 4,
        "35": 4,
        "36": 3,
        "37": 3,
        "38": 1,
        "39": 0,
        "40": 3,
        "41": 0,
        "42": 1,
        "43": 0,
        "44": 3,
        "45": 3,
        "46": 2,
        "47": 1,
        "48": 4,
        "49": 4,
        "50": 3,
        "51": 4,
        "52": 1,
        "53": 0,
        "54": 3,
        "55": 2,
        "56": 1,
        "57": 2,
        "58": 2,
        "59": 3,
        "60": 1,
        "61": 0,
        "62": 1,
        "63": 3,
        "64": 0,
        "65": 2,
        "66": 4,
        "67": 0,
        "68": 0,
        "69": 3,
        "70": 0,
        "71": 1,
        "72": 4,
        "73": 4,
        "74": 1
    },
    "lower_bound": 51.0
}