{
    "node_types": [
        "invoice",
        "sku",
        "zone"
    ],
    "edge_types": [
        "('invoice', 'requires', 'sku')",
        "('sku', 'located_at', 'zone')",
        "('sku', 'rev_requires', 'invoice')",
        "('zone', 'rev_located_at', 'sku')"
    ],
    "num_invoices": 32,
    "num_sku": 79,
    "num_zone": 5,
    "invoices": [
        [
            14,
            42,
            55,
            42,
            69
        ],
        [
            59,
            13,
            52,
            70,
            6,
            63
        ],
        [
            32,
            76,
            39,
            42,
            29,
            55,
            30,
            69,
            51
        ],
        [
            75,
            49,
            18,
            39,
            75,
            26,
            67,
            32,
            35
        ],
        [
            25,
            76,
            26,
            65,
            53
        ],
        [
            22,
            43,
            3,
            45
        ],
        [
            46,
            50,
            20,
            16,
            69,
            8,
            74,
            4,
            8,
            12,
            6,
            11,
            43,
            10
        ],
        [
            68,
            24,
            63,
            43,
            40,
            50,
            31,
            28,
            1
        ],
        [
            3,
            28,
            5
        ],
        [
            77,
            45,
            20,
            9,
            48,
            66,
            37,
            78,
            68,
            26,
            77
        ],
        [
            27,
            61,
            63,
            0,
            32,
            13,
            58,
            31,
            20
        ],
        [
            3,
            21,
            78,
            10,
            1,
            51,
            41,
            41,
            35,
            40,
            54
        ],
        [
            30,
            67,
            32,
            9,
            49,
            19,
            0,
            14,
            29
        ],
        [
            13,
            11,
            23,
            7,
            2
        ],
        [
            61,
            67,
            19,
            33,
            20
        ],
        [
            62,
            37,
            38,
            50,
            15,
            24,
            59,
            77
        ],
        [
            72,
            1,
            23,
            48,
            12,
            56,
            38
        ],
        [
            5,
            56,
            65,
            24,
            10
        ],
        [
            7,
            27,
            47,
            70,
            76,
            60,
            5,
            34,
            56,
            55,
            74
        ],
        [
            57,
            27,
            42,
            78,
            21,
            21,
            63,
            11,
            78
        ],
        [
            30,
            36,
            27,
            41,
            73,
            65,
            55,
            36
        ],
        [
            7,
            34,
            25,
            24,
            45,
            25,
            4,
            60,
            41,
            60,
            57
        ],
        [
            8,
            58,
            45,
            62,
            10,
            44,
            51
        ],
        [
            17,
            65,
            71,
            44
        ],
        [
            13,
            21,
            16,
            38,
            73,
            46
        ],
        [
            31,
            61,
            59,
            19,
            72,
            48,
            73,
            66,
            26
        ],
        [
            33,
            8,
            17,
            0,
            56
        ],
        [
            47,
            75,
            53,
            15,
            16,
            51,
            40,
            39
        ],
        [
            2,
            14,
            28,
            58,
            22,
            53
        ],
        [
            6,
            47,
            76,
            23,
            36,
            52,
            77,
            64,
            64,
            39
        ],
        [
            57,
            37,
            46,
            11,
            14,
            16,
            54,
            74,
            6,
            69
        ],
        [
            73,
            66,
            18,
            71
        ]
    ],
    "matching": {
        "0": 2,
        "1": 2,
        "2": 2,
        "3": 4,
        "4": 3,
        "5": 2,
        "6": 2,
        "7": 4,
        "8": 2,
        "9": 3,
        "10": 2,
        "11": 2,
        "12": 2,
        "13": 2,
        "14": 4,
        "15": 3,
        "16": 3,
        "17": 4,
        "18": 4,
        "19": 2,
        "20": 2,
        "21": 3,
        "22": 1,
        "23": 0,
        "24": 2,
        "25": 1,
        "26": 0,
        "27": 2,
        "28": 3,
        "29": 2,
        "30": 4,
        "31": 3,
        "32": 2,
        "33": 0,
        "34": 2,
        "35": 1,
        "36": 3,
        "37": 2,
        "38": 2,
        "39": 4,
        "40": 2,
        "41": 4,
        "42": 1,
        "43": 3,
        "44": 3,
        "45": 4,
        "46": 1,
        "47": 2,
        "48": 1,
        "49": 4,
        "50": 2,
        "51": 0,
        "52": 4,
        "53": 2,
        "54": 0,
        "55": 1,
        "56": 1,
        "57": 3,
        "58": 4,
        "59": 4,
        "60": 0,
        "61": 0,
        "62": 0,
        "63": 4,
        "64": 3,
        "65": 2,
        "66": 2,
        "67": 4,
        "68": 2,
        "69": 4,
        "70": 1,
        "71": 4,
        "72": 4,
        "73": 0,
        "74": 3,
        "75": 0,
        "76": 2,
        "77": 2,
        "78": 4
    },
    "lower_bound": 54.0
}