{
    "node_types": [
        "invoice",
        "sku",
        "zone"
    ],
    "edge_types": [
        "('invoice', 'requires', 'sku')",
        "('sku', 'located_at', 'zone')",
        "('sku', 'rev_requires', 'invoice')",
        "('zone', 'rev_located_at', 'sku')"
    ],
    "num_invoices": 28,
    "num_sku": 89,
    "num_zone": 5,
    "invoices": [
        [
            66,
            40,
            48,
            56,
            67,
            58,
            57,
            50,
            64,
            64,
            63
        ],
        [
            68,
            37,
            44,
            88,
            28,
            46,
            37,
            48,
            29,
            59,
            38
        ],
        [
            51,
            19,
            52,
            10,
            72,
            59,
            33
        ],
        [
            7,
            1,
            6,
            64,
            55,
            63,
            4
        ],
        [
            46,
            10,
            40,
            39,
            18,
            28,
            17,
            34
        ],
        [
            8,
            33,
            87,
            16,
            5,
            27,
            5,
            75,
            80,
            60,
            12,
            73
        ],
        [
            61,
            4,
            1,
            74,
            17,
            78,
            36
        ],
        [
            56,
            12,
            39,
            67,
            22,
            31,
            3,
            85,
            51
        ],
        [
            76,
            58,
            74,
            72,
            19,
            78,
            81,
            57,
            70
        ],
        [
            75,
            9,
            75,
            77,
            75,
            20,
            61,
            79,
            60,
            12
        ],
        [
            73,
            9,
            15,
            28,
            49,
            21,
            3,
            18,
            10,
            34,
            30
        ],
        [
            55,
            83,
            24,
            44,
            88,
            83,
            42
        ],
        [
            26,
            84,
            23,
            18,
            42,
            53,
            67,
            25,
            69,
            47,
            2
        ],
        [
            68,
            54,
            35,
            66,
            81,
            80,
            54,
            52,
            30,
            14,
            51,
            33,
            41
        ],
        [
            7,
            2,
            73,
            23,
            44,
            21,
            50,
            49,
            6,
            65,
            60
        ],
        [
            26,
            10,
            70,
            86,
            31,
            57,
            32,
            17
        ],
        [
            36,
            85,
            74,
            88,
            45,
            82,
            11,
            8,
            15
        ],
        [
            15,
            87,
            6,
            43,
            54,
            8,
            2,
            25,
            49,
            27,
            23,
            35
        ],
        [
            23,
            88,
            61,
            76,
            38,
            69,
            77,
            77,
            82,
            36,
            74,
            38,
            34,
            78,
            25
        ],
        [
            80,
            41,
            45,
            64,
            37,
            11
        ],
        [
            29,
            40,
            58,
            26,
            22,
            22,
            28,
            14,
            83,
            69,
            65,
            35,
            9
        ],
        [
            52,
            79,
            62,
            20,
            71,
            79,
            17,
            72,
            43,
            87
        ],
        [
            39,
            63,
            7,
            16,
            26,
            49,
            52,
            83,
            36,
            18,
            29,
            24,
            65,
            16,
            24,
            46
        ],
        [
            61,
            33,
            13
        ],
        [
            57,
            29,
            54,
            15,
            63,
            84,
            73,
            51,
            82,
            41
        ],
        [
            55,
            84,
            86,
            50,
            13
        ],
        [
            50,
            71,
            62,
            8,
            41,
            32,
            47,
            82,
            58,
            16,
            3,
            84,
            22,
            71,
            53
        ],
        [
            7,
            70,
            66,
            27,
            69,
            35,
            0,
            38,
            27,
            0
        ]
    ],
    "matching": {
        "0": 1,
        "1": 0,
        "2": 3,
        "3": 0,
        "4": 3,
        "5": 3,
        "6": 3,
        "7": 4,
        "8": 1,
        "9": 0,
        "10": 4,
        "11": 4,
        "12": 0,
        "13": 3,
        "14": 3,
        "15": 1,
        "16": 0,
        "17": 4,
        "18": 1,
        "19": 2,
        "20": 3,
        "21": 4,
        "22": 0,
        "23": 4,
        "24": 3,
        "25": 3,
        "26": 2,
        "27": 4,
        "28": 3,
        "29": 4,
        "30": 0,
        "31": 0,
        "32": 3,
        "33": 3,
        "34": 2,
        "35": 2,
        "36": 3,
        "37": 4,
        "38": 0,
        "39": 3,
        "40": 2,
        "41": 3,
        "42": 3,
        "43": 2,
        "44": 3,
        "45": 1,
        "46": 3,
        "47": 2,
        "48": 1,
        "49": 1,
        "50": 1,
        "51": 4,
        "52": 0,
        "53": 2,
        "54": 1,
        "55": 0,
        "56": 1,
        "57": 0,
        "58": 1,
        "59": 3,
        "60": 4,
        "61": 4,
        "62": 0,
        "63": 4,
        "64": 2,
        "65": 2,
        "66": 1,
        "67": 2,
        "68": 3,
        "69": 2,
        "70": 3,
        "71": 3,
        "72": 2,
        "73": 4,
        "74": 4,
        "75": 2,
        "76": 0,
        "77": 1,
        "78": 1,
        "79": 0,
        "80": 1,
        "81": 3,
        "82": 0,
        "83": 4,
        "84": 1,
        "85": 2,
        "86": 3,
        "87": 4,
        "88": 1
    },
    "lower_bound": 60.0
}