{
    "node_types": [
        "invoice",
        "sku",
        "zone"
    ],
    "edge_types": [
        "('invoice', 'requires', 'sku')",
        "('sku', 'located_at', 'zone')",
        "('sku', 'rev_requires', 'invoice')",
        "('zone', 'rev_located_at', 'sku')"
    ],
    "num_invoices": 29,
    "num_sku": 76,
    "num_zone": 5,
    "invoices": [
        [
            38,
            56,
            38,
            36,
            64,
            56,
            66,
            63,
            53,
            50,
            57,
            38
        ],
        [
            39,
            2,
            35,
            57,
            27,
            58,
            47,
            72
        ],
        [
            52,
            75,
            1,
            44,
            75,
            64,
            66,
            62,
            72,
            13,
            68,
            8,
            66
        ],
        [
            30,
            22,
            67,
            29
        ],
        [
            27,
            59,
            71,
            5,
            25,
            50
        ],
        [
            26,
            20,
            63,
            21,
            52,
            71,
            60,
            2
        ],
        [
            42,
            29,
            42,
            42,
            16,
            67
        ],
        [
            1,
            15,
            17,
            31,
            52,
            0
        ],
        [
            45,
            14,
            74,
            32,
            14,
            18,
            34,
            19,
            30,
            69,
            43,
            0,
            75,
            63
        ],
        [
            64,
            33,
            41,
            54,
            68,
            51,
            73,
            49,
            3,
            4
        ],
        [
            64,
            12,
            61,
            23
        ],
        [
            19,
            47,
            22
        ],
        [
            40,
            0,
            57,
            62,
            37,
            29,
            65
        ],
        [
            69,
            49,
            68,
            69,
            48,
            71,
            34,
            47,
            48,
            13,
            32,
            40
        ],
        [
            67,
            4,
            41,
            10,
            60,
            30,
            51,
            73,
            24,
            28,
            34,
            10,
            20
        ],
        [
            3,
            36,
            25,
            37,
            31,
            38,
            7,
            0,
            23,
            70
        ],
        [
            6,
            12,
            11,
            49,
            39,
            16
        ],
        [
            32,
            62,
            7,
            50
        ],
        [
            4,
            35,
            8,
            72,
            46,
            20
        ],
        [
            4,
            53,
            70,
            19,
            33,
            51,
            65,
            44,
            43
        ],
        [
            5,
            43,
            25,
            31,
            55,
            9,
            58
        ],
        [
            46,
            21,
            44,
            62,
            2,
            5,
            15,
            36
        ],
        [
            54,
            43,
            45,
            61,
            69,
            13,
            34,
            47,
            18,
            56,
            57,
            73,
            53,
            8
        ],
        [
            9,
            51,
            29,
            61,
            31,
            17
        ],
        [
            49,
            1,
            7,
            5,
            68,
            59,
            14
        ],
        [
            24,
            46,
            48,
            6,
            56,
            2,
            39,
            55,
            71
        ],
        [
            8,
            74,
            63,
            28,
            36,
            17
        ],
        [
            24,
            32,
            42,
            11,
            53,
            59,
            65,
            75
        ],
        [
            58,
            11,
            65,
            26,
            59,
            30,
            48,
            35,
            50
        ]
    ],
    "matching": {
        "0": 4,
        "1": 0,
        "2": 3,
        "3": 0,
        "4": 1,
        "5": 1,
        "6": 2,
        "7": 1,
        "8": 3,
        "9": 2,
        "10": 4,
        "11": 3,
        "12": 2,
        "13": 2,
        "14": 2,
        "15": 1,
        "16": 1,
        "17": 4,
        "18": 0,
        "19": 2,
        "20": 2,
        "21": 3,
        "22": 3,
        "23": 4,
        "24": 2,
        "25": 3,
        "26": 4,
        "27": 1,
        "28": 0,
        "29": 0,
        "30": 2,
        "31": 3,
        "32": 4,
        "33": 4,
        "34": 2,
        "35": 2,
        "36": 0,
        "37": 1,
        "38": 0,
        "39": 3,
        "40": 2,
        "41": 4,
        "42": 2,
        "43": 1,
        "44": 1,
        "45": 3,
        "46": 4,
        "47": 2,
        "48": 2,
        "49": 4,
        "50": 1,
        "51": 2,
        "52": 4,
        "53": 3,
        "54": 4,
        "55": 0,
        "56": 3,
        "57": 3,
        "58": 1,
        "59": 2,
        "60": 0,
        "61": 1,
        "62": 1,
        "63": 2,
        "64": 3,
        "65": 3,
        "66": 0,
        "67": 0,
        "68": 4,
        "69": 2,
        "70": 3,
        "71": 2,
        "72": 0,
        "73": 4,
        "74": 4,
        "75": 0
    },
    "lower_bound": 54.0
}