{
    "node_types": [
        "invoice",
        "sku",
        "zone"
    ],
    "edge_types": [
        "('invoice', 'requires', 'sku')",
        "('sku', 'located_at', 'zone')",
        "('sku', 'rev_requires', 'invoice')",
        "('zone', 'rev_located_at', 'sku')"
    ],
    "num_invoices": 30,
    "num_sku": 98,
    "num_zone": 5,
    "invoices": [
        [
            73,
            21,
            36,
            60,
            96,
            82,
            69,
            30,
            47,
            71,
            51,
            72,
            92
        ],
        [
            27,
            50,
            25,
            79,
            49,
            18,
            89,
            23,
            17,
            51,
            87,
            7
        ],
        [
            38,
            95,
            70,
            29,
            72,
            19
        ],
        [
            46,
            34,
            86,
            91,
            39,
            32,
            11,
            77
        ],
        [
            2,
            26,
            43,
            1,
            24,
            38,
            56,
            61,
            81,
            89,
            19,
            81,
            57,
            31
        ],
        [
            84,
            75,
            93,
            94,
            85,
            85
        ],
        [
            46,
            78,
            80,
            47,
            12,
            47,
            67,
            30
        ],
        [
            22,
            12,
            14,
            92,
            55,
            24,
            15
        ],
        [
            14,
            57,
            60,
            7,
            62,
            33,
            31,
            11,
            44,
            95,
            59,
            63
        ],
        [
            22,
            64,
            13,
            2,
            77,
            91,
            48,
            6,
            80,
            97,
            77,
            66,
            54,
            28
        ],
        [
            8,
            91,
            4,
            51,
            48,
            10,
            42,
            56,
            42,
            58,
            52
        ],
        [
            84,
            40,
            83,
            27,
            17,
            73,
            2,
            43,
            59,
            23,
            60
        ],
        [
            62,
            55,
            34,
            5,
            53,
            71,
            59,
            56,
            36
        ],
        [
            17,
            1,
            54,
            70,
            82,
            96,
            89,
            88,
            76,
            84
        ],
        [
            96,
            35,
            29,
            94,
            19,
            23,
            35,
            26,
            68,
            44,
            73,
            41
        ],
        [
            87,
            39,
            19,
            75,
            53,
            93,
            21,
            3
        ],
        [
            42,
            34,
            57,
            38,
            74,
            34,
            38,
            64
        ],
        [
            10,
            25,
            36,
            35,
            97,
            81,
            86
        ],
        [
            24,
            63,
            20,
            14,
            65,
            43,
            45,
            36,
            50,
            69,
            3,
            90,
            72
        ],
        [
            3,
            30,
            4,
            20,
            6,
            52,
            39,
            80,
            18,
            1,
            76,
            78
        ],
        [
            79,
            1,
            0,
            49,
            77,
            43,
            26,
            47,
            76,
            66,
            79
        ],
        [
            8,
            16,
            95,
            58,
            86,
            85,
            4,
            49,
            17,
            88
        ],
        [
            16,
            66,
            62,
            96,
            61,
            51,
            76
        ],
        [
            74,
            15,
            88,
            75,
            5,
            92,
            41,
            65,
            22,
            85
        ],
        [
            92,
            31,
            0,
            94,
            72,
            69,
            49
        ],
        [
            28,
            5,
            62,
            81,
            67,
            22,
            9,
            57,
            40,
            41,
            78
        ],
        [
            37,
            9,
            32,
            40
        ],
        [
            31,
            29,
            32,
            39,
            83,
            90,
            33,
            28,
            95,
            52,
            68,
            65,
            8,
            18,
            24
        ],
        [
            37,
            88,
            75,
            93,
            54,
            4,
            84,
            18,
            93,
            16,
            13,
            58
        ],
        [
            25,
            52,
            66,
            32,
            6,
            71,
            86,
            23,
            45,
            71
        ]
    ],
    "matching": {
        "0": 0,
        "1": 4,
        "2": 3,
        "3": 1,
        "4": 4,
        "5": 2,
        "6": 2,
        "7": 2,
        "8": 3,
        "9": 1,
        "10": 1,
        "11": 3,
        "12": 4,
        "13": 3,
        "14": 4,
        "15": 1,
        "16": 3,
        "17": 2,
        "18": 1,
        "19": 3,
        "20": 1,
        "21": 2,
        "22": 1,
        "23": 2,
        "24": 4,
        "25": 0,
        "26": 0,
        "27": 2,
        "28": 3,
        "29": 1,
        "30": 3,
        "31": 4,
        "32": 1,
        "33": 4,
        "34": 2,
        "35": 2,
        "36": 1,
        "37": 0,
        "38": 0,
        "39": 0,
        "40": 4,
        "41": 3,
        "42": 3,
        "43": 0,
        "44": 4,
        "45": 4,
        "46": 4,
        "47": 1,
        "48": 0,
        "49": 3,
        "50": 0,
        "51": 1,
        "52": 0,
        "53": 3,
        "54": 4,
        "55": 4,
        "56": 4,
        "57": 3,
        "58": 0,
        "59": 1,
        "60": 1,
        "61": 2,
        "62": 4,
        "63": 0,
        "64": 0,
        "65": 3,
        "66": 2,
        "67": 3,
        "68": 4,
        "69": 3,
        "70": 3,
        "71": 3,
        "72": 3,
        "73": 2,
        "74": 1,
        "75": 2,
        "76": 3,
        "77": 1,
        "78": 1,
        "79": 0,
        "80": 2,
        "81": 1,
        "82": 0,
        "83": 2,
        "84": 3,
        "85": 4,
        "86": 1,
        "87": 2,
        "88": 2,
        "89": 1,
        "90": 2,
        "91": 1,
        "92": 3,
        "93": 4,
        "94": 3,
        "95": 0,
        "96": 0,
        "97": 2
    },
    "lower_bound": 57.0
}