{
    "node_types": [
        "invoice",
        "sku",
        "zone"
    ],
    "edge_types": [
        "('invoice', 'requires', 'sku')",
        "('sku', 'located_at', 'zone')",
        "('sku', 'rev_requires', 'invoice')",
        "('zone', 'rev_located_at', 'sku')"
    ],
    "num_invoices": 25,
    "num_sku": 81,
    "num_zone": 5,
    "invoices": [
        [
            76,
            42,
            30,
            40,
            58,
            12,
            45,
            65,
            19,
            1,
            34
        ],
        [
            57,
            56,
            13,
            66,
            27,
            32,
            58,
            5,
            74,
            70,
            35,
            3,
            65
        ],
        [
            0,
            12,
            19,
            18,
            44,
            40,
            61,
            80,
            38,
            46,
            43,
            62,
            43
        ],
        [
            44,
            32,
            28,
            51,
            48,
            3,
            62,
            27,
            41,
            72,
            48,
            79,
            71
        ],
        [
            77,
            20,
            37,
            13,
            31,
            10,
            70,
            39
        ],
        [
            77,
            67,
            17,
            21,
            38,
            61,
            42,
            63,
            15,
            50
        ],
        [
            68,
            2,
            61,
            29,
            35,
            9,
            59,
            64,
            2,
            2,
            29
        ],
        [
            16,
            18,
            9,
            11,
            7,
            74,
            10
        ],
        [
            26,
            77,
            9,
            10,
            22,
            32,
            14,
            66,
            50
        ],
        [
            8,
            65,
            52,
            11,
            59,
            48,
            18,
            24,
            25,
            17,
            78
        ],
        [
            22,
            6,
            31,
            23,
            20,
            16
        ],
        [
            63,
            62,
            21,
            51,
            70,
            12,
            57,
            50,
            47
        ],
        [
            27,
            75,
            54,
            71,
            73,
            34,
            39,
            33,
            67,
            37,
            37,
            24,
            73
        ],
        [
            10,
            54,
            14,
            37,
            68,
            19
        ],
        [
            54,
            22,
            7,
            45,
            74,
            65,
            58
        ],
        [
            31,
            2,
            67,
            39,
            58,
            75,
            15,
            6,
            77
        ],
        [
            44,
            29,
            53,
            11,
            26,
            41,
            76,
            75,
            13,
            28,
            45,
            64,
            47,
            47,
            72,
            53,
            66
        ],
        [
            78,
            21,
            30,
            23,
            4,
            24,
            42,
            52,
            38,
            69,
            80,
            72
        ],
        [
            75,
            25,
            1,
            41,
            0,
            63,
            0,
            49,
            47,
            57,
            55,
            8,
            60,
            42
        ],
        [
            32,
            43,
            30,
            60,
            73,
            67,
            60,
            64
        ],
        [
            62,
            12,
            73,
            74,
            23,
            3,
            69,
            46
        ],
        [
            56,
            36,
            70,
            71,
            40,
            50,
            4
        ],
        [
            36,
            1,
            27,
            11,
            55,
            14,
            6,
            15,
            30,
            79
        ],
        [
            33,
            49,
            52,
            14,
            61,
            60,
            1,
            63,
            6,
            43,
            79
        ],
        [
            5,
            25,
            68
        ]
    ],
    "matching": {
        "0": 1,
        "1": 3,
        "2": 4,
        "3": 1,
        "4": 4,
        "5": 2,
        "6": 3,
        "7": 4,
        "8": 4,
        "9": 4,
        "10": 4,
        "11": 1,
        "12": 0,
        "13": 4,
        "14": 0,
        "15": 1,
        "16": 0,
        "17": 1,
        "18": 4,
        "19": 1,
        "20": 2,
        "21": 1,
        "22": 3,
        "23": 2,
        "24": 3,
        "25": 2,
        "26": 3,
        "27": 0,
        "28": 0,
        "29": 2,
        "30": 4,
        "31": 0,
        "32": 1,
        "33": 2,
        "34": 0,
        "35": 1,
        "36": 3,
        "37": 2,
        "38": 1,
        "39": 3,
        "40": 4,
        "41": 3,
        "42": 0,
        "43": 0,
        "44": 1,
        "45": 3,
        "46": 1,
        "47": 3,
        "48": 0,
        "49": 1,
        "50": 0,
        "51": 1,
        "52": 0,
        "53": 3,
        "54": 2,
        "55": 4,
        "56": 1,
        "57": 4,
        "58": 4,
        "59": 1,
        "60": 3,
        "61": 2,
        "62": 3,
        "63": 0,
        "64": 2,
        "65": 3,
        "66": 3,
        "67": 3,
        "68": 3,
        "69": 1,
        "70": 0,
        "71": 4,
        "72": 4,
        "73": 2,
        "74": 4,
        "75": 1,
        "76": 2,
        "77": 2,
        "78": 1,
        "79": 3,
        "80": 1
    },
    "lower_bound": 63.0
}