{
    "node_types": [
        "invoice",
        "sku",
        "zone"
    ],
    "edge_types": [
        "('invoice', 'requires', 'sku')",
        "('sku', 'located_at', 'zone')",
        "('sku', 'rev_requires', 'invoice')",
        "('zone', 'rev_located_at', 'sku')"
    ],
    "num_invoices": 28,
    "num_sku": 50,
    "num_zone": 5,
    "invoices": [
        [
            24,
            13,
            46,
            34,
            42
        ],
        [
            41,
            25,
            39,
            40,
            42
        ],
        [
            0
        ],
        [
            36,
            0,
            10,
            0
        ],
        [
            30,
            42,
            32,
            17,
            45
        ],
        [
            30,
            14,
            15
        ],
        [
            38,
            43,
            1,
            8,
            16,
            9
        ],
        [
            26,
            46,
            7,
            22,
            17
        ],
        [
            13,
            33,
            6,
            39,
            16,
            44
        ],
        [
            49,
            39,
            33,
            9
        ],
        [
            1,
            33,
            12,
            16,
            35,
            12,
            8
        ],
        [
            27
        ],
        [
            2,
            3,
            19,
            32,
            3,
            28,
            19,
            21
        ],
        [
            26,
            2,
            5,
            31
        ],
        [
            38,
            36,
            22,
            32,
            10
        ],
        [
            18,
            48,
            23,
            18,
            29,
            49,
            21,
            47
        ],
        [
            23,
            29,
            5,
            44,
            11,
            17,
            36,
            41,
            43
        ],
        [
            37,
            20,
            37,
            47,
            4,
            47,
            35,
            14,
            18
        ],
        [
            34,
            30,
            41,
            32
        ],
        [
            20,
            47,
            49,
            28,
            33,
            15,
            40
        ],
        [
            42,
            11,
            14,
            31,
            17
        ],
        [
            41,
            13,
            48,
            34,
            19,
            34
        ],
        [
            6,
            43,
            20,
            49,
            35,
            38,
            27,
            6,
            45,
            29,
            3
        ],
        [
            4
        ],
        [
            1,
            8
        ],
        [
            16,
            31,
            21,
            25,
            23,
            10,
            31,
            7,
            28
        ],
        [
            23,
            20
        ],
        [
            24,
            14,
            28
        ]
    ],
    "matching": {
        "0": 3,
        "1": 3,
        "2": 4,
        "3": 4,
        "4": 4,
        "5": 2,
        "6": 0,
        "7": 0,
        "8": 2,
        "9": 4,
        "10": 0,
        "11": 0,
        "12": 4,
        "13": 2,
        "14": 3,
        "15": 1,
        "16": 1,
        "17": 0,
        "18": 3,
        "19": 4,
        "20": 3,
        "21": 2,
        "22": 1,
        "23": 3,
        "24": 0,
        "25": 1,
        "26": 0,
        "27": 1,
        "28": 2,
        "29": 0,
        "30": 1,
        "31": 1,
        "32": 2,
        "33": 1,
        "34": 4,
        "35": 4,
        "36": 1,
        "37": 4,
        "38": 0,
        "39": 0,
        "40": 4,
        "41": 1,
        "42": 0,
        "43": 3,
        "44": 1,
        "45": 2,
        "46": 1,
        "47": 0,
        "48": 0,
        "49": 0
    },
    "lower_bound": 45.0
}