{
    "node_types": [
        "invoice",
        "sku",
        "zone"
    ],
    "edge_types": [
        "('invoice', 'requires', 'sku')",
        "('sku', 'located_at', 'zone')",
        "('sku', 'rev_requires', 'invoice')",
        "('zone', 'rev_located_at', 'sku')"
    ],
    "num_invoices": 30,
    "num_sku": 81,
    "num_zone": 5,
    "invoices": [
        [
            13,
            0,
            17,
            59,
            80,
            55,
            38,
            43
        ],
        [
            9,
            4,
            64,
            35,
            18,
            9,
            35
        ],
        [
            24,
            79,
            53,
            16,
            56,
            6,
            66,
            3,
            71,
            56,
            12,
            73,
            65
        ],
        [
            52,
            22,
            62,
            5,
            34,
            26,
            69,
            66,
            9,
            69
        ],
        [
            77,
            73,
            70,
            43,
            60
        ],
        [
            74,
            36,
            22,
            15,
            79,
            57,
            51
        ],
        [
            45,
            54,
            51,
            34,
            61,
            7,
            44,
            69,
            52,
            62
        ],
        [
            35,
            23,
            60,
            57,
            23,
            63,
            75,
            26,
            67,
            41,
            76,
            40,
            38,
            49,
            17
        ],
        [
            64,
            80,
            64,
            46,
            75,
            58,
            46,
            76
        ],
        [
            53,
            64,
            48,
            38,
            46,
            55
        ],
        [
            34,
            38,
            8,
            63
        ],
        [
            59,
            0,
            67,
            50,
            10,
            1,
            11
        ],
        [
            77,
            78,
            54,
            71,
            29,
            1,
            27,
            72,
            21
        ],
        [
            63,
            74,
            33,
            16,
            30,
            11,
            53,
            18,
            8
        ],
        [
            19,
            67,
            17,
            5,
            37,
            69,
            42,
            22,
            20,
            71,
            8
        ],
        [
            21,
            56,
            4,
            6,
            39,
            12,
            79,
            31,
            47,
            13
        ],
        [
            48,
            60,
            21,
            16,
            41,
            44,
            67,
            10
        ],
        [
            3,
            73,
            77,
            33,
            54,
            50
        ],
        [
            37,
            19,
            47,
            25,
            75,
            48,
            74,
            25
        ],
        [
            18,
            39,
            80,
            14,
            52,
            2,
            42,
            76,
            51,
            30,
            62,
            12,
            39
        ],
        [
            39,
            35,
            70,
            13,
            65,
            43,
            10,
            14
        ],
        [
            37,
            58,
            66,
            31,
            55,
            29,
            57,
            42,
            77,
            7,
            56,
            32
        ],
        [
            2,
            45,
            58,
            59,
            28,
            6
        ],
        [
            68,
            20,
            61,
            66,
            50,
            11,
            28,
            41,
            19,
            43,
            47,
            42
        ],
        [
            47,
            32,
            3,
            60,
            18
        ],
        [
            58,
            7,
            49,
            24
        ],
        [
            21,
            72,
            17,
            40,
            15,
            24,
            36,
            51
        ],
        [
            75,
            16,
            2,
            50,
            7,
            14,
            57,
            11,
            78,
            25,
            63
        ],
        [
            13,
            71,
            37,
            0,
            14,
            33,
            45,
            46,
            72,
            34,
            3
        ],
        [
            27,
            59,
            68,
            72,
            79,
            19,
            12,
            41
        ]
    ],
    "matching": {
        "0": 1,
        "1": 2,
        "2": 0,
        "3": 0,
        "4": 2,
        "5": 4,
        "6": 0,
        "7": 2,
        "8": 3,
        "9": 3,
        "10": 4,
        "11": 3,
        "12": 3,
        "13": 1,
        "14": 0,
        "15": 2,
        "16": 2,
        "17": 4,
        "18": 2,
        "19": 0,
        "20": 3,
        "21": 3,
        "22": 0,
        "23": 4,
        "24": 4,
        "25": 3,
        "26": 0,
        "27": 4,
        "28": 2,
        "29": 3,
        "30": 4,
        "31": 2,
        "32": 3,
        "33": 1,
        "34": 1,
        "35": 0,
        "36": 1,
        "37": 2,
        "38": 4,
        "39": 4,
        "40": 3,
        "41": 0,
        "42": 3,
        "43": 1,
        "44": 4,
        "45": 3,
        "46": 3,
        "47": 1,
        "48": 0,
        "49": 3,
        "50": 1,
        "51": 1,
        "52": 2,
        "53": 4,
        "54": 3,
        "55": 2,
        "56": 1,
        "57": 3,
        "58": 2,
        "59": 0,
        "60": 1,
        "61": 0,
        "62": 0,
        "63": 4,
        "64": 0,
        "65": 1,
        "66": 2,
        "67": 4,
        "68": 2,
        "69": 1,
        "70": 4,
        "71": 1,
        "72": 1,
        "73": 0,
        "74": 3,
        "75": 1,
        "76": 3,
        "77": 0,
        "78": 0,
        "79": 3,
        "80": 4
    },
    "lower_bound": 57.0
}