{
    "node_types": [
        "invoice",
        "sku",
        "zone"
    ],
    "edge_types": [
        "('invoice', 'requires', 'sku')",
        "('sku', 'located_at', 'zone')",
        "('sku', 'rev_requires', 'invoice')",
        "('zone', 'rev_located_at', 'sku')"
    ],
    "num_invoices": 27,
    "num_sku": 95,
    "num_zone": 5,
    "invoices": [
        [
            78,
            83,
            60
        ],
        [
            9,
            49,
            56,
            66,
            40,
            90,
            83,
            85,
            77,
            5,
            11,
            79,
            81,
            14,
            20,
            74
        ],
        [
            76,
            6,
            37,
            93,
            67,
            71,
            34,
            9,
            56,
            84,
            13,
            47,
            73
        ],
        [
            9,
            35,
            1,
            48,
            29,
            33,
            48,
            18,
            8
        ],
        [
            71,
            27,
            1,
            3,
            15,
            89,
            42,
            65,
            74,
            1,
            19,
            18
        ],
        [
            22,
            23,
            18,
            67,
            7,
            86,
            26,
            65
        ],
        [
            31,
            35,
            52,
            3,
            31,
            47,
            39,
            27,
            18,
            62,
            87,
            55
        ],
        [
            24,
            65,
            11,
            14,
            6,
            35,
            50,
            75,
            58
        ],
        [
            40,
            0,
            60,
            87,
            70,
            3,
            58,
            62,
            23
        ],
        [
            91,
            29,
            15,
            55,
            27,
            4,
            78,
            40,
            20
        ],
        [
            72,
            50,
            28,
            16,
            60,
            80,
            43,
            38,
            6,
            64,
            91,
            40
        ],
        [
            88,
            84,
            20,
            53,
            94,
            92,
            46
        ],
        [
            75,
            13,
            0,
            53,
            52,
            32,
            69,
            2,
            88,
            38,
            4,
            22,
            67,
            47,
            89,
            76,
            80,
            4,
            34
        ],
        [
            63,
            62,
            61,
            41,
            82,
            28,
            68,
            24,
            36
        ],
        [
            90,
            10,
            78,
            73,
            37,
            42,
            0,
            21,
            38,
            59,
            33
        ],
        [
            5,
            86,
            28,
            39,
            17,
            39,
            11,
            45
        ],
        [
            83,
            53,
            94,
            87,
            79,
            25,
            44,
            58
        ],
        [
            4,
            77,
            77,
            81,
            93,
            30,
            17
        ],
        [
            66,
            76,
            7,
            50,
            66,
            68,
            12,
            8,
            64,
            71,
            14,
            24,
            85
        ],
        [
            16,
            57,
            86,
            46,
            13,
            25,
            3,
            49,
            87,
            89
        ],
        [
            23,
            51,
            84,
            73,
            10,
            39,
            5
        ],
        [
            28,
            43,
            79,
            6,
            93,
            34,
            38,
            14,
            21,
            36,
            45,
            92
        ],
        [
            88,
            94,
            30,
            81,
            54,
            69,
            10,
            72,
            75,
            90,
            25,
            22
        ],
        [
            26,
            29,
            1,
            15,
            32,
            44,
            25,
            44,
            32,
            61,
            19
        ],
        [
            16,
            21,
            77,
            63,
            92,
            43
        ],
        [
            59,
            82,
            88,
            26,
            36,
            75,
            79,
            12
        ],
        [
            41,
            27,
            51,
            65,
            54,
            16,
            70,
            53,
            57,
            2
        ]
    ],
    "matching": {
        "0": 0,
        "1": 4,
        "2": 0,
        "3": 0,
        "4": 3,
        "5": 1,
        "6": 2,
        "7": 4,
        "8": 2,
        "9": 0,
        "10": 0,
        "11": 4,
        "12": 2,
        "13": 4,
        "14": 3,
        "15": 0,
        "16": 1,
        "17": 1,
        "18": 0,
        "19": 2,
        "20": 3,
        "21": 0,
        "22": 0,
        "23": 4,
        "24": 0,
        "25": 0,
        "26": 2,
        "27": 3,
        "28": 1,
        "29": 1,
        "30": 4,
        "31": 2,
        "32": 2,
        "33": 1,
        "34": 2,
        "35": 0,
        "36": 0,
        "37": 0,
        "38": 2,
        "39": 4,
        "40": 3,
        "41": 4,
        "42": 4,
        "43": 2,
        "44": 0,
        "45": 3,
        "46": 0,
        "47": 3,
        "48": 2,
        "49": 3,
        "50": 1,
        "51": 3,
        "52": 4,
        "53": 2,
        "54": 4,
        "55": 4,
        "56": 4,
        "57": 0,
        "58": 1,
        "59": 1,
        "60": 2,
        "61": 4,
        "62": 4,
        "63": 3,
        "64": 0,
        "65": 3,
        "66": 1,
        "67": 0,
        "68": 1,
        "69": 4,
        "70": 2,
        "71": 2,
        "72": 1,
        "73": 0,
        "74": 1,
        "75": 1,
        "76": 2,
        "77": 2,
        "78": 1,
        "79": 2,
        "80": 0,
        "81": 0,
        "82": 1,
        "83": 0,
        "84": 2,
        "85": 4,
        "86": 4,
        "87": 2,
        "88": 1,
        "89": 1,
        "90": 4,
        "91": 1,
        "92": 3,
        "93": 0,
        "94": 1
    },
    "lower_bound": 69.0
}