{
    "node_types": [
        "invoice",
        "sku",
        "zone"
    ],
    "edge_types": [
        "('invoice', 'requires', 'sku')",
        "('sku', 'located_at', 'zone')",
        "('sku', 'rev_requires', 'invoice')",
        "('zone', 'rev_located_at', 'sku')"
    ],
    "num_invoices": 29,
    "num_sku": 75,
    "num_zone": 5,
    "invoices": [
        [
            16,
            69,
            49,
            12,
            51,
            48,
            43
        ],
        [
            9,
            62,
            16,
            27,
            22,
            7,
            2,
            50,
            9,
            2,
            62,
            19,
            60,
            15,
            39,
            10,
            52,
            38
        ],
        [
            13,
            70,
            74,
            66,
            46,
            25,
            6,
            52
        ],
        [
            41,
            47,
            28,
            58,
            24,
            72,
            16,
            41,
            12,
            37,
            60
        ],
        [
            21,
            39,
            73,
            54,
            11,
            29,
            53,
            26,
            5,
            13,
            4,
            74
        ],
        [
            32,
            35,
            65
        ],
        [
            43,
            28,
            12,
            49,
            22,
            67,
            25
        ],
        [
            59,
            51,
            56,
            7,
            59,
            42,
            16,
            20,
            24,
            45,
            49
        ],
        [
            17,
            68,
            45,
            30,
            10,
            37,
            27,
            23
        ],
        [
            3,
            39,
            73,
            5,
            27,
            73,
            23,
            42,
            26
        ],
        [
            24,
            67,
            19,
            57,
            11,
            8
        ],
        [
            21,
            65,
            63,
            59,
            29
        ],
        [
            51,
            7,
            25,
            0,
            17,
            48,
            69,
            55
        ],
        [
            1,
            3,
            61,
            48
        ],
        [
            31,
            53,
            70,
            1,
            61,
            10,
            40,
            45,
            45,
            56,
            58
        ],
        [
            46,
            73,
            4,
            37,
            50,
            53,
            9,
            55,
            58
        ],
        [
            41,
            15,
            34,
            60,
            24,
            15,
            42,
            34,
            31,
            4,
            71,
            20
        ],
        [
            4,
            37,
            67,
            33,
            66,
            60,
            14
        ],
        [
            26,
            48,
            8,
            3,
            15,
            6,
            20,
            63,
            54
        ],
        [
            34,
            22,
            7,
            38
        ],
        [
            29,
            5,
            74,
            3,
            10,
            33,
            54,
            72,
            32
        ],
        [
            57,
            56,
            40,
            35,
            47,
            5
        ],
        [
            33,
            0,
            53
        ],
        [
            2,
            64,
            18,
            36,
            50,
            70,
            28,
            13,
            70,
            27,
            59
        ],
        [
            46,
            56,
            67,
            17,
            32,
            68,
            66,
            41,
            44
        ],
        [
            36,
            36,
            65,
            64,
            26,
            6
        ],
        [
            71,
            66,
            30,
            62,
            17,
            2,
            18,
            35,
            51,
            14,
            28,
            44,
            40,
            25,
            8
        ],
        [
            33,
            42,
            14,
            61
        ],
        [
            58,
            39
        ]
    ],
    "matching": {
        "0": 0,
        "1": 3,
        "2": 3,
        "3": 1,
        "4": 1,
        "5": 1,
        "6": 1,
        "7": 0,
        "8": 1,
        "9": 3,
        "10": 4,
        "11": 4,
        "12": 1,
        "13": 1,
        "14": 2,
        "15": 4,
        "16": 3,
        "17": 2,
        "18": 4,
        "19": 3,
        "20": 0,
        "21": 0,
        "22": 1,
        "23": 4,
        "24": 3,
        "25": 4,
        "26": 1,
        "27": 2,
        "28": 1,
        "29": 1,
        "30": 3,
        "31": 1,
        "32": 1,
        "33": 4,
        "34": 1,
        "35": 4,
        "36": 4,
        "37": 2,
        "38": 0,
        "39": 1,
        "40": 2,
        "41": 2,
        "42": 3,
        "43": 1,
        "44": 2,
        "45": 2,
        "46": 2,
        "47": 2,
        "48": 4,
        "49": 4,
        "50": 1,
        "51": 3,
        "52": 4,
        "53": 0,
        "54": 4,
        "55": 4,
        "56": 2,
        "57": 0,
        "58": 0,
        "59": 0,
        "60": 4,
        "61": 4,
        "62": 3,
        "63": 1,
        "64": 3,
        "65": 0,
        "66": 3,
        "67": 0,
        "68": 4,
        "69": 4,
        "70": 0,
        "71": 3,
        "72": 1,
        "73": 4,
        "74": 2
    },
    "lower_bound": 66.0
}