{
    "node_types": [
        "invoice",
        "sku",
        "zone"
    ],
    "edge_types": [
        "('invoice', 'requires', 'sku')",
        "('sku', 'located_at', 'zone')",
        "('sku', 'rev_requires', 'invoice')",
        "('zone', 'rev_located_at', 'sku')"
    ],
    "num_invoices": 33,
    "num_sku": 93,
    "num_zone": 5,
    "invoices": [
        [
            57,
            5,
            64,
            51,
            21,
            23,
            25,
            53,
            85,
            54
        ],
        [
            48,
            35,
            84,
            7,
            0,
            9
        ],
        [
            19,
            28,
            33,
            43,
            74,
            87,
            76,
            46,
            34,
            66
        ],
        [
            82,
            77,
            21,
            45,
            30,
            9,
            91,
            4,
            44,
            67,
            6
        ],
        [
            58,
            53,
            65,
            34,
            7,
            62,
            4,
            3,
            14
        ],
        [
            69,
            81,
            41,
            66,
            61,
            86,
            47
        ],
        [
            26,
            67,
            2,
            75,
            63,
            7,
            27,
            35,
            68,
            11,
            14
        ],
        [
            38,
            82,
            30,
            90,
            42,
            53,
            41,
            91,
            61,
            63,
            78,
            3,
            36,
            80
        ],
        [
            4,
            3,
            24,
            45,
            72,
            61,
            72,
            35,
            83,
            39,
            15,
            23
        ],
        [
            56,
            86,
            22,
            77,
            63,
            66
        ],
        [
            71,
            13,
            69,
            57,
            29,
            17,
            40
        ],
        [
            60,
            85,
            17,
            84,
            40,
            32,
            21,
            72,
            86
        ],
        [
            15,
            15,
            76,
            71,
            50,
            32,
            55,
            11,
            40,
            63
        ],
        [
            78,
            73,
            13,
            36,
            25,
            39,
            64,
            31,
            79,
            32,
            74,
            89,
            16,
            81,
            59,
            88
        ],
        [
            91,
            44,
            17,
            76,
            91,
            89
        ],
        [
            27,
            3,
            55,
            75,
            19,
            56,
            18,
            36,
            48,
            8
        ],
        [
            8,
            70,
            64
        ],
        [
            1,
            87,
            53,
            80,
            92,
            58,
            48
        ],
        [
            47,
            74,
            70,
            21,
            54,
            46,
            9,
            2,
            82,
            28,
            24
        ],
        [
            46,
            77,
            41,
            14,
            19,
            50,
            73,
            75,
            18,
            5,
            52,
            29,
            92,
            38
        ],
        [
            79,
            34,
            50,
            22,
            49,
            10
        ],
        [
            68,
            20,
            5,
            89,
            52,
            74,
            76,
            38
        ],
        [
            52,
            85,
            43,
            66,
            62,
            57,
            77,
            15,
            36
        ],
        [
            39,
            25,
            13,
            87,
            83
        ],
        [
            59,
            31,
            18,
            56,
            85
        ],
        [
            49,
            57,
            37,
            86,
            30,
            43,
            89,
            47,
            55,
            31,
            80,
            54,
            37,
            20,
            44,
            29
        ],
        [
            20,
            12,
            33,
            64,
            28,
            8,
            1
        ],
        [
            22,
            50,
            60,
            40,
            49,
            18
        ],
        [
            47,
            32,
            0,
            4,
            51,
            90,
            8
        ],
        [
            14,
            35,
            42,
            16,
            65,
            60,
            67,
            23
        ],
        [
            69,
            16,
            75,
            27,
            28,
            26,
            38
        ],
        [
            12,
            71,
            62,
            16,
            54,
            6
        ],
        [
            44,
            88,
            22,
            19,
            10,
            43,
            41,
            7,
            56
        ]
    ],
    "matching": {
        "0": 1,
        "1": 0,
        "2": 3,
        "3": 2,
        "4": 4,
        "5": 4,
        "6": 0,
        "7": 0,
        "8": 2,
        "9": 3,
        "10": 4,
        "11": 3,
        "12": 1,
        "13": 1,
        "14": 3,
        "15": 4,
        "16": 1,
        "17": 4,
        "18": 0,
        "19": 0,
        "20": 4,
        "21": 1,
        "22": 1,
        "23": 1,
        "24": 3,
        "25": 4,
        "26": 2,
        "27": 1,
        "28": 1,
        "29": 1,
        "30": 1,
        "31": 0,
        "32": 3,
        "33": 0,
        "34": 0,
        "35": 1,
        "36": 0,
        "37": 3,
        "38": 2,
        "39": 4,
        "40": 3,
        "41": 2,
        "42": 1,
        "43": 0,
        "44": 4,
        "45": 1,
        "46": 0,
        "47": 1,
        "48": 0,
        "49": 4,
        "50": 0,
        "51": 0,
        "52": 0,
        "53": 4,
        "54": 1,
        "55": 1,
        "56": 0,
        "57": 0,
        "58": 2,
        "59": 1,
        "60": 1,
        "61": 2,
        "62": 1,
        "63": 0,
        "64": 2,
        "65": 1,
        "66": 1,
        "67": 2,
        "68": 3,
        "69": 1,
        "70": 1,
        "71": 4,
        "72": 1,
        "73": 0,
        "74": 2,
        "75": 4,
        "76": 2,
        "77": 1,
        "78": 3,
        "79": 3,
        "80": 2,
        "81": 1,
        "82": 1,
        "83": 1,
        "84": 1,
        "85": 3,
        "86": 4,
        "87": 0,
        "88": 1,
        "89": 3,
        "90": 0,
        "91": 0,
        "92": 1
    },
    "lower_bound": 60.0
}