{
    "node_types": [
        "invoice",
        "sku",
        "zone"
    ],
    "edge_types": [
        "('invoice', 'requires', 'sku')",
        "('sku', 'located_at', 'zone')",
        "('sku', 'rev_requires', 'invoice')",
        "('zone', 'rev_located_at', 'sku')"
    ],
    "num_invoices": 31,
    "num_sku": 76,
    "num_zone": 5,
    "invoices": [
        [
            60,
            47,
            51,
            31,
            4
        ],
        [
            46,
            30,
            49,
            73,
            22,
            4,
            57,
            29,
            64,
            14,
            10,
            11
        ],
        [
            24,
            34,
            48,
            34,
            72,
            35,
            30,
            63,
            24
        ],
        [
            32,
            33,
            56,
            22,
            16,
            18,
            40,
            28
        ],
        [
            68,
            20,
            17,
            52,
            20,
            45,
            46
        ],
        [
            43,
            42,
            60,
            75,
            58,
            8
        ],
        [
            29,
            18,
            21,
            36,
            23,
            15,
            50,
            15,
            19
        ],
        [
            1,
            68,
            56,
            50,
            50,
            25,
            15,
            38,
            19
        ],
        [
            1,
            25,
            57
        ],
        [
            69,
            9,
            32,
            31,
            24,
            14,
            3,
            52,
            61,
            27
        ],
        [
            21,
            41,
            31,
            0,
            49,
            23,
            51
        ],
        [
            71,
            13,
            48,
            11,
            40,
            44,
            47,
            19,
            12,
            8,
            42
        ],
        [
            73,
            36,
            62,
            26,
            65,
            53,
            66
        ],
        [
            22,
            9,
            56,
            43,
            0,
            35,
            74,
            9,
            4,
            9,
            2,
            7,
            45,
            1
        ],
        [
            62,
            14,
            44,
            53,
            67,
            16
        ],
        [
            63,
            75,
            27,
            6,
            54,
            44,
            58
        ],
        [
            33,
            10,
            41,
            58,
            66,
            53,
            18,
            60,
            62,
            35
        ],
        [
            38,
            15,
            56,
            3,
            13,
            25
        ],
        [
            73,
            55,
            17,
            28,
            55,
            27,
            0
        ],
        [
            41,
            37,
            24,
            7,
            49,
            69,
            72,
            35
        ],
        [
            23,
            29,
            44,
            39,
            12,
            17
        ],
        [
            18,
            64,
            5,
            61,
            39,
            23,
            5,
            74
        ],
        [
            27,
            37,
            34,
            54,
            2,
            37,
            30
        ],
        [
            70,
            20,
            1,
            20,
            73
        ],
        [
            61,
            3,
            4,
            52,
            66,
            53
        ],
        [
            65,
            13,
            62,
            7,
            46,
            70,
            60
        ],
        [
            71,
            36,
            72
        ],
        [
            72,
            22,
            74,
            47,
            75,
            68,
            6,
            2,
            70,
            51
        ],
        [
            26,
            8,
            31,
            37,
            59,
            7,
            48,
            32,
            3
        ],
        [
            59,
            43,
            55,
            67,
            13
        ],
        [
            70,
            51
        ]
    ],
    "matching": {
        "0": 0,
        "1": 2,
        "2": 3,
        "3": 3,
        "4": 1,
        "5": 1,
        "6": 4,
        "7": 1,
        "8": 2,
        "9": 0,
        "10": 0,
        "11": 3,
        "12": 1,
        "13": 4,
        "14": 2,
        "15": 3,
        "16": 0,
        "17": 3,
        "18": 4,
        "19": 1,
        "20": 4,
        "21": 0,
        "22": 0,
        "23": 0,
        "24": 1,
        "25": 3,
        "26": 1,
        "27": 0,
        "28": 0,
        "29": 4,
        "30": 2,
        "31": 2,
        "32": 3,
        "33": 0,
        "34": 0,
        "35": 4,
        "36": 2,
        "37": 3,
        "38": 0,
        "39": 3,
        "40": 0,
        "41": 0,
        "42": 0,
        "43": 2,
        "44": 3,
        "45": 4,
        "46": 4,
        "47": 4,
        "48": 1,
        "49": 3,
        "50": 2,
        "51": 1,
        "52": 0,
        "53": 2,
        "54": 4,
        "55": 0,
        "56": 2,
        "57": 1,
        "58": 2,
        "59": 1,
        "60": 2,
        "61": 3,
        "62": 4,
        "63": 0,
        "64": 0,
        "65": 0,
        "66": 4,
        "67": 1,
        "68": 4,
        "69": 3,
        "70": 2,
        "71": 0,
        "72": 3,
        "73": 2,
        "74": 0,
        "75": 4
    },
    "lower_bound": 54.0
}