{
    "node_types": [
        "invoice",
        "sku",
        "zone"
    ],
    "edge_types": [
        "('invoice', 'requires', 'sku')",
        "('sku', 'located_at', 'zone')",
        "('sku', 'rev_requires', 'invoice')",
        "('zone', 'rev_located_at', 'sku')"
    ],
    "num_invoices": 30,
    "num_sku": 77,
    "num_zone": 5,
    "invoices": [
        [
            22,
            10,
            5,
            75,
            23
        ],
        [
            35,
            8,
            73
        ],
        [
            42,
            50,
            17,
            36,
            51,
            40,
            39,
            13,
            57,
            9,
            62,
            36,
            0
        ],
        [
            26,
            25,
            8,
            45,
            52,
            47
        ],
        [
            18,
            39,
            31,
            3,
            46,
            13,
            32
        ],
        [
            49,
            24,
            27,
            71,
            53,
            57,
            34
        ],
        [
            21,
            64,
            61,
            47,
            22,
            25
        ],
        [
            29,
            69,
            1,
            74,
            6,
            27,
            70
        ],
        [
            74,
            54,
            12,
            9
        ],
        [
            56,
            44,
            14,
            34,
            34,
            26,
            54,
            67
        ],
        [
            64,
            12,
            44,
            54,
            29,
            11,
            69,
            33,
            19,
            52,
            15,
            2
        ],
        [
            69,
            68,
            61,
            23,
            58,
            32,
            21
        ],
        [
            24
        ],
        [
            60,
            16,
            37,
            0,
            63,
            3,
            22,
            9,
            73,
            76,
            54
        ],
        [
            48,
            10,
            47,
            71,
            55,
            43,
            34,
            74
        ],
        [
            6,
            71,
            75,
            24,
            33,
            60,
            66
        ],
        [
            68,
            28,
            8,
            76,
            61,
            52,
            20
        ],
        [
            64,
            30,
            36,
            43,
            46,
            55
        ],
        [
            59,
            21,
            32,
            49,
            17
        ],
        [
            48,
            18,
            8,
            63,
            7,
            50,
            72,
            51,
            6
        ],
        [
            41,
            14,
            51,
            58,
            40,
            11,
            19,
            41,
            35,
            65
        ],
        [
            26,
            36,
            62,
            26,
            19,
            11,
            4,
            40,
            1,
            38,
            3
        ],
        [
            45,
            30,
            28,
            37,
            53,
            4,
            76
        ],
        [
            74,
            70,
            73,
            56,
            70,
            29,
            35,
            55,
            59
        ],
        [
            7,
            44,
            69,
            72,
            24,
            3,
            16,
            38,
            23,
            19,
            64
        ],
        [
            40,
            17,
            63,
            60,
            4,
            22,
            12
        ],
        [
            2,
            11,
            27,
            72,
            71,
            0
        ],
        [
            53,
            31,
            66,
            42,
            67,
            2,
            43,
            51,
            28
        ],
        [
            65,
            5,
            15,
            58,
            30,
            47,
            27,
            48
        ],
        [
            20,
            20,
            38,
            76,
            61
        ]
    ],
    "matching": {
        "0": 3,
        "1": 4,
        "2": 3,
        "3": 0,
        "4": 3,
        "5": 3,
        "6": 4,
        "7": 1,
        "8": 0,
        "9": 4,
        "10": 3,
        "11": 4,
        "12": 2,
        "13": 4,
        "14": 2,
        "15": 2,
        "16": 0,
        "17": 0,
        "18": 0,
        "19": 3,
        "20": 1,
        "21": 2,
        "22": 4,
        "23": 4,
        "24": 0,
        "25": 2,
        "26": 1,
        "27": 0,
        "28": 2,
        "29": 1,
        "30": 0,
        "31": 2,
        "32": 2,
        "33": 0,
        "34": 4,
        "35": 2,
        "36": 1,
        "37": 4,
        "38": 1,
        "39": 0,
        "40": 2,
        "41": 0,
        "42": 2,
        "43": 0,
        "44": 1,
        "45": 0,
        "46": 1,
        "47": 3,
        "48": 4,
        "49": 0,
        "50": 2,
        "51": 4,
        "52": 3,
        "53": 4,
        "54": 0,
        "55": 4,
        "56": 2,
        "57": 1,
        "58": 1,
        "59": 0,
        "60": 1,
        "61": 2,
        "62": 4,
        "63": 3,
        "64": 4,
        "65": 1,
        "66": 2,
        "67": 4,
        "68": 0,
        "69": 3,
        "70": 0,
        "71": 4,
        "72": 4,
        "73": 1,
        "74": 2,
        "75": 3,
        "76": 0
    },
    "lower_bound": 51.0
}