{
    "node_types": [
        "invoice",
        "sku",
        "zone"
    ],
    "edge_types": [
        "('invoice', 'requires', 'sku')",
        "('sku', 'located_at', 'zone')",
        "('sku', 'rev_requires', 'invoice')",
        "('zone', 'rev_located_at', 'sku')"
    ],
    "num_invoices": 26,
    "num_sku": 100,
    "num_zone": 5,
    "invoices": [
        [
            18,
            32,
            71,
            46,
            79,
            73,
            77,
            39,
            22,
            44,
            55,
            90,
            24
        ],
        [
            5,
            34,
            13,
            9,
            92,
            43,
            20,
            37,
            22,
            5,
            17,
            59,
            61
        ],
        [
            19,
            28,
            57,
            95,
            15,
            49,
            69,
            83,
            66,
            77,
            69,
            89,
            74,
            8,
            20
        ],
        [
            35,
            76,
            55,
            0,
            17,
            81,
            48,
            99,
            76,
            27,
            97
        ],
        [
            9,
            0,
            14,
            70,
            94,
            4,
            43,
            3,
            82,
            54,
            21,
            42
        ],
        [
            27,
            39,
            87,
            29,
            36,
            41,
            0,
            64,
            74,
            35
        ],
        [
            35,
            39,
            65,
            72,
            26,
            71,
            80,
            16,
            21,
            60,
            80,
            52,
            84,
            31,
            52,
            73
        ],
        [
            95,
            5,
            33,
            19,
            85,
            8,
            87,
            40,
            82,
            94
        ],
        [
            44,
            31,
            86,
            58,
            33,
            89,
            13,
            63,
            96
        ],
        [
            58,
            76,
            1,
            37,
            18,
            59,
            6,
            66,
            90
        ],
        [
            53,
            84,
            51,
            68
        ],
        [
            51,
            36,
            98,
            13,
            82,
            68,
            25,
            75,
            0
        ],
        [
            18,
            38,
            45,
            71,
            56,
            87,
            78,
            50,
            13,
            43,
            61
        ],
        [
            3,
            7,
            44,
            81,
            93,
            77,
            20,
            62,
            7,
            1,
            9,
            25,
            29,
            2
        ],
        [
            42,
            63,
            91,
            47,
            85,
            79,
            37,
            53,
            62,
            34,
            10,
            5,
            12,
            52,
            8,
            85,
            28,
            14,
            83,
            63,
            23,
            72,
            14,
            49,
            34,
            79
        ],
        [
            3,
            4,
            68,
            69,
            19,
            99,
            83,
            86,
            32
        ],
        [
            10,
            45,
            40,
            81,
            44,
            65,
            71,
            54,
            27,
            79,
            30,
            61,
            24
        ],
        [
            3,
            89,
            30,
            10,
            73,
            97,
            51,
            95,
            70,
            24,
            57,
            95
        ],
        [
            41,
            86,
            42,
            28,
            91,
            56,
            87,
            64,
            85,
            23,
            30
        ],
        [
            58,
            62,
            64,
            67,
            98,
            80,
            12,
            36,
            98,
            49
        ],
        [
            89,
            96,
            34,
            11,
            83,
            70,
            32,
            46,
            36,
            97,
            17,
            10
        ],
        [
            16,
            50,
            29,
            69,
            35,
            52,
            6
        ],
        [
            75,
            9,
            12,
            15,
            15,
            96,
            99,
            46,
            45,
            49,
            92,
            30
        ],
        [
            75,
            92,
            47,
            11,
            72,
            70,
            45,
            4,
            26
        ],
        [
            2,
            93,
            48,
            41,
            20,
            67,
            82,
            1,
            56,
            63,
            88,
            39,
            6,
            15,
            60,
            78,
            61,
            78,
            19,
            56
        ],
        [
            40,
            28,
            11,
            11,
            8,
            38,
            14,
            92,
            64,
            67,
            12,
            72,
            88,
            4,
            43,
            75
        ]
    ],
    "matching": {
        "0": 4,
        "1": 3,
        "2": 0,
        "3": 0,
        "4": 3,
        "5": 2,
        "6": 2,
        "7": 1,
        "8": 0,
        "9": 0,
        "10": 2,
        "11": 4,
        "12": 3,
        "13": 0,
        "14": 3,
        "15": 3,
        "16": 3,
        "17": 1,
        "18": 4,
        "19": 2,
        "20": 0,
        "21": 4,
        "22": 1,
        "23": 4,
        "24": 3,
        "25": 4,
        "26": 4,
        "27": 0,
        "28": 4,
        "29": 4,
        "30": 4,
        "31": 1,
        "32": 2,
        "33": 1,
        "34": 4,
        "35": 0,
        "36": 4,
        "37": 2,
        "38": 4,
        "39": 3,
        "40": 2,
        "41": 0,
        "42": 2,
        "43": 2,
        "44": 2,
        "45": 4,
        "46": 3,
        "47": 1,
        "48": 0,
        "49": 3,
        "50": 0,
        "51": 3,
        "52": 1,
        "53": 2,
        "54": 4,
        "55": 1,
        "56": 2,
        "57": 4,
        "58": 4,
        "59": 2,
        "60": 4,
        "61": 1,
        "62": 3,
        "63": 0,
        "64": 4,
        "65": 0,
        "66": 0,
        "67": 2,
        "68": 3,
        "69": 4,
        "70": 1,
        "71": 1,
        "72": 2,
        "73": 1,
        "74": 1,
        "75": 4,
        "76": 4,
        "77": 4,
        "78": 0,
        "79": 3,
        "80": 3,
        "81": 3,
        "82": 0,
        "83": 2,
        "84": 4,
        "85": 4,
        "86": 2,
        "87": 0,
        "88": 4,
        "89": 3,
        "90": 1,
        "91": 4,
        "92": 2,
        "93": 1,
        "94": 1,
        "95": 1,
        "96": 2,
        "97": 3,
        "98": 4,
        "99": 0
    },
    "lower_bound": 90.0
}