{
    "node_types": [
        "invoice",
        "sku",
        "zone"
    ],
    "edge_types": [
        "('invoice', 'requires', 'sku')",
        "('sku', 'located_at', 'zone')",
        "('sku', 'rev_requires', 'invoice')",
        "('zone', 'rev_located_at', 'sku')"
    ],
    "num_invoices": 25,
    "num_sku": 100,
    "num_zone": 5,
    "invoices": [
        [
            61,
            24,
            58,
            65,
            72,
            65,
            25,
            45,
            60,
            43,
            70,
            11,
            39,
            76,
            51
        ],
        [
            90,
            28,
            6,
            19,
            47,
            66,
            4,
            50,
            97,
            70,
            12
        ],
        [
            52,
            99,
            23,
            86,
            22,
            20,
            80,
            54,
            96,
            82,
            40,
            72,
            33,
            21,
            6,
            66,
            89,
            1,
            97
        ],
        [
            28,
            17,
            85,
            96,
            28,
            34,
            63,
            2,
            5,
            34,
            92,
            21,
            48,
            59,
            56
        ],
        [
            33,
            75,
            26,
            8,
            44,
            85,
            78,
            33,
            69,
            79,
            35,
            24,
            90,
            73
        ],
        [
            89,
            83,
            1,
            80,
            42,
            76,
            87,
            40,
            88,
            14
        ],
        [
            51,
            58,
            90,
            81,
            54,
            25,
            91,
            55,
            87,
            51,
            45,
            80
        ],
        [
            74,
            23,
            2,
            36,
            11,
            27,
            23
        ],
        [
            74,
            72,
            71,
            16,
            83,
            60,
            55,
            99,
            81,
            2,
            84,
            79,
            46,
            8,
            41,
            63,
            18,
            9
        ],
        [
            63,
            91,
            16,
            70,
            53,
            50,
            76,
            4,
            62,
            93
        ],
        [
            62,
            50,
            67,
            62,
            92,
            43,
            17,
            32,
            99
        ],
        [
            37,
            72,
            20,
            82,
            68,
            94,
            94,
            24,
            69,
            43,
            32
        ],
        [
            83,
            49,
            19,
            20,
            86,
            3,
            88,
            52,
            77,
            89,
            54,
            93,
            53,
            21,
            29,
            79,
            97,
            33,
            24,
            32,
            17
        ],
        [
            77,
            82,
            0,
            98,
            41,
            48,
            0,
            81,
            1,
            85,
            10,
            71,
            37,
            7,
            48,
            18,
            60
        ],
        [
            5,
            9,
            42,
            47,
            71,
            31,
            89,
            78,
            17,
            76,
            66,
            52,
            28,
            95,
            47,
            86
        ],
        [
            13,
            81,
            40,
            46,
            31,
            45,
            5,
            26
        ],
        [
            74,
            83,
            38,
            39,
            49,
            22,
            12,
            57,
            58,
            26,
            75
        ],
        [
            88,
            95,
            12,
            44,
            14,
            55,
            8,
            92,
            95
        ],
        [
            31,
            22,
            15,
            59,
            15,
            61,
            30,
            75,
            96,
            59,
            73,
            39
        ],
        [
            8,
            31,
            30,
            74,
            56,
            98,
            15,
            7,
            36
        ],
        [
            55,
            30,
            97,
            47,
            63,
            45,
            29,
            38,
            9,
            14,
            9,
            29,
            91
        ],
        [
            77,
            38,
            56,
            65,
            35,
            10,
            38,
            80,
            41,
            40
        ],
        [
            84,
            69,
            68,
            36,
            91,
            37,
            78,
            27,
            87
        ],
        [
            3,
            54,
            79,
            41,
            64,
            69,
            13,
            52,
            90,
            20,
            50,
            57
        ],
        [
            7,
            75,
            64,
            37,
            27,
            73,
            67,
            19,
            49,
            99,
            13
        ]
    ],
    "matching": {
        "0": 1,
        "1": 2,
        "2": 1,
        "3": 4,
        "4": 0,
        "5": 2,
        "6": 2,
        "7": 0,
        "8": 1,
        "9": 1,
        "10": 2,
        "11": 0,
        "12": 2,
        "13": 2,
        "14": 2,
        "15": 3,
        "16": 0,
        "17": 1,
        "18": 1,
        "19": 0,
        "20": 1,
        "21": 2,
        "22": 4,
        "23": 0,
        "24": 3,
        "25": 2,
        "26": 3,
        "27": 4,
        "28": 4,
        "29": 0,
        "30": 2,
        "31": 0,
        "32": 1,
        "33": 1,
        "34": 3,
        "35": 1,
        "36": 1,
        "37": 0,
        "38": 2,
        "39": 3,
        "40": 4,
        "41": 4,
        "42": 2,
        "43": 1,
        "44": 2,
        "45": 3,
        "46": 2,
        "47": 0,
        "48": 4,
        "49": 3,
        "50": 3,
        "51": 2,
        "52": 1,
        "53": 0,
        "54": 1,
        "55": 2,
        "56": 0,
        "57": 1,
        "58": 3,
        "59": 2,
        "60": 0,
        "61": 0,
        "62": 3,
        "63": 2,
        "64": 3,
        "65": 1,
        "66": 3,
        "67": 3,
        "68": 4,
        "69": 0,
        "70": 4,
        "71": 3,
        "72": 3,
        "73": 4,
        "74": 2,
        "75": 3,
        "76": 2,
        "77": 3,
        "78": 4,
        "79": 1,
        "80": 3,
        "81": 3,
        "82": 4,
        "83": 0,
        "84": 1,
        "85": 3,
        "86": 4,
        "87": 0,
        "88": 1,
        "89": 4,
        "90": 0,
        "91": 3,
        "92": 2,
        "93": 1,
        "94": 1,
        "95": 3,
        "96": 3,
        "97": 1,
        "98": 4,
        "99": 0
    },
    "lower_bound": 75.0
}