{
    "node_types": [
        "invoice",
        "sku",
        "zone"
    ],
    "edge_types": [
        "('invoice', 'requires', 'sku')",
        "('sku', 'located_at', 'zone')",
        "('sku', 'rev_requires', 'invoice')",
        "('zone', 'rev_located_at', 'sku')"
    ],
    "num_invoices": 27,
    "num_sku": 97,
    "num_zone": 5,
    "invoices": [
        [
            44,
            83,
            54,
            38,
            49,
            59,
            38,
            3,
            45,
            27,
            58,
            67
        ],
        [
            23,
            19,
            63,
            31,
            96
        ],
        [
            37,
            8,
            33,
            8,
            51,
            93,
            22,
            54,
            60,
            42,
            96,
            54,
            78
        ],
        [
            61,
            55,
            84,
            68,
            43,
            5,
            20,
            76,
            55,
            38,
            32,
            71,
            70,
            69,
            51,
            9,
            89,
            81,
            58,
            30
        ],
        [
            64,
            76,
            41,
            87,
            53,
            79,
            2,
            50,
            62,
            89,
            1,
            57,
            2,
            62,
            15
        ],
        [
            33,
            11,
            78,
            21,
            33,
            25,
            64,
            50,
            58
        ],
        [
            46,
            4,
            6,
            87,
            48,
            88,
            27,
            21,
            81,
            72,
            37
        ],
        [
            18,
            27,
            13,
            93,
            92,
            4,
            39,
            30,
            63,
            83,
            86
        ],
        [
            47,
            67,
            14,
            43,
            22,
            37,
            28,
            34,
            11,
            52,
            84,
            14
        ],
        [
            22,
            29,
            7,
            24,
            82,
            82,
            15,
            9,
            95,
            57,
            10
        ],
        [
            29,
            9,
            73,
            81,
            43,
            3
        ],
        [
            85,
            66,
            40,
            18,
            65,
            65,
            77,
            20,
            32,
            61,
            56,
            47,
            6,
            16
        ],
        [
            16,
            89,
            52,
            2,
            66,
            9,
            33,
            41,
            91,
            90,
            13
        ],
        [
            64,
            73,
            21,
            58,
            66,
            30,
            7
        ],
        [
            32,
            75,
            68,
            25,
            24,
            64,
            17
        ],
        [
            74,
            18,
            41,
            45,
            30,
            8,
            91,
            86,
            31,
            12,
            71,
            48,
            0
        ],
        [
            18,
            38,
            63,
            51,
            77,
            84,
            4,
            16,
            84,
            90,
            48,
            50
        ],
        [
            5,
            72,
            8,
            20,
            15,
            82,
            78,
            56,
            88,
            83
        ],
        [
            79,
            74,
            19,
            60,
            21,
            62,
            36,
            80
        ],
        [
            65,
            36,
            85,
            53,
            1,
            73,
            95,
            27,
            37,
            16,
            68,
            26,
            34
        ],
        [
            0,
            44,
            40,
            65,
            49,
            22,
            59,
            80,
            26,
            45,
            10,
            94,
            19,
            14,
            70,
            31
        ],
        [
            1,
            75,
            92,
            71,
            52,
            54,
            36
        ],
        [
            3,
            34,
            10,
            53,
            39,
            69,
            94,
            92,
            11
        ],
        [
            34,
            24,
            28,
            42,
            12,
            15
        ],
        [
            32,
            83,
            92,
            23,
            10,
            2,
            51,
            1,
            66,
            40,
            86,
            35
        ],
        [
            63,
            56,
            31,
            94,
            55,
            45,
            60,
            68,
            47,
            35,
            93
        ],
        [
            42,
            43,
            11,
            53,
            26,
            60,
            36,
            71,
            17,
            46,
            79
        ]
    ],
    "matching": {
        "0": 0,
        "1": 0,
        "2": 0,
        "3": 2,
        "4": 1,
        "5": 2,
        "6": 0,
        "7": 3,
        "8": 0,
        "9": 3,
        "10": 3,
        "11": 4,
        "12": 4,
        "13": 3,
        "14": 3,
        "15": 4,
        "16": 4,
        "17": 0,
        "18": 0,
        "19": 2,
        "20": 3,
        "21": 0,
        "22": 4,
        "23": 2,
        "24": 0,
        "25": 3,
        "26": 1,
        "27": 4,
        "28": 3,
        "29": 2,
        "30": 1,
        "31": 3,
        "32": 3,
        "33": 1,
        "34": 2,
        "35": 2,
        "36": 2,
        "37": 1,
        "38": 1,
        "39": 3,
        "40": 1,
        "41": 2,
        "42": 0,
        "43": 3,
        "44": 4,
        "45": 0,
        "46": 4,
        "47": 4,
        "48": 1,
        "49": 2,
        "50": 4,
        "51": 2,
        "52": 0,
        "53": 1,
        "54": 1,
        "55": 2,
        "56": 3,
        "57": 0,
        "58": 4,
        "59": 1,
        "60": 0,
        "61": 4,
        "62": 3,
        "63": 1,
        "64": 2,
        "65": 1,
        "66": 4,
        "67": 2,
        "68": 0,
        "69": 4,
        "70": 4,
        "71": 1,
        "72": 4,
        "73": 2,
        "74": 2,
        "75": 2,
        "76": 4,
        "77": 0,
        "78": 4,
        "79": 4,
        "80": 1,
        "81": 1,
        "82": 1,
        "83": 4,
        "84": 0,
        "85": 4,
        "86": 1,
        "87": 1,
        "88": 3,
        "89": 0,
        "90": 4,
        "91": 0,
        "92": 4,
        "93": 4,
        "94": 4,
        "95": 1,
        "96": 4
    },
    "lower_bound": 72.0
}