{
    "node_types": [
        "invoice",
        "sku",
        "zone"
    ],
    "edge_types": [
        "('invoice', 'requires', 'sku')",
        "('sku', 'located_at', 'zone')",
        "('sku', 'rev_requires', 'invoice')",
        "('zone', 'rev_located_at', 'sku')"
    ],
    "num_invoices": 31,
    "num_sku": 91,
    "num_zone": 5,
    "invoices": [
        [
            66,
            28,
            28,
            38,
            51,
            28,
            16,
            33,
            77
        ],
        [
            8,
            54,
            6,
            0,
            1,
            85,
            79,
            9,
            73,
            62,
            11,
            50
        ],
        [
            60,
            15,
            18,
            5,
            29,
            65,
            59,
            40
        ],
        [
            87,
            68,
            65,
            61,
            84,
            86,
            45,
            83,
            17,
            41,
            46,
            67,
            76
        ],
        [
            51,
            50,
            75,
            83,
            80,
            48,
            27,
            19,
            55
        ],
        [
            58,
            47,
            27,
            52,
            61,
            31,
            21,
            21
        ],
        [
            66,
            27,
            23,
            68,
            50,
            20,
            21,
            18,
            78
        ],
        [
            45,
            49,
            79,
            76,
            73,
            71,
            50,
            63,
            7,
            7
        ],
        [
            74,
            81,
            31,
            70,
            13,
            43,
            71,
            90
        ],
        [
            16,
            52,
            83,
            60,
            15,
            62,
            63,
            87,
            64
        ],
        [
            14,
            73,
            34,
            81,
            37,
            35,
            71,
            8
        ],
        [
            2,
            86,
            29,
            36,
            62,
            28,
            41
        ],
        [
            43,
            36,
            13,
            41,
            49,
            37,
            3,
            12
        ],
        [
            7,
            85,
            78,
            11,
            56,
            67,
            56,
            4
        ],
        [
            58,
            45,
            90,
            58,
            29,
            36
        ],
        [
            24,
            3,
            23,
            88,
            37,
            4,
            30,
            20,
            53,
            65
        ],
        [
            90,
            53,
            31,
            75,
            35,
            79,
            2,
            24,
            10,
            35
        ],
        [
            44,
            90,
            35,
            44,
            24,
            34,
            54,
            49
        ],
        [
            0,
            72,
            77,
            57,
            25,
            47,
            27,
            3
        ],
        [
            21,
            70,
            15,
            87,
            61,
            80,
            61
        ],
        [
            22,
            48,
            69,
            22,
            69,
            89,
            32,
            82,
            0,
            12
        ],
        [
            42,
            41,
            53,
            39,
            8,
            8,
            89,
            58,
            13
        ],
        [
            57,
            1,
            47,
            45,
            49,
            48,
            42,
            18
        ],
        [
            43,
            62,
            10,
            9,
            51,
            17,
            55,
            77,
            5,
            11,
            73,
            30,
            64,
            17,
            44
        ],
        [
            4,
            55,
            52,
            33,
            40,
            25,
            19,
            42,
            78
        ],
        [
            4,
            18,
            84,
            74,
            37,
            59,
            70,
            39,
            3,
            75
        ],
        [
            22,
            85,
            64,
            40,
            32,
            23,
            31,
            26,
            26
        ],
        [
            53,
            17,
            69,
            11
        ],
        [
            23,
            76,
            78,
            2,
            16,
            77,
            72,
            46
        ],
        [
            43,
            12,
            6,
            25,
            14,
            48,
            44,
            72,
            82,
            26,
            38
        ],
        [
            13,
            15,
            20,
            22,
            74,
            88,
            80,
            40,
            32
        ]
    ],
    "matching": {
        "0": 1,
        "1": 0,
        "2": 0,
        "3": 1,
        "4": 4,
        "5": 4,
        "6": 3,
        "7": 1,
        "8": 1,
        "9": 1,
        "10": 1,
        "11": 2,
        "12": 1,
        "13": 0,
        "14": 0,
        "15": 1,
        "16": 2,
        "17": 3,
        "18": 3,
        "19": 1,
        "20": 1,
        "21": 3,
        "22": 1,
        "23": 0,
        "24": 3,
        "25": 3,
        "26": 3,
        "27": 2,
        "28": 4,
        "29": 4,
        "30": 3,
        "31": 3,
        "32": 1,
        "33": 3,
        "34": 2,
        "35": 3,
        "36": 1,
        "37": 3,
        "38": 3,
        "39": 4,
        "40": 0,
        "41": 4,
        "42": 3,
        "43": 4,
        "44": 2,
        "45": 3,
        "46": 3,
        "47": 0,
        "48": 3,
        "49": 3,
        "50": 4,
        "51": 2,
        "52": 2,
        "53": 4,
        "54": 4,
        "55": 1,
        "56": 1,
        "57": 3,
        "58": 1,
        "59": 1,
        "60": 3,
        "61": 4,
        "62": 4,
        "63": 1,
        "64": 2,
        "65": 2,
        "66": 0,
        "67": 3,
        "68": 0,
        "69": 1,
        "70": 4,
        "71": 0,
        "72": 4,
        "73": 1,
        "74": 1,
        "75": 0,
        "76": 1,
        "77": 4,
        "78": 1,
        "79": 1,
        "80": 2,
        "81": 0,
        "82": 0,
        "83": 2,
        "84": 2,
        "85": 4,
        "86": 2,
        "87": 2,
        "88": 4,
        "89": 2,
        "90": 1
    },
    "lower_bound": 57.0
}