{
    "node_types": [
        "invoice",
        "sku",
        "zone"
    ],
    "edge_types": [
        "('invoice', 'requires', 'sku')",
        "('sku', 'located_at', 'zone')",
        "('sku', 'rev_requires', 'invoice')",
        "('zone', 'rev_located_at', 'sku')"
    ],
    "num_invoices": 27,
    "num_sku": 94,
    "num_zone": 5,
    "invoices": [
        [
            4,
            18,
            87,
            40,
            70
        ],
        [
            56,
            5,
            71,
            10,
            2,
            7,
            24,
            48,
            37,
            22,
            25,
            91,
            60
        ],
        [
            76,
            53,
            79,
            58,
            16,
            42,
            69,
            36,
            18,
            17,
            80,
            34,
            90,
            34,
            68,
            66,
            64,
            22
        ],
        [
            54,
            93,
            5,
            90,
            11,
            43
        ],
        [
            52,
            53,
            21,
            8,
            15,
            83,
            52,
            42,
            60,
            88
        ],
        [
            14,
            65,
            53,
            82,
            4
        ],
        [
            79,
            78,
            84,
            24,
            2
        ],
        [
            16,
            59,
            60,
            14,
            86,
            31,
            23,
            75,
            62,
            93
        ],
        [
            82,
            20,
            14,
            77,
            32,
            3,
            40,
            56,
            45,
            2,
            27,
            13,
            4
        ],
        [
            55,
            15,
            24,
            20,
            61,
            62,
            55,
            54
        ],
        [
            18,
            30,
            88,
            82,
            60,
            19,
            35,
            35,
            5,
            10
        ],
        [
            80,
            40,
            35,
            78,
            49,
            56,
            71,
            90,
            87,
            4,
            48,
            30
        ],
        [
            3,
            39,
            28,
            85,
            12,
            81,
            38,
            73,
            72,
            34,
            81
        ],
        [
            17,
            49,
            51,
            52,
            37,
            57,
            81,
            28,
            30,
            90,
            45,
            78,
            26,
            31
        ],
        [
            9,
            72,
            12,
            17,
            0,
            63,
            19,
            46,
            86,
            13,
            68,
            47,
            29,
            58,
            42,
            13
        ],
        [
            51,
            28,
            81,
            0,
            65,
            85,
            89,
            27,
            47,
            33,
            61,
            56,
            22,
            64,
            74,
            29
        ],
        [
            59,
            74,
            83,
            55,
            15,
            80,
            19
        ],
        [
            9,
            51,
            12,
            55,
            46,
            36,
            0,
            77,
            69,
            88,
            33,
            23
        ],
        [
            88,
            92,
            72,
            32,
            66,
            1,
            57
        ],
        [
            44,
            50,
            9,
            29,
            6,
            61,
            82,
            8,
            13,
            17,
            26,
            28
        ],
        [
            69,
            54,
            87,
            53,
            73,
            30,
            63,
            44,
            24,
            46,
            63,
            29,
            40
        ],
        [
            84,
            78,
            92,
            41,
            58,
            67,
            68,
            37,
            39,
            86
        ],
        [
            21,
            18,
            62,
            69,
            43,
            14,
            25,
            68,
            50,
            39,
            1,
            89,
            67
        ],
        [
            57,
            51,
            83,
            23,
            35,
            83,
            23,
            11,
            70
        ],
        [
            38,
            41,
            45,
            7,
            6,
            37,
            62,
            89,
            19,
            61,
            92
        ],
        [
            79,
            33,
            72,
            45,
            50,
            33,
            21,
            91,
            15
        ],
        [
            31,
            77,
            76,
            79,
            93,
            3,
            75,
            63
        ]
    ],
    "matching": {
        "0": 3,
        "1": 1,
        "2": 2,
        "3": 0,
        "4": 3,
        "5": 3,
        "6": 3,
        "7": 4,
        "8": 4,
        "9": 3,
        "10": 1,
        "11": 1,
        "12": 1,
        "13": 2,
        "14": 2,
        "15": 4,
        "16": 3,
        "17": 1,
        "18": 2,
        "19": 4,
        "20": 3,
        "21": 1,
        "22": 2,
        "23": 1,
        "24": 2,
        "25": 3,
        "26": 4,
        "27": 0,
        "28": 1,
        "29": 1,
        "30": 1,
        "31": 3,
        "32": 1,
        "33": 2,
        "34": 3,
        "35": 2,
        "36": 3,
        "37": 3,
        "38": 0,
        "39": 2,
        "40": 1,
        "41": 1,
        "42": 3,
        "43": 0,
        "44": 3,
        "45": 3,
        "46": 3,
        "47": 1,
        "48": 4,
        "49": 3,
        "50": 2,
        "51": 0,
        "52": 0,
        "53": 2,
        "54": 1,
        "55": 4,
        "56": 2,
        "57": 0,
        "58": 4,
        "59": 4,
        "60": 4,
        "61": 0,
        "62": 3,
        "63": 2,
        "64": 4,
        "65": 3,
        "66": 2,
        "67": 1,
        "68": 4,
        "69": 3,
        "70": 2,
        "71": 1,
        "72": 2,
        "73": 1,
        "74": 2,
        "75": 2,
        "76": 4,
        "77": 3,
        "78": 1,
        "79": 1,
        "80": 1,
        "81": 4,
        "82": 3,
        "83": 0,
        "84": 1,
        "85": 0,
        "86": 2,
        "87": 4,
        "88": 0,
        "89": 4,
        "90": 2,
        "91": 2,
        "92": 0,
        "93": 1
    },
    "lower_bound": 66.0
}