{
    "node_types": [
        "invoice",
        "sku",
        "zone"
    ],
    "edge_types": [
        "('invoice', 'requires', 'sku')",
        "('sku', 'located_at', 'zone')",
        "('sku', 'rev_requires', 'invoice')",
        "('zone', 'rev_located_at', 'sku')"
    ],
    "num_invoices": 34,
    "num_sku": 61,
    "num_zone": 5,
    "invoices": [
        [
            13,
            25,
            6,
            7
        ],
        [
            45,
            24,
            48
        ],
        [
            22,
            49,
            41,
            27,
            19
        ],
        [
            14,
            1,
            17,
            33,
            33,
            39
        ],
        [
            33,
            25
        ],
        [
            43,
            59
        ],
        [
            19,
            29,
            28
        ],
        [
            37,
            13,
            16
        ],
        [
            10,
            39,
            27
        ],
        [
            60,
            58,
            10,
            52,
            3,
            11
        ],
        [
            60,
            51,
            4,
            53,
            51
        ],
        [
            5,
            18,
            0,
            56,
            10,
            56
        ],
        [
            34
        ],
        [
            59,
            4,
            16,
            36,
            19,
            28
        ],
        [
            45,
            55,
            29,
            34,
            42,
            2,
            33,
            15,
            23
        ],
        [
            8,
            12,
            11,
            53,
            45,
            29
        ],
        [
            2,
            17,
            52,
            20,
            4,
            52
        ],
        [
            8,
            43,
            38
        ],
        [
            15,
            32,
            40,
            37,
            20,
            16,
            51
        ],
        [
            44,
            24,
            36,
            35,
            57
        ],
        [
            49,
            50,
            39,
            5,
            21,
            40
        ],
        [
            46,
            23,
            17,
            9
        ],
        [
            28,
            6,
            0,
            9,
            57,
            36
        ],
        [
            40,
            12,
            57,
            47,
            18,
            40,
            21,
            22
        ],
        [
            38,
            31,
            32
        ],
        [
            26,
            3,
            41,
            42,
            36,
            21,
            58,
            4,
            58,
            55,
            51
        ],
        [
            15,
            56,
            22,
            31,
            7,
            3,
            35,
            54
        ],
        [
            18,
            14,
            29,
            30,
            43,
            44,
            48,
            42
        ],
        [],
        [
            38,
            42,
            35,
            11,
            50
        ],
        [
            3,
            46,
            54,
            49,
            18,
            2,
            14,
            16
        ],
        [
            27,
            30,
            26,
            47,
            5,
            53,
            20,
            48
        ],
        [
            7,
            5,
            24
        ],
        [
            38,
            1,
            34,
            21,
            17,
            24
        ]
    ],
    "matching": {
        "0": 4,
        "1": 2,
        "2": 0,
        "3": 2,
        "4": 1,
        "5": 4,
        "6": 0,
        "7": 2,
        "8": 1,
        "9": 3,
        "10": 4,
        "11": 2,
        "12": 3,
        "13": 1,
        "14": 1,
        "15": 4,
        "16": 0,
        "17": 4,
        "18": 2,
        "19": 0,
        "20": 1,
        "21": 3,
        "22": 0,
        "23": 2,
        "24": 2,
        "25": 0,
        "26": 2,
        "27": 2,
        "28": 2,
        "29": 4,
        "30": 2,
        "31": 3,
        "32": 1,
        "33": 2,
        "34": 0,
        "35": 4,
        "36": 1,
        "37": 0,
        "38": 0,
        "39": 3,
        "40": 1,
        "41": 1,
        "42": 4,
        "43": 4,
        "44": 1,
        "45": 0,
        "46": 1,
        "47": 1,
        "48": 2,
        "49": 1,
        "50": 2,
        "51": 0,
        "52": 1,
        "53": 1,
        "54": 1,
        "55": 0,
        "56": 4,
        "57": 4,
        "58": 3,
        "59": 4,
        "60": 0
    },
    "lower_bound": 45.0
}