{
    "node_types": [
        "invoice",
        "sku",
        "zone"
    ],
    "edge_types": [
        "('invoice', 'requires', 'sku')",
        "('sku', 'located_at', 'zone')",
        "('sku', 'rev_requires', 'invoice')",
        "('zone', 'rev_located_at', 'sku')"
    ],
    "num_invoices": 26,
    "num_sku": 80,
    "num_zone": 5,
    "invoices": [
        [
            42,
            3,
            8,
            42,
            5,
            70,
            63
        ],
        [
            67,
            7,
            13,
            26,
            20,
            35
        ],
        [
            20,
            32,
            28,
            28,
            66,
            62
        ],
        [
            37,
            59,
            13,
            39,
            8,
            75,
            69,
            14,
            54,
            50,
            62,
            24,
            34,
            22
        ],
        [
            67,
            33,
            15,
            44,
            7,
            43
        ],
        [
            27,
            63,
            50,
            31,
            77,
            73,
            52,
            74,
            30,
            69
        ],
        [
            40,
            74,
            61,
            33,
            34,
            17,
            43,
            33,
            20
        ],
        [
            32,
            55,
            56,
            15,
            26,
            76
        ],
        [
            53,
            0,
            75,
            2,
            19,
            46,
            43
        ],
        [
            6,
            56,
            1,
            49,
            15,
            27,
            17
        ],
        [
            54,
            78,
            7,
            58,
            1,
            41,
            43,
            62,
            27,
            78,
            72
        ],
        [
            61,
            58,
            4,
            9,
            60,
            12
        ],
        [
            77,
            57,
            63,
            14,
            68,
            48,
            36,
            22
        ],
        [
            53,
            36,
            39,
            38,
            12,
            13
        ],
        [
            36,
            24,
            15,
            34
        ],
        [
            49,
            17,
            7,
            10,
            37,
            33,
            69,
            11,
            73,
            19,
            29,
            64,
            42,
            73,
            19
        ],
        [
            40,
            19,
            60,
            16,
            46,
            57,
            74,
            63,
            37,
            31,
            78,
            39,
            51,
            55,
            53,
            23
        ],
        [
            70,
            56,
            39,
            71,
            29,
            51,
            18,
            0,
            1
        ],
        [
            65,
            5,
            45,
            65,
            6,
            52,
            72,
            71,
            21,
            59,
            45,
            71,
            25
        ],
        [
            22,
            42,
            68,
            30,
            79,
            25,
            66
        ],
        [
            48,
            21,
            71,
            9,
            1,
            23,
            52,
            79,
            11,
            64,
            38,
            70,
            30
        ],
        [
            10,
            29,
            40,
            3,
            52,
            11,
            16,
            2,
            49
        ],
        [
            49,
            60,
            18,
            41
        ],
        [
            35,
            55,
            4,
            75,
            44,
            76
        ],
        [
            32,
            41,
            47,
            79,
            35,
            60,
            38,
            32
        ],
        [
            44,
            0,
            18,
            22,
            36,
            47,
            65,
            11,
            24,
            9,
            66,
            61,
            0,
            41,
            10
        ]
    ],
    "matching": {
        "0": 4,
        "1": 2,
        "2": 0,
        "3": 2,
        "4": 4,
        "5": 0,
        "6": 2,
        "7": 4,
        "8": 1,
        "9": 4,
        "10": 2,
        "11": 3,
        "12": 2,
        "13": 4,
        "14": 0,
        "15": 1,
        "16": 4,
        "17": 3,
        "18": 3,
        "19": 4,
        "20": 3,
        "21": 1,
        "22": 1,
        "23": 4,
        "24": 0,
        "25": 1,
        "26": 1,
        "27": 1,
        "28": 4,
        "29": 3,
        "30": 3,
        "31": 2,
        "32": 2,
        "33": 4,
        "34": 3,
        "35": 1,
        "36": 4,
        "37": 1,
        "38": 2,
        "39": 3,
        "40": 1,
        "41": 1,
        "42": 2,
        "43": 2,
        "44": 0,
        "45": 4,
        "46": 1,
        "47": 0,
        "48": 0,
        "49": 4,
        "50": 3,
        "51": 4,
        "52": 1,
        "53": 1,
        "54": 3,
        "55": 2,
        "56": 2,
        "57": 3,
        "58": 4,
        "59": 4,
        "60": 2,
        "61": 4,
        "62": 2,
        "63": 0,
        "64": 2,
        "65": 3,
        "66": 1,
        "67": 2,
        "68": 2,
        "69": 4,
        "70": 4,
        "71": 0,
        "72": 2,
        "73": 0,
        "74": 0,
        "75": 3,
        "76": 1,
        "77": 1,
        "78": 4,
        "79": 0
    },
    "lower_bound": 60.0
}