{
    "node_types": [
        "invoice",
        "sku",
        "zone"
    ],
    "edge_types": [
        "('invoice', 'requires', 'sku')",
        "('sku', 'located_at', 'zone')",
        "('sku', 'rev_requires', 'invoice')",
        "('zone', 'rev_located_at', 'sku')"
    ],
    "num_invoices": 33,
    "num_sku": 86,
    "num_zone": 5,
    "invoices": [
        [
            40,
            1,
            84,
            31,
            72,
            64,
            5
        ],
        [
            3,
            47,
            31,
            40,
            73,
            43,
            12,
            30
        ],
        [
            45,
            79,
            68,
            35
        ],
        [
            23,
            51,
            47,
            34,
            7,
            3,
            71,
            21,
            12
        ],
        [
            75,
            20,
            64,
            16
        ],
        [
            82,
            44,
            66,
            61,
            14,
            42,
            3,
            85,
            0,
            3,
            21,
            65
        ],
        [
            62,
            9,
            28,
            85,
            14
        ],
        [
            73,
            45,
            17,
            18,
            76,
            70,
            75,
            7
        ],
        [
            18,
            19,
            60,
            24,
            39,
            26,
            83,
            60
        ],
        [
            52,
            54,
            62,
            78,
            22,
            33,
            34,
            85,
            73,
            6
        ],
        [
            62,
            4,
            59,
            49,
            1,
            69,
            48,
            79
        ],
        [
            33,
            76,
            58,
            0,
            15,
            63,
            16,
            23,
            18,
            65,
            6,
            64,
            79,
            80
        ],
        [
            68
        ],
        [
            16,
            34,
            85,
            13,
            79
        ],
        [
            32,
            49,
            6,
            43,
            25,
            56,
            28
        ],
        [
            61,
            53,
            39,
            19,
            56,
            29,
            77,
            14,
            71,
            55,
            17
        ],
        [
            32,
            30,
            68,
            1,
            6,
            21,
            69,
            67,
            72,
            4
        ],
        [
            8,
            25,
            69,
            77,
            5,
            36,
            8,
            53,
            38,
            42
        ],
        [
            4,
            17,
            19,
            35,
            10,
            26
        ],
        [
            5,
            74,
            33,
            43,
            63
        ],
        [
            15,
            36,
            50,
            66,
            38,
            25,
            13,
            8,
            42,
            27
        ],
        [
            81,
            24,
            32,
            29,
            76,
            48,
            47,
            52
        ],
        [
            23,
            61,
            30,
            28,
            20,
            72,
            13,
            53
        ],
        [
            33,
            75,
            51,
            27,
            37,
            11,
            13,
            75,
            78
        ],
        [
            58,
            55,
            2,
            23,
            60,
            57,
            81,
            55,
            16
        ],
        [
            74,
            84,
            57,
            36,
            44,
            77,
            24
        ],
        [
            37,
            29,
            2,
            37,
            69,
            50,
            56,
            34,
            67,
            82,
            32,
            55,
            61
        ],
        [
            50,
            67,
            10,
            53,
            64,
            84,
            58,
            1,
            9,
            59,
            25
        ],
        [
            56,
            45,
            9,
            78,
            62,
            26,
            49
        ],
        [
            27,
            11,
            5,
            71,
            45,
            0,
            60,
            36,
            83,
            71,
            7
        ],
        [
            0,
            22,
            77,
            83,
            51
        ],
        [
            26,
            54,
            15,
            72,
            50,
            68,
            46,
            46,
            80
        ],
        [
            54,
            84,
            8,
            48,
            41,
            28,
            41,
            70
        ]
    ],
    "matching": {
        "0": 3,
        "1": 3,
        "2": 2,
        "3": 1,
        "4": 0,
        "5": 4,
        "6": 0,
        "7": 0,
        "8": 2,
        "9": 4,
        "10": 3,
        "11": 3,
        "12": 0,
        "13": 1,
        "14": 4,
        "15": 1,
        "16": 3,
        "17": 3,
        "18": 0,
        "19": 0,
        "20": 2,
        "21": 4,
        "22": 3,
        "23": 0,
        "24": 1,
        "25": 3,
        "26": 0,
        "27": 3,
        "28": 4,
        "29": 1,
        "30": 2,
        "31": 3,
        "32": 3,
        "33": 1,
        "34": 0,
        "35": 0,
        "36": 2,
        "37": 3,
        "38": 1,
        "39": 3,
        "40": 3,
        "41": 1,
        "42": 3,
        "43": 1,
        "44": 0,
        "45": 2,
        "46": 4,
        "47": 3,
        "48": 0,
        "49": 4,
        "50": 0,
        "51": 3,
        "52": 1,
        "53": 0,
        "54": 2,
        "55": 4,
        "56": 2,
        "57": 3,
        "58": 0,
        "59": 0,
        "60": 0,
        "61": 0,
        "62": 2,
        "63": 2,
        "64": 4,
        "65": 0,
        "66": 2,
        "67": 2,
        "68": 4,
        "69": 4,
        "70": 4,
        "71": 0,
        "72": 2,
        "73": 3,
        "74": 2,
        "75": 2,
        "76": 3,
        "77": 4,
        "78": 4,
        "79": 0,
        "80": 1,
        "81": 4,
        "82": 4,
        "83": 1,
        "84": 2,
        "85": 2
    },
    "lower_bound": 54.0
}