{
    "node_types": [
        "invoice",
        "sku",
        "zone"
    ],
    "edge_types": [
        "('invoice', 'requires', 'sku')",
        "('sku', 'located_at', 'zone')",
        "('sku', 'rev_requires', 'invoice')",
        "('zone', 'rev_located_at', 'sku')"
    ],
    "num_invoices": 29,
    "num_sku": 81,
    "num_zone": 5,
    "invoices": [
        [
            17,
            80,
            78,
            19,
            36
        ],
        [
            27,
            45,
            73,
            13,
            78,
            37,
            16
        ],
        [
            49,
            48,
            72,
            72,
            28,
            15,
            29,
            47,
            76,
            22,
            36,
            57,
            65,
            27
        ],
        [
            65,
            68,
            51,
            68,
            10,
            50,
            76,
            66,
            18,
            16,
            34,
            2
        ],
        [
            25,
            64,
            11,
            80,
            2,
            72,
            43,
            63,
            51
        ],
        [
            26,
            56,
            79,
            9,
            78,
            54,
            11,
            31,
            46,
            59,
            22,
            2,
            10
        ],
        [
            16,
            53,
            49,
            39,
            46,
            64,
            74
        ],
        [
            29,
            60,
            12,
            48,
            55,
            20,
            73,
            29,
            79,
            61
        ],
        [
            42,
            31,
            54,
            65,
            13,
            23,
            15,
            43,
            57,
            63
        ],
        [
            8,
            18,
            33
        ],
        [
            21,
            39,
            23,
            22,
            42,
            67
        ],
        [
            24,
            30,
            7,
            47,
            3,
            19,
            17,
            75
        ],
        [
            0,
            33,
            25,
            7,
            38,
            52,
            6,
            64,
            0
        ],
        [
            53,
            43,
            44,
            61,
            35,
            76,
            80
        ],
        [
            27,
            37,
            34,
            7,
            59,
            51
        ],
        [
            62,
            48,
            20,
            77,
            52,
            26,
            52,
            64
        ],
        [
            75,
            77,
            70,
            31,
            74,
            36,
            75,
            40
        ],
        [
            40,
            34,
            39,
            15,
            75,
            18,
            41,
            32
        ],
        [
            3,
            30,
            67,
            61,
            38,
            58,
            11,
            51,
            12,
            49,
            29
        ],
        [
            14,
            73,
            5,
            57,
            67,
            24,
            63
        ],
        [
            58,
            25,
            28,
            69,
            70,
            74,
            80,
            68,
            79
        ],
        [
            0,
            17,
            77,
            10,
            6,
            45,
            71,
            34,
            56,
            59,
            69,
            4,
            72
        ],
        [
            59,
            8,
            30,
            5,
            46,
            15
        ],
        [
            16,
            55,
            12,
            30,
            41,
            27
        ],
        [
            66,
            74,
            4,
            77,
            21,
            9,
            65
        ],
        [
            1,
            14,
            50,
            58,
            37,
            13,
            23,
            62,
            71,
            1,
            60
        ],
        [
            50,
            70,
            12,
            10,
            26,
            40,
            62,
            17,
            35,
            41,
            79
        ],
        [
            66,
            13,
            78,
            44,
            32,
            38,
            40,
            4,
            1,
            42
        ],
        [
            37,
            70,
            66,
            18
        ]
    ],
    "matching": {
        "0": 1,
        "1": 1,
        "2": 3,
        "3": 4,
        "4": 4,
        "5": 1,
        "6": 0,
        "7": 4,
        "8": 1,
        "9": 3,
        "10": 1,
        "11": 0,
        "12": 3,
        "13": 0,
        "14": 2,
        "15": 3,
        "16": 3,
        "17": 3,
        "18": 0,
        "19": 4,
        "20": 2,
        "21": 1,
        "22": 2,
        "23": 2,
        "24": 1,
        "25": 1,
        "26": 2,
        "27": 4,
        "28": 3,
        "29": 2,
        "30": 4,
        "31": 3,
        "32": 2,
        "33": 4,
        "34": 2,
        "35": 0,
        "36": 4,
        "37": 3,
        "38": 2,
        "39": 3,
        "40": 1,
        "41": 1,
        "42": 3,
        "43": 3,
        "44": 4,
        "45": 4,
        "46": 1,
        "47": 0,
        "48": 2,
        "49": 3,
        "50": 0,
        "51": 0,
        "52": 3,
        "53": 0,
        "54": 3,
        "55": 4,
        "56": 3,
        "57": 0,
        "58": 1,
        "59": 1,
        "60": 1,
        "61": 0,
        "62": 1,
        "63": 2,
        "64": 3,
        "65": 1,
        "66": 4,
        "67": 0,
        "68": 4,
        "69": 2,
        "70": 3,
        "71": 0,
        "72": 0,
        "73": 2,
        "74": 1,
        "75": 3,
        "76": 0,
        "77": 2,
        "78": 3,
        "79": 1,
        "80": 2
    },
    "lower_bound": 54.0
}