{
    "node_types": [
        "invoice",
        "sku",
        "zone"
    ],
    "edge_types": [
        "('invoice', 'requires', 'sku')",
        "('sku', 'located_at', 'zone')",
        "('sku', 'rev_requires', 'invoice')",
        "('zone', 'rev_located_at', 'sku')"
    ],
    "num_invoices": 33,
    "num_sku": 72,
    "num_zone": 5,
    "invoices": [
        [
            0,
            25,
            57,
            21,
            20
        ],
        [
            22,
            6,
            19,
            69,
            59,
            53,
            3
        ],
        [
            48,
            38,
            14,
            66
        ],
        [
            19,
            46,
            69,
            34,
            9,
            1,
            8,
            71,
            53
        ],
        [
            21,
            33,
            60,
            45,
            52,
            68,
            27,
            4,
            61,
            54
        ],
        [
            50,
            32,
            7,
            56
        ],
        [
            19,
            62,
            24,
            25,
            67,
            49,
            10,
            42
        ],
        [
            51,
            1,
            5,
            11,
            51,
            40,
            42
        ],
        [
            8,
            65,
            61,
            5
        ],
        [
            60,
            26,
            16,
            13,
            53,
            46,
            20,
            49,
            52
        ],
        [
            2,
            17,
            42
        ],
        [
            21,
            12,
            64,
            62,
            64
        ],
        [
            15,
            10,
            47,
            26,
            37
        ],
        [
            41,
            50,
            35,
            46,
            63,
            39,
            27,
            40
        ],
        [
            36,
            24,
            4,
            30,
            67,
            19,
            37,
            68,
            28,
            23
        ],
        [
            35,
            1,
            48
        ],
        [
            18,
            39,
            44,
            51,
            9,
            10,
            48,
            67,
            47
        ],
        [
            64,
            38,
            28,
            26,
            61,
            2,
            12,
            5,
            55
        ],
        [
            15,
            17,
            30,
            39,
            16,
            59,
            46,
            60,
            58
        ],
        [
            71,
            18,
            42
        ],
        [
            22,
            32,
            31,
            45,
            54,
            12,
            14
        ],
        [
            34,
            66
        ],
        [
            37,
            52,
            23,
            26,
            49
        ],
        [
            20,
            5,
            13,
            34
        ],
        [
            11,
            21,
            6
        ],
        [
            13,
            0,
            25,
            41
        ],
        [
            53,
            32,
            4,
            16,
            20,
            6,
            36,
            47
        ],
        [
            48,
            70,
            43,
            15,
            29,
            30
        ],
        [
            32,
            31,
            8,
            38,
            58,
            57,
            67
        ],
        [
            59,
            63,
            0,
            41,
            2,
            29,
            4,
            56,
            28,
            44
        ],
        [
            43,
            66,
            66,
            65,
            33,
            3,
            16,
            0,
            41
        ],
        [
            38,
            52,
            70,
            6,
            45,
            58
        ],
        [
            55,
            7
        ]
    ],
    "matching": {
        "0": 4,
        "1": 1,
        "2": 3,
        "3": 2,
        "4": 4,
        "5": 0,
        "6": 3,
        "7": 0,
        "8": 4,
        "9": 2,
        "10": 0,
        "11": 3,
        "12": 2,
        "13": 2,
        "14": 2,
        "15": 1,
        "16": 0,
        "17": 4,
        "18": 2,
        "19": 1,
        "20": 4,
        "21": 2,
        "22": 2,
        "23": 4,
        "24": 3,
        "25": 2,
        "26": 0,
        "27": 4,
        "28": 3,
        "29": 4,
        "30": 1,
        "31": 2,
        "32": 0,
        "33": 0,
        "34": 3,
        "35": 3,
        "36": 2,
        "37": 3,
        "38": 3,
        "39": 1,
        "40": 0,
        "41": 3,
        "42": 0,
        "43": 0,
        "44": 2,
        "45": 2,
        "46": 2,
        "47": 1,
        "48": 1,
        "49": 1,
        "50": 0,
        "51": 3,
        "52": 0,
        "53": 1,
        "54": 2,
        "55": 4,
        "56": 1,
        "57": 3,
        "58": 3,
        "59": 0,
        "60": 2,
        "61": 2,
        "62": 0,
        "63": 3,
        "64": 3,
        "65": 0,
        "66": 4,
        "67": 4,
        "68": 4,
        "69": 3,
        "70": 4,
        "71": 3
    },
    "lower_bound": 42.0
}