{
    "node_types": [
        "invoice",
        "sku",
        "zone"
    ],
    "edge_types": [
        "('invoice', 'requires', 'sku')",
        "('sku', 'located_at', 'zone')",
        "('sku', 'rev_requires', 'invoice')",
        "('zone', 'rev_located_at', 'sku')"
    ],
    "num_invoices": 25,
    "num_sku": 89,
    "num_zone": 5,
    "invoices": [
        [
            33,
            56,
            76,
            58,
            82,
            46,
            54,
            74,
            82,
            12
        ],
        [
            36,
            3,
            58,
            24,
            71,
            51,
            73,
            54,
            80
        ],
        [
            47,
            76,
            84,
            15,
            39,
            34,
            77,
            68,
            75,
            16,
            48
        ],
        [
            27,
            27,
            34,
            86,
            64,
            18
        ],
        [
            59,
            81,
            30,
            33,
            81,
            39,
            1,
            59,
            88
        ],
        [
            7,
            3,
            49,
            79,
            7,
            72,
            77
        ],
        [
            49,
            20,
            57,
            10,
            54,
            70,
            60,
            25,
            13,
            68,
            7
        ],
        [
            30,
            79,
            12,
            36,
            7,
            38,
            57,
            78,
            16,
            55,
            51,
            78,
            51,
            30,
            14
        ],
        [
            5,
            22,
            88,
            19,
            22,
            75,
            67,
            21,
            45,
            53,
            8,
            8,
            5
        ],
        [
            31,
            62,
            20,
            73,
            88,
            54,
            23,
            2,
            60,
            4
        ],
        [
            83,
            44,
            84,
            8,
            66,
            47,
            42
        ],
        [
            21,
            55,
            32,
            27,
            10,
            63,
            25,
            38,
            18,
            29,
            64,
            26,
            29,
            16
        ],
        [
            34,
            26,
            63,
            11,
            84
        ],
        [
            34,
            50,
            75,
            40,
            86,
            10,
            41,
            2,
            48,
            20,
            60,
            83,
            12
        ],
        [
            35,
            88,
            62,
            70,
            40,
            40,
            11,
            38,
            62,
            1,
            30
        ],
        [
            70,
            21,
            4,
            14,
            35,
            19,
            81,
            53,
            80,
            33,
            84,
            6,
            63,
            6,
            26
        ],
        [
            79,
            85,
            75,
            52,
            76,
            48,
            55
        ],
        [
            49,
            47,
            83,
            72,
            86,
            65,
            32,
            49,
            16,
            45,
            69,
            43
        ],
        [
            69,
            29,
            29,
            45,
            18,
            68,
            87
        ],
        [
            52,
            87,
            19,
            2,
            17,
            5,
            65,
            66,
            42
        ],
        [
            37,
            66,
            85,
            19,
            11,
            63,
            13,
            65,
            68
        ],
        [
            10,
            80,
            58,
            17,
            51,
            52,
            44,
            86,
            23,
            70,
            9,
            22
        ],
        [
            6,
            72,
            24,
            53,
            37,
            28,
            46,
            74,
            9,
            28,
            22,
            0,
            37,
            61
        ],
        [
            12,
            61,
            0,
            43,
            40,
            83,
            14,
            6,
            39,
            39
        ],
        [
            50,
            4,
            15,
            60,
            85,
            41,
            81,
            67,
            71,
            78,
            45,
            56,
            31
        ]
    ],
    "matching": {
        "0": 4,
        "1": 3,
        "2": 3,
        "3": 0,
        "4": 1,
        "5": 1,
        "6": 3,
        "7": 2,
        "8": 1,
        "9": 4,
        "10": 4,
        "11": 0,
        "12": 2,
        "13": 2,
        "14": 0,
        "15": 2,
        "16": 4,
        "17": 2,
        "18": 0,
        "19": 0,
        "20": 3,
        "21": 0,
        "22": 1,
        "23": 2,
        "24": 2,
        "25": 2,
        "26": 1,
        "27": 3,
        "28": 1,
        "29": 0,
        "30": 3,
        "31": 4,
        "32": 0,
        "33": 0,
        "34": 4,
        "35": 3,
        "36": 3,
        "37": 1,
        "38": 4,
        "39": 0,
        "40": 2,
        "41": 3,
        "42": 0,
        "43": 3,
        "44": 4,
        "45": 4,
        "46": 3,
        "47": 0,
        "48": 2,
        "49": 4,
        "50": 4,
        "51": 3,
        "52": 2,
        "53": 2,
        "54": 4,
        "55": 0,
        "56": 0,
        "57": 4,
        "58": 2,
        "59": 1,
        "60": 4,
        "61": 1,
        "62": 1,
        "63": 0,
        "64": 4,
        "65": 2,
        "66": 0,
        "67": 0,
        "68": 0,
        "69": 3,
        "70": 2,
        "71": 4,
        "72": 1,
        "73": 4,
        "74": 2,
        "75": 2,
        "76": 3,
        "77": 0,
        "78": 3,
        "79": 2,
        "80": 1,
        "81": 4,
        "82": 1,
        "83": 2,
        "84": 2,
        "85": 1,
        "86": 1,
        "87": 2,
        "88": 2
    },
    "lower_bound": 57.0
}