{
    "node_types": [
        "invoice",
        "sku",
        "zone"
    ],
    "edge_types": [
        "('invoice', 'requires', 'sku')",
        "('sku', 'located_at', 'zone')",
        "('sku', 'rev_requires', 'invoice')",
        "('zone', 'rev_located_at', 'sku')"
    ],
    "num_invoices": 30,
    "num_sku": 84,
    "num_zone": 5,
    "invoices": [
        [
            15,
            52,
            61,
            33,
            47,
            48
        ],
        [
            51,
            21,
            37,
            48,
            33
        ],
        [
            37,
            83,
            39,
            26,
            17,
            21,
            11,
            12,
            27,
            52
        ],
        [
            58,
            18,
            69
        ],
        [
            36,
            78,
            75,
            64,
            20,
            15,
            53,
            4,
            18,
            5,
            3,
            62,
            26
        ],
        [
            19,
            40,
            8,
            43,
            41,
            18,
            16,
            46,
            53,
            67
        ],
        [
            28,
            65,
            72,
            72,
            25,
            46,
            2,
            64,
            11,
            15,
            26
        ],
        [
            81,
            35,
            38,
            43,
            34,
            14,
            71,
            42,
            6,
            12,
            51
        ],
        [
            40,
            62,
            81,
            47,
            42,
            60,
            41,
            70,
            21,
            47,
            63,
            8,
            59
        ],
        [
            38,
            21,
            73,
            10,
            69,
            34,
            79
        ],
        [
            70,
            14,
            82,
            6,
            20,
            82,
            30,
            78,
            7,
            63
        ],
        [
            5,
            68,
            5,
            35,
            68
        ],
        [
            74,
            9,
            40,
            73,
            2,
            58,
            48
        ],
        [
            24,
            40,
            76,
            25,
            76,
            55,
            81,
            76,
            59
        ],
        [
            32,
            80,
            78,
            56,
            67,
            71
        ],
        [
            13,
            25,
            4,
            56,
            54,
            55,
            48,
            24,
            57,
            27,
            55,
            68
        ],
        [
            9,
            50,
            83,
            77,
            7,
            3,
            66,
            18
        ],
        [
            57,
            10,
            14,
            16,
            44,
            49,
            27,
            26,
            19,
            66,
            10
        ],
        [
            0,
            29,
            39,
            77,
            56,
            57,
            13,
            42
        ],
        [
            2,
            44,
            49,
            41,
            44,
            3,
            58,
            71,
            49
        ],
        [
            29,
            54,
            79,
            1,
            50
        ],
        [
            80,
            47,
            66,
            37,
            20,
            4,
            14,
            74
        ],
        [
            31,
            1,
            70,
            71,
            64,
            30
        ],
        [
            41,
            0,
            74,
            22,
            17,
            9,
            16
        ],
        [
            3,
            83,
            67,
            7,
            12,
            60,
            0,
            36,
            15,
            57
        ],
        [
            61,
            65,
            46,
            79,
            70,
            60,
            38,
            77,
            43,
            20
        ],
        [
            62,
            32,
            64,
            54,
            63,
            46,
            36,
            6,
            55
        ],
        [
            8,
            33,
            23,
            81,
            22,
            43,
            61,
            38
        ],
        [
            45,
            23,
            19,
            69,
            67,
            31,
            31,
            53,
            27,
            28,
            73
        ],
        [
            66,
            4,
            75,
            45,
            73
        ]
    ],
    "matching": {
        "0": 4,
        "1": 0,
        "2": 4,
        "3": 1,
        "4": 0,
        "5": 0,
        "6": 1,
        "7": 0,
        "8": 1,
        "9": 3,
        "10": 0,
        "11": 3,
        "12": 4,
        "13": 1,
        "14": 4,
        "15": 0,
        "16": 2,
        "17": 0,
        "18": 2,
        "19": 0,
        "20": 1,
        "21": 3,
        "22": 4,
        "23": 4,
        "24": 2,
        "25": 1,
        "26": 3,
        "27": 4,
        "28": 4,
        "29": 0,
        "30": 3,
        "31": 1,
        "32": 0,
        "33": 2,
        "34": 3,
        "35": 0,
        "36": 0,
        "37": 4,
        "38": 3,
        "39": 0,
        "40": 2,
        "41": 0,
        "42": 3,
        "43": 0,
        "44": 1,
        "45": 3,
        "46": 0,
        "47": 0,
        "48": 0,
        "49": 2,
        "50": 2,
        "51": 1,
        "52": 0,
        "53": 4,
        "54": 3,
        "55": 2,
        "56": 1,
        "57": 2,
        "58": 1,
        "59": 3,
        "60": 2,
        "61": 2,
        "62": 0,
        "63": 4,
        "64": 2,
        "65": 0,
        "66": 3,
        "67": 2,
        "68": 0,
        "69": 4,
        "70": 1,
        "71": 4,
        "72": 0,
        "73": 2,
        "74": 3,
        "75": 3,
        "76": 3,
        "77": 4,
        "78": 1,
        "79": 0,
        "80": 0,
        "81": 4,
        "82": 4,
        "83": 0
    },
    "lower_bound": 51.0
}