{
    "node_types": [
        "invoice",
        "sku",
        "zone"
    ],
    "edge_types": [
        "('invoice', 'requires', 'sku')",
        "('sku', 'located_at', 'zone')",
        "('sku', 'rev_requires', 'invoice')",
        "('zone', 'rev_located_at', 'sku')"
    ],
    "num_invoices": 27,
    "num_sku": 88,
    "num_zone": 5,
    "invoices": [
        [
            0,
            63,
            73,
            71,
            55,
            52,
            70,
            73
        ],
        [
            28,
            38,
            67,
            11,
            74,
            46,
            13,
            19,
            84,
            27,
            13,
            65
        ],
        [
            3,
            21,
            31,
            30,
            51,
            66,
            7,
            4,
            15,
            51,
            28,
            19,
            85,
            75
        ],
        [
            29,
            3,
            22,
            60,
            66,
            69,
            32,
            26,
            22
        ],
        [
            41,
            42,
            56,
            51,
            83,
            55,
            78,
            77
        ],
        [
            40,
            31,
            20,
            39,
            7,
            85,
            87,
            33,
            48,
            13,
            83,
            42
        ],
        [
            44,
            32,
            18,
            57,
            83,
            23,
            2,
            67,
            65,
            74,
            6,
            50,
            87,
            76,
            34
        ],
        [
            9,
            6,
            55,
            32,
            16,
            85,
            50,
            53,
            52,
            85,
            6,
            64,
            79,
            41,
            80
        ],
        [
            64,
            1,
            14,
            47,
            12,
            52,
            36,
            2,
            76,
            82,
            60,
            45,
            29,
            3,
            66,
            53,
            39
        ],
        [
            48,
            16,
            40,
            33,
            6,
            77,
            61,
            69
        ],
        [
            76,
            80,
            50,
            75,
            68,
            36,
            24
        ],
        [
            74,
            12,
            22,
            45,
            44,
            64
        ],
        [
            1,
            25,
            34,
            38,
            42,
            62,
            52,
            37,
            4
        ],
        [
            61,
            29,
            31,
            84,
            68,
            83,
            10
        ],
        [
            63,
            5,
            41,
            25,
            15,
            49,
            8,
            14
        ],
        [
            70,
            17,
            48,
            59,
            58,
            81,
            54,
            31,
            7,
            43
        ],
        [
            23,
            0,
            1,
            16,
            23,
            29,
            20
        ],
        [
            54,
            26,
            71,
            60,
            74,
            18,
            10,
            37,
            24,
            68
        ],
        [
            17,
            66,
            9,
            38,
            49,
            40,
            77,
            44,
            67,
            4,
            56
        ],
        [
            87,
            58,
            46,
            78,
            26,
            43,
            49,
            63,
            11
        ],
        [
            39,
            46,
            10,
            72,
            67,
            81
        ],
        [
            3,
            62,
            0,
            73,
            27,
            5,
            86
        ],
        [
            57,
            84,
            82,
            16,
            69,
            1,
            59,
            70,
            34
        ],
        [
            18,
            82,
            14,
            75,
            50,
            27,
            5
        ],
        [
            70,
            58,
            77,
            44,
            10,
            58,
            68
        ],
        [
            72,
            8,
            51,
            32,
            22,
            18,
            13,
            40,
            4,
            86,
            35,
            36,
            38
        ],
        [
            47,
            62,
            79,
            35,
            21,
            87,
            30
        ]
    ],
    "matching": {
        "0": 1,
        "1": 2,
        "2": 2,
        "3": 2,
        "4": 1,
        "5": 0,
        "6": 3,
        "7": 3,
        "8": 3,
        "9": 2,
        "10": 4,
        "11": 2,
        "12": 4,
        "13": 1,
        "14": 1,
        "15": 4,
        "16": 4,
        "17": 1,
        "18": 0,
        "19": 3,
        "20": 0,
        "21": 2,
        "22": 3,
        "23": 2,
        "24": 3,
        "25": 4,
        "26": 4,
        "27": 3,
        "28": 4,
        "29": 1,
        "30": 0,
        "31": 2,
        "32": 3,
        "33": 2,
        "34": 3,
        "35": 1,
        "36": 1,
        "37": 0,
        "38": 3,
        "39": 3,
        "40": 3,
        "41": 3,
        "42": 4,
        "43": 1,
        "44": 1,
        "45": 4,
        "46": 2,
        "47": 0,
        "48": 0,
        "49": 3,
        "50": 4,
        "51": 4,
        "52": 2,
        "53": 0,
        "54": 3,
        "55": 1,
        "56": 4,
        "57": 0,
        "58": 4,
        "59": 3,
        "60": 2,
        "61": 2,
        "62": 4,
        "63": 0,
        "64": 4,
        "65": 3,
        "66": 4,
        "67": 0,
        "68": 0,
        "69": 3,
        "70": 2,
        "71": 2,
        "72": 0,
        "73": 2,
        "74": 3,
        "75": 2,
        "76": 1,
        "77": 1,
        "78": 3,
        "79": 1,
        "80": 1,
        "81": 4,
        "82": 1,
        "83": 0,
        "84": 3,
        "85": 1,
        "86": 1,
        "87": 1
    },
    "lower_bound": 63.0
}