{
    "node_types": [
        "invoice",
        "sku",
        "zone"
    ],
    "edge_types": [
        "('invoice', 'requires', 'sku')",
        "('sku', 'located_at', 'zone')",
        "('sku', 'rev_requires', 'invoice')",
        "('zone', 'rev_located_at', 'sku')"
    ],
    "num_invoices": 35,
    "num_sku": 52,
    "num_zone": 5,
    "invoices": [
        [
            29,
            45,
            28
        ],
        [
            11,
            4,
            48,
            49,
            48,
            1,
            18,
            31
        ],
        [
            9,
            16,
            13,
            35,
            9,
            19
        ],
        [
            50,
            17,
            47,
            17,
            20
        ],
        [
            32,
            46,
            45
        ],
        [
            10,
            22,
            34,
            21
        ],
        [
            40,
            7,
            12,
            41,
            0,
            42
        ],
        [
            31,
            21,
            10,
            34,
            50,
            25,
            28
        ],
        [
            16,
            38,
            47,
            29,
            3
        ],
        [
            5,
            43
        ],
        [
            8,
            26,
            18,
            40
        ],
        [
            9,
            0,
            51,
            27,
            24,
            10,
            30
        ],
        [
            20
        ],
        [
            39,
            7,
            41,
            19
        ],
        [
            1,
            6,
            12,
            34
        ],
        [
            4,
            38,
            32,
            2,
            19
        ],
        [
            12,
            21,
            51,
            40,
            26,
            6,
            47
        ],
        [
            19,
            34,
            36,
            36
        ],
        [
            27,
            22,
            42
        ],
        [
            31,
            37,
            37,
            43,
            8,
            20
        ],
        [
            33,
            13
        ],
        [
            4,
            31,
            30,
            46,
            41
        ],
        [
            5,
            27,
            45,
            25,
            26,
            26
        ],
        [
            36,
            39,
            15,
            11,
            28
        ],
        [
            44,
            46,
            1,
            0,
            32,
            14,
            15,
            49
        ],
        [
            38,
            8,
            24,
            37
        ],
        [
            15,
            43,
            45
        ],
        [
            43,
            16,
            24,
            7,
            36
        ],
        [
            23,
            51,
            17
        ],
        [
            35,
            46,
            44,
            28,
            35,
            33
        ],
        [
            14,
            40,
            17,
            42,
            11,
            35,
            23
        ],
        [
            2,
            47
        ],
        [
            29,
            16,
            23,
            3,
            50,
            32,
            51
        ],
        [
            33,
            44,
            7
        ],
        [
            38,
            5
        ]
    ],
    "matching": {
        "0": 1,
        "1": 1,
        "2": 0,
        "3": 4,
        "4": 2,
        "5": 0,
        "6": 0,
        "7": 1,
        "8": 2,
        "9": 4,
        "10": 0,
        "11": 4,
        "12": 4,
        "13": 1,
        "14": 4,
        "15": 2,
        "16": 1,
        "17": 3,
        "18": 2,
        "19": 4,
        "20": 2,
        "21": 2,
        "22": 3,
        "23": 0,
        "24": 0,
        "25": 2,
        "26": 1,
        "27": 0,
        "28": 4,
        "29": 3,
        "30": 0,
        "31": 2,
        "32": 3,
        "33": 0,
        "34": 2,
        "35": 4,
        "36": 1,
        "37": 2,
        "38": 1,
        "39": 2,
        "40": 1,
        "41": 2,
        "42": 0,
        "43": 2,
        "44": 3,
        "45": 0,
        "46": 1,
        "47": 1,
        "48": 1,
        "49": 0,
        "50": 0,
        "51": 1
    },
    "lower_bound": 36.0
}