{
    "node_types": [
        "invoice",
        "sku",
        "zone"
    ],
    "edge_types": [
        "('invoice', 'requires', 'sku')",
        "('sku', 'located_at', 'zone')",
        "('sku', 'rev_requires', 'invoice')",
        "('zone', 'rev_located_at', 'sku')"
    ],
    "num_invoices": 34,
    "num_sku": 64,
    "num_zone": 5,
    "invoices": [
        [
            11,
            46,
            45,
            10,
            7
        ],
        [
            4,
            36,
            27,
            3,
            35
        ],
        [
            11,
            16,
            2,
            17,
            50
        ],
        [
            12,
            26,
            37
        ],
        [
            33,
            58,
            34,
            22,
            4,
            15,
            23,
            12,
            22
        ],
        [
            13,
            3,
            28,
            1,
            30,
            46,
            16
        ],
        [
            20,
            49,
            45,
            29
        ],
        [
            15,
            17
        ],
        [
            23,
            2,
            40,
            2,
            53,
            9,
            18,
            60,
            40
        ],
        [
            52,
            14,
            43,
            32,
            49,
            47
        ],
        [
            19,
            1,
            52,
            3,
            25,
            33,
            24,
            45,
            25,
            52
        ],
        [
            25,
            6,
            54,
            36
        ],
        [
            5,
            33
        ],
        [
            2,
            35,
            61,
            58,
            47,
            27
        ],
        [
            8,
            20,
            61,
            0,
            63,
            38,
            53,
            47
        ],
        [
            58,
            6,
            14,
            26,
            5,
            42,
            28
        ],
        [
            0,
            24,
            19,
            55,
            36,
            9,
            38,
            41,
            26,
            16,
            41
        ],
        [
            29,
            21,
            17,
            16,
            19,
            0,
            48,
            17,
            1,
            35
        ],
        [
            28,
            55,
            12,
            20,
            54,
            31,
            59,
            63
        ],
        [
            62,
            37,
            43,
            1,
            14,
            27,
            8,
            39
        ],
        [
            40,
            15,
            27,
            57,
            35,
            52
        ],
        [
            42,
            54,
            42,
            4
        ],
        [
            28,
            36,
            6,
            51,
            61,
            21
        ],
        [
            3,
            13,
            32,
            46,
            45,
            7
        ],
        [
            46,
            34,
            30,
            61,
            50
        ],
        [
            14,
            62,
            9,
            8,
            24
        ],
        [
            31,
            5,
            13,
            5,
            39,
            20
        ],
        [
            59,
            62,
            10,
            63,
            53,
            26,
            56,
            33
        ],
        [
            11,
            18,
            60,
            37,
            51,
            21,
            44
        ],
        [
            48,
            24
        ],
        [
            57,
            39,
            50
        ],
        [
            0,
            39,
            54,
            12
        ],
        [
            11,
            21,
            44,
            43,
            7
        ],
        [
            38,
            56
        ]
    ],
    "matching": {
        "0": 3,
        "1": 4,
        "2": 0,
        "3": 0,
        "4": 4,
        "5": 3,
        "6": 2,
        "7": 3,
        "8": 0,
        "9": 1,
        "10": 4,
        "11": 2,
        "12": 2,
        "13": 0,
        "14": 0,
        "15": 3,
        "16": 0,
        "17": 0,
        "18": 2,
        "19": 3,
        "20": 1,
        "21": 1,
        "22": 0,
        "23": 2,
        "24": 0,
        "25": 0,
        "26": 1,
        "27": 2,
        "28": 4,
        "29": 3,
        "30": 3,
        "31": 4,
        "32": 1,
        "33": 1,
        "34": 4,
        "35": 3,
        "36": 4,
        "37": 0,
        "38": 3,
        "39": 1,
        "40": 4,
        "41": 2,
        "42": 1,
        "43": 3,
        "44": 0,
        "45": 0,
        "46": 4,
        "47": 2,
        "48": 4,
        "49": 0,
        "50": 1,
        "51": 3,
        "52": 4,
        "53": 3,
        "54": 1,
        "55": 4,
        "56": 2,
        "57": 1,
        "58": 1,
        "59": 0,
        "60": 4,
        "61": 2,
        "62": 3,
        "63": 3
    },
    "lower_bound": 45.0
}