{
    "node_types": [
        "invoice",
        "sku",
        "zone"
    ],
    "edge_types": [
        "('invoice', 'requires', 'sku')",
        "('sku', 'located_at', 'zone')",
        "('sku', 'rev_requires', 'invoice')",
        "('zone', 'rev_located_at', 'sku')"
    ],
    "num_invoices": 27,
    "num_sku": 65,
    "num_zone": 5,
    "invoices": [
        [
            47,
            28,
            56,
            49,
            47,
            61,
            6
        ],
        [
            19,
            43,
            51,
            14,
            10
        ],
        [
            2,
            33,
            34,
            14,
            11
        ],
        [
            35,
            48,
            13,
            54,
            30,
            47,
            27,
            8,
            21,
            41,
            55,
            6,
            4,
            62,
            24
        ],
        [
            52,
            19,
            19,
            37,
            57,
            23,
            11,
            11,
            12,
            62
        ],
        [
            24,
            22,
            26,
            20,
            13,
            11,
            7,
            38,
            64,
            50
        ],
        [
            48,
            26,
            36,
            59,
            25,
            27,
            53,
            3,
            46,
            61,
            52,
            2,
            46
        ],
        [
            37,
            31,
            64,
            60,
            40,
            58,
            29,
            5
        ],
        [
            4,
            5,
            59,
            41,
            37,
            22,
            32
        ],
        [
            10,
            56,
            8,
            0,
            18,
            20,
            32,
            17,
            10,
            38
        ],
        [
            43,
            20,
            23,
            35,
            18,
            59,
            31
        ],
        [
            39,
            12,
            22,
            30,
            57,
            27,
            63,
            48,
            61,
            16,
            12,
            38
        ],
        [
            25,
            9,
            51,
            14,
            8,
            9,
            9,
            62,
            21,
            28,
            57
        ],
        [
            63,
            55,
            49,
            18,
            52,
            63,
            24,
            16,
            40,
            20,
            23,
            7
        ],
        [
            50,
            13,
            38,
            39
        ],
        [
            36,
            45,
            31,
            59,
            45,
            15
        ],
        [
            3,
            33,
            36,
            48,
            18,
            40,
            32
        ],
        [
            5,
            44,
            44,
            34,
            15
        ],
        [
            14,
            24,
            41,
            0
        ],
        [
            1,
            42,
            25,
            56,
            33
        ],
        [
            37,
            31
        ],
        [
            35,
            30,
            2,
            53,
            16
        ],
        [
            54,
            47,
            35,
            49,
            5,
            42
        ],
        [
            36,
            51,
            3,
            3,
            43,
            0
        ],
        [
            26,
            1,
            44,
            54
        ],
        [
            17,
            29,
            46,
            53,
            4,
            58,
            64,
            55,
            22,
            51,
            44
        ],
        [
            53,
            30,
            13,
            39,
            28,
            8,
            16,
            60
        ]
    ],
    "matching": {
        "0": 2,
        "1": 3,
        "2": 3,
        "3": 3,
        "4": 1,
        "5": 4,
        "6": 2,
        "7": 4,
        "8": 3,
        "9": 4,
        "10": 1,
        "11": 4,
        "12": 1,
        "13": 0,
        "14": 2,
        "15": 4,
        "16": 1,
        "17": 1,
        "18": 3,
        "19": 1,
        "20": 0,
        "21": 2,
        "22": 1,
        "23": 2,
        "24": 4,
        "25": 0,
        "26": 1,
        "27": 0,
        "28": 0,
        "29": 0,
        "30": 2,
        "31": 1,
        "32": 0,
        "33": 3,
        "34": 4,
        "35": 1,
        "36": 3,
        "37": 1,
        "38": 1,
        "39": 0,
        "40": 2,
        "41": 2,
        "42": 0,
        "43": 0,
        "44": 0,
        "45": 0,
        "46": 2,
        "47": 1,
        "48": 0,
        "49": 3,
        "50": 4,
        "51": 1,
        "52": 2,
        "53": 0,
        "54": 0,
        "55": 2,
        "56": 3,
        "57": 3,
        "58": 4,
        "59": 4,
        "60": 0,
        "61": 1,
        "62": 1,
        "63": 4,
        "64": 3
    },
    "lower_bound": 57.0
}