{
    "node_types": [
        "invoice",
        "sku",
        "zone"
    ],
    "edge_types": [
        "('invoice', 'requires', 'sku')",
        "('sku', 'located_at', 'zone')",
        "('sku', 'rev_requires', 'invoice')",
        "('zone', 'rev_located_at', 'sku')"
    ],
    "num_invoices": 26,
    "num_sku": 86,
    "num_zone": 5,
    "invoices": [
        [
            73,
            70,
            18,
            15
        ],
        [
            83,
            45,
            15,
            32,
            76,
            19,
            46,
            6,
            71
        ],
        [
            21,
            83,
            5,
            53,
            34,
            24,
            1,
            81,
            10,
            75
        ],
        [
            20,
            17,
            63,
            14,
            50,
            13,
            3,
            35
        ],
        [
            13,
            11,
            25,
            29,
            74,
            30,
            45,
            26,
            69,
            44,
            82,
            51
        ],
        [
            8,
            57,
            6,
            9,
            1,
            46,
            8,
            82,
            70,
            26
        ],
        [
            1,
            31,
            77,
            73,
            25,
            0
        ],
        [
            79,
            11,
            72,
            5,
            32,
            65,
            79,
            36,
            40,
            85,
            50,
            68
        ],
        [
            12,
            42,
            70,
            28,
            41,
            17,
            49,
            11,
            38,
            21,
            32,
            83
        ],
        [
            52,
            28,
            3,
            9,
            4,
            48,
            56,
            71,
            42,
            76
        ],
        [
            37,
            59,
            18,
            12,
            6,
            40,
            34
        ],
        [
            14,
            60,
            25,
            27,
            82,
            59,
            84,
            76,
            67
        ],
        [
            36,
            35,
            77,
            16,
            70,
            60,
            33,
            59,
            19,
            24,
            52,
            43,
            62,
            80,
            58
        ],
        [
            71,
            85,
            15,
            37
        ],
        [
            75,
            18,
            4,
            22,
            58,
            51,
            8,
            55,
            57,
            29,
            33,
            18,
            31
        ],
        [
            9,
            45,
            63,
            47,
            78,
            41,
            38
        ],
        [
            2,
            84,
            62,
            52,
            27,
            80,
            41
        ],
        [
            69,
            60,
            83,
            56,
            67,
            0,
            13,
            63,
            66
        ],
        [
            43,
            67,
            81,
            30
        ],
        [
            23,
            75,
            55,
            32,
            35,
            2,
            23,
            47,
            68,
            29
        ],
        [
            55,
            66,
            61,
            65,
            7,
            78,
            41,
            22,
            27,
            12
        ],
        [
            39,
            72,
            48,
            71,
            3,
            68,
            34,
            27
        ],
        [
            16,
            80,
            17,
            47,
            36,
            54,
            56,
            28,
            64,
            14,
            73,
            42,
            43,
            58
        ],
        [
            72,
            51,
            54,
            49,
            10,
            53,
            74,
            76
        ],
        [
            46,
            66,
            56,
            7,
            82,
            8,
            61,
            20,
            9,
            57,
            50,
            74,
            5,
            23
        ],
        [
            44,
            31,
            11,
            35,
            6,
            46,
            47,
            58,
            17,
            39,
            63,
            19,
            72,
            39,
            64,
            85
        ]
    ],
    "matching": {
        "0": 1,
        "1": 1,
        "2": 2,
        "3": 0,
        "4": 1,
        "5": 3,
        "6": 3,
        "7": 2,
        "8": 4,
        "9": 0,
        "10": 1,
        "11": 3,
        "12": 0,
        "13": 1,
        "14": 0,
        "15": 4,
        "16": 3,
        "17": 2,
        "18": 1,
        "19": 4,
        "20": 3,
        "21": 4,
        "22": 4,
        "23": 2,
        "24": 0,
        "25": 1,
        "26": 2,
        "27": 4,
        "28": 2,
        "29": 3,
        "30": 0,
        "31": 0,
        "32": 4,
        "33": 3,
        "34": 2,
        "35": 1,
        "36": 1,
        "37": 4,
        "38": 3,
        "39": 0,
        "40": 2,
        "41": 3,
        "42": 0,
        "43": 1,
        "44": 2,
        "45": 3,
        "46": 3,
        "47": 0,
        "48": 0,
        "49": 0,
        "50": 0,
        "51": 4,
        "52": 3,
        "53": 3,
        "54": 3,
        "55": 2,
        "56": 3,
        "57": 4,
        "58": 4,
        "59": 2,
        "60": 1,
        "61": 2,
        "62": 0,
        "63": 1,
        "64": 0,
        "65": 2,
        "66": 1,
        "67": 2,
        "68": 1,
        "69": 3,
        "70": 4,
        "71": 3,
        "72": 3,
        "73": 1,
        "74": 1,
        "75": 2,
        "76": 4,
        "77": 0,
        "78": 1,
        "79": 3,
        "80": 3,
        "81": 3,
        "82": 3,
        "83": 1,
        "84": 2,
        "85": 1
    },
    "lower_bound": 60.0
}