{
    "node_types": [
        "invoice",
        "sku",
        "zone"
    ],
    "edge_types": [
        "('invoice', 'requires', 'sku')",
        "('sku', 'located_at', 'zone')",
        "('sku', 'rev_requires', 'invoice')",
        "('zone', 'rev_located_at', 'sku')"
    ],
    "num_invoices": 27,
    "num_sku": 70,
    "num_zone": 5,
    "invoices": [
        [
            0,
            44,
            35,
            32,
            62,
            51,
            19,
            33,
            43,
            2
        ],
        [
            6,
            12,
            10,
            34,
            16,
            23,
            55,
            58
        ],
        [
            39,
            3,
            24,
            14,
            0,
            51,
            8,
            53,
            11,
            66,
            47,
            57
        ],
        [
            28,
            32,
            55,
            60,
            49,
            32,
            64,
            6
        ],
        [
            47,
            13,
            28,
            67,
            50,
            62,
            7,
            18
        ],
        [
            25,
            26,
            60,
            34,
            60,
            4,
            63,
            38,
            14,
            15,
            25,
            3
        ],
        [
            18,
            24,
            37,
            25,
            55,
            2
        ],
        [
            11,
            36,
            49,
            61,
            44,
            42,
            51
        ],
        [
            59,
            3,
            4,
            45,
            42,
            34,
            51,
            33,
            41,
            19
        ],
        [
            58,
            43,
            56,
            59,
            14,
            43
        ],
        [
            54,
            22,
            32,
            61,
            26,
            13,
            68,
            14,
            21,
            5,
            53,
            57,
            30
        ],
        [
            27,
            8,
            29,
            40,
            65,
            5,
            36,
            33
        ],
        [
            33,
            21,
            35,
            27,
            16
        ],
        [
            17,
            45,
            29,
            31,
            19,
            12,
            66,
            59,
            34,
            19,
            31,
            3
        ],
        [
            25,
            38,
            15,
            39,
            59,
            47
        ],
        [
            6,
            27,
            23,
            4,
            7,
            28
        ],
        [
            16,
            62,
            57,
            15,
            22,
            20,
            4,
            20,
            2,
            28
        ],
        [
            38,
            53,
            10,
            9,
            11
        ],
        [
            17,
            55,
            43,
            1,
            67,
            38,
            69,
            36,
            6,
            45,
            10,
            52
        ],
        [
            48,
            50,
            10,
            16,
            53,
            54,
            23,
            65
        ],
        [
            68,
            57,
            48,
            46,
            9,
            0
        ],
        [
            22,
            62,
            64,
            11
        ],
        [
            7,
            18,
            63,
            0,
            27,
            41,
            7,
            2
        ],
        [
            20,
            40,
            56,
            46,
            49,
            21
        ],
        [
            66,
            24,
            1,
            17
        ],
        [
            64,
            52,
            37,
            23,
            49,
            40
        ],
        [
            20,
            64,
            15,
            30,
            69
        ]
    ],
    "matching": {
        "0": 3,
        "1": 4,
        "2": 2,
        "3": 0,
        "4": 4,
        "5": 0,
        "6": 0,
        "7": 1,
        "8": 0,
        "9": 4,
        "10": 3,
        "11": 2,
        "12": 3,
        "13": 4,
        "14": 4,
        "15": 2,
        "16": 0,
        "17": 3,
        "18": 2,
        "19": 3,
        "20": 3,
        "21": 4,
        "22": 4,
        "23": 1,
        "24": 2,
        "25": 4,
        "26": 4,
        "27": 4,
        "28": 2,
        "29": 2,
        "30": 1,
        "31": 2,
        "32": 0,
        "33": 1,
        "34": 0,
        "35": 2,
        "36": 0,
        "37": 2,
        "38": 2,
        "39": 4,
        "40": 1,
        "41": 3,
        "42": 0,
        "43": 2,
        "44": 4,
        "45": 1,
        "46": 1,
        "47": 3,
        "48": 0,
        "49": 4,
        "50": 2,
        "51": 0,
        "52": 1,
        "53": 1,
        "54": 0,
        "55": 4,
        "56": 0,
        "57": 1,
        "58": 2,
        "59": 2,
        "60": 0,
        "61": 1,
        "62": 2,
        "63": 4,
        "64": 0,
        "65": 3,
        "66": 2,
        "67": 0,
        "68": 1,
        "69": 2
    },
    "lower_bound": 51.0
}