{
    "node_types": [
        "invoice",
        "sku",
        "zone"
    ],
    "edge_types": [
        "('invoice', 'requires', 'sku')",
        "('sku', 'located_at', 'zone')",
        "('sku', 'rev_requires', 'invoice')",
        "('zone', 'rev_located_at', 'sku')"
    ],
    "num_invoices": 32,
    "num_sku": 96,
    "num_zone": 5,
    "invoices": [
        [
            80,
            86,
            54,
            11,
            41,
            84,
            34,
            58,
            86
        ],
        [
            17,
            85,
            30,
            67,
            62,
            58,
            24,
            88
        ],
        [
            20,
            79,
            40,
            36,
            76,
            15,
            30,
            16,
            42,
            5,
            40,
            78,
            52,
            69,
            27,
            41,
            18,
            90,
            44,
            3
        ],
        [
            85,
            34,
            73,
            45,
            56,
            88,
            77,
            89,
            68,
            63,
            41,
            36,
            77,
            35,
            53,
            64,
            68,
            24
        ],
        [
            5,
            48,
            13,
            81,
            21,
            51,
            74
        ],
        [
            6,
            89,
            56,
            31,
            43,
            4,
            10,
            0,
            83,
            65,
            70,
            42,
            41
        ],
        [
            54,
            64,
            37,
            60,
            91,
            86
        ],
        [
            20,
            25,
            73,
            66,
            7,
            20,
            73,
            90,
            27,
            39,
            28,
            83,
            69,
            44,
            66
        ],
        [
            49,
            29,
            50,
            16,
            39,
            57
        ],
        [
            12,
            26,
            10,
            74,
            46,
            34,
            72,
            21,
            8,
            1,
            16,
            63,
            35
        ],
        [
            75,
            31,
            72,
            18,
            92
        ],
        [
            44,
            93,
            53,
            6,
            38,
            2,
            30,
            8,
            29
        ],
        [
            74,
            23,
            11,
            88
        ],
        [
            95,
            21,
            31,
            15
        ],
        [
            5,
            76,
            19,
            22,
            24,
            39,
            10
        ],
        [
            33,
            11,
            75,
            71,
            94,
            76,
            53,
            0
        ],
        [
            22,
            28,
            27,
            76,
            45
        ],
        [
            67,
            37,
            92,
            22,
            91,
            84,
            48,
            55,
            16
        ],
        [
            14,
            36
        ],
        [
            36,
            6,
            77,
            58,
            55,
            28
        ],
        [
            44,
            82,
            81,
            87,
            1,
            65,
            9
        ],
        [
            39,
            52,
            5,
            71,
            13
        ],
        [
            10,
            61,
            48,
            59,
            82,
            57,
            50,
            42
        ],
        [
            29,
            93,
            68
        ],
        [
            74,
            33,
            17,
            25,
            75,
            13,
            2,
            56,
            60
        ],
        [
            91,
            77,
            38,
            85,
            93,
            51,
            64,
            32,
            4,
            7,
            58,
            83,
            94,
            43,
            64,
            3,
            27
        ],
        [
            59,
            45,
            73,
            47,
            94,
            65,
            87,
            78,
            49
        ],
        [
            52,
            61,
            23,
            43,
            18,
            85,
            53,
            93,
            9,
            83,
            70,
            19,
            13
        ],
        [
            79,
            54,
            54,
            78,
            12,
            32,
            40,
            18,
            6
        ],
        [
            2,
            3,
            55,
            60,
            40,
            84,
            42,
            50,
            1,
            29,
            88,
            75
        ],
        [
            67,
            86,
            63,
            24,
            90,
            4,
            47,
            48,
            47,
            95
        ],
        [
            80,
            57,
            46,
            66,
            12,
            62,
            25,
            26,
            4,
            20,
            14,
            45
        ]
    ],
    "matching": {
        "0": 2,
        "1": 3,
        "2": 3,
        "3": 1,
        "4": 4,
        "5": 3,
        "6": 3,
        "7": 2,
        "8": 0,
        "9": 0,
        "10": 2,
        "11": 2,
        "12": 1,
        "13": 2,
        "14": 4,
        "15": 4,
        "16": 3,
        "17": 1,
        "18": 0,
        "19": 2,
        "20": 0,
        "21": 0,
        "22": 1,
        "23": 1,
        "24": 4,
        "25": 0,
        "26": 1,
        "27": 0,
        "28": 0,
        "29": 3,
        "30": 4,
        "31": 3,
        "32": 3,
        "33": 2,
        "34": 3,
        "35": 0,
        "36": 4,
        "37": 4,
        "38": 3,
        "39": 3,
        "40": 4,
        "41": 4,
        "42": 1,
        "43": 0,
        "44": 0,
        "45": 0,
        "46": 2,
        "47": 1,
        "48": 0,
        "49": 3,
        "50": 1,
        "51": 2,
        "52": 0,
        "53": 2,
        "54": 3,
        "55": 2,
        "56": 2,
        "57": 4,
        "58": 3,
        "59": 3,
        "60": 0,
        "61": 4,
        "62": 3,
        "63": 2,
        "64": 3,
        "65": 3,
        "66": 0,
        "67": 0,
        "68": 2,
        "69": 2,
        "70": 3,
        "71": 4,
        "72": 4,
        "73": 3,
        "74": 3,
        "75": 4,
        "76": 3,
        "77": 4,
        "78": 4,
        "79": 1,
        "80": 3,
        "81": 4,
        "82": 1,
        "83": 0,
        "84": 4,
        "85": 2,
        "86": 0,
        "87": 4,
        "88": 2,
        "89": 3,
        "90": 0,
        "91": 0,
        "92": 0,
        "93": 1,
        "94": 1,
        "95": 2
    },
    "lower_bound": 72.0
}