{
    "node_types": [
        "invoice",
        "sku",
        "zone"
    ],
    "edge_types": [
        "('invoice', 'requires', 'sku')",
        "('sku', 'located_at', 'zone')",
        "('sku', 'rev_requires', 'invoice')",
        "('zone', 'rev_located_at', 'sku')"
    ],
    "num_invoices": 35,
    "num_sku": 56,
    "num_zone": 5,
    "invoices": [
        [
            55,
            30,
            52,
            51
        ],
        [
            31,
            3,
            38,
            2,
            8,
            26,
            53,
            4
        ],
        [
            20,
            43,
            42,
            25,
            18,
            33,
            49,
            7,
            40,
            53
        ],
        [
            29
        ],
        [
            42,
            55,
            43,
            41,
            4,
            48,
            16,
            9
        ],
        [
            14,
            36,
            1
        ],
        [
            28,
            35,
            39,
            24,
            10,
            0,
            39
        ],
        [
            14,
            33,
            15,
            36
        ],
        [
            28,
            10,
            7
        ],
        [
            16,
            25,
            25,
            27
        ],
        [
            4,
            13,
            20,
            31,
            54,
            11,
            11
        ],
        [
            3,
            47,
            20,
            44,
            42,
            37,
            6,
            36
        ],
        [
            30,
            41,
            53,
            17,
            21
        ],
        [
            23,
            25,
            49,
            0,
            48,
            21,
            51
        ],
        [
            6,
            41,
            50,
            34,
            44,
            23,
            29,
            1,
            39,
            33
        ],
        [
            46,
            15,
            37,
            30,
            21
        ],
        [
            45,
            18,
            5,
            52,
            1,
            27,
            41
        ],
        [
            28,
            29,
            9
        ],
        [
            35,
            17,
            24,
            6
        ],
        [
            12,
            45,
            43,
            14
        ],
        [
            4,
            55,
            8,
            7,
            28
        ],
        [
            46,
            10,
            11,
            23,
            22,
            34
        ],
        [
            5,
            6
        ],
        [
            34,
            8,
            18
        ],
        [
            13,
            49,
            51,
            15
        ],
        [
            42,
            8
        ],
        [
            21,
            38,
            32
        ],
        [
            22,
            26,
            19,
            38
        ],
        [
            46,
            10,
            27
        ],
        [
            40,
            3,
            50,
            45,
            47,
            39,
            2
        ],
        [
            44,
            2,
            13,
            7,
            11,
            54
        ],
        [
            26,
            50,
            5,
            34,
            36,
            17,
            27,
            19
        ],
        [
            53,
            9,
            14
        ],
        [
            15,
            12,
            43,
            44
        ],
        [
            23,
            51,
            35,
            48,
            32,
            45
        ]
    ],
    "matching": {
        "0": 0,
        "1": 3,
        "2": 3,
        "3": 1,
        "4": 4,
        "5": 4,
        "6": 0,
        "7": 0,
        "8": 4,
        "9": 0,
        "10": 1,
        "11": 3,
        "12": 0,
        "13": 3,
        "14": 0,
        "15": 3,
        "16": 0,
        "17": 1,
        "18": 3,
        "19": 3,
        "20": 3,
        "21": 0,
        "22": 2,
        "23": 3,
        "24": 4,
        "25": 4,
        "26": 0,
        "27": 4,
        "28": 3,
        "29": 3,
        "30": 2,
        "31": 0,
        "32": 2,
        "33": 1,
        "34": 4,
        "35": 3,
        "36": 1,
        "37": 3,
        "38": 2,
        "39": 0,
        "40": 0,
        "41": 2,
        "42": 4,
        "43": 1,
        "44": 1,
        "45": 0,
        "46": 2,
        "47": 3,
        "48": 1,
        "49": 1,
        "50": 2,
        "51": 4,
        "52": 1,
        "53": 2,
        "54": 4,
        "55": 4
    },
    "lower_bound": 42.0
}