{
    "node_types": [
        "invoice",
        "sku",
        "zone"
    ],
    "edge_types": [
        "('invoice', 'requires', 'sku')",
        "('sku', 'located_at', 'zone')",
        "('sku', 'rev_requires', 'invoice')",
        "('zone', 'rev_located_at', 'sku')"
    ],
    "num_invoices": 25,
    "num_sku": 99,
    "num_zone": 5,
    "invoices": [
        [
            66,
            14,
            51,
            53,
            82,
            50,
            8,
            51,
            86,
            49,
            32,
            83,
            41
        ],
        [
            81,
            59,
            97,
            44,
            77,
            43,
            25
        ],
        [
            18,
            56,
            8,
            89,
            8,
            86,
            84,
            0,
            49,
            27,
            79,
            23,
            10
        ],
        [
            93,
            91,
            16,
            94,
            61,
            56,
            64,
            18,
            20,
            94,
            29,
            62
        ],
        [
            33,
            45,
            78,
            36,
            87,
            2,
            42,
            45,
            88,
            44,
            80
        ],
        [
            95,
            98,
            65,
            86,
            40,
            46,
            37,
            21,
            90,
            94,
            3,
            68,
            96,
            70,
            77
        ],
        [
            32,
            6,
            26,
            14,
            71,
            24,
            1,
            25,
            59,
            74,
            9
        ],
        [
            83,
            12,
            39,
            21,
            22,
            84,
            49,
            80,
            54,
            7
        ],
        [
            18,
            92,
            55,
            48,
            93,
            15,
            52,
            73,
            90,
            30,
            87,
            79,
            33,
            28,
            58
        ],
        [
            97,
            83,
            15,
            32,
            20,
            73,
            11,
            96,
            82,
            57,
            24,
            75,
            76,
            29,
            72,
            96
        ],
        [
            48,
            78,
            71,
            91,
            94,
            17,
            38,
            23
        ],
        [
            88,
            60,
            75,
            42,
            27,
            78,
            7,
            53,
            14,
            47,
            78
        ],
        [
            1,
            62,
            31,
            77,
            37,
            5,
            27,
            55,
            7
        ],
        [
            29,
            29,
            72,
            7,
            39,
            55,
            75
        ],
        [
            70,
            16,
            33,
            64,
            8,
            92,
            20,
            86,
            89,
            48,
            43,
            2,
            75,
            81,
            72,
            21,
            43
        ],
        [
            10,
            24,
            82,
            45,
            60,
            12,
            1,
            22,
            97,
            19,
            77
        ],
        [
            53,
            70,
            73,
            46,
            76,
            11,
            45,
            98,
            85
        ],
        [
            38,
            63,
            64,
            50,
            13,
            65,
            53,
            5,
            69,
            58,
            61,
            36,
            46,
            4,
            35
        ],
        [
            95,
            62,
            37,
            68,
            19,
            30,
            79,
            74,
            18,
            3,
            69,
            13,
            35,
            11,
            28,
            6,
            51
        ],
        [
            57,
            76,
            11,
            56,
            9,
            13,
            19,
            22,
            2,
            58
        ],
        [
            72,
            44,
            83,
            26,
            85,
            4,
            60,
            46,
            66,
            40,
            93,
            2,
            28,
            38,
            9,
            74,
            1,
            52
        ],
        [
            89,
            31,
            82,
            34,
            56,
            35,
            17,
            3,
            66,
            76
        ],
        [
            81,
            4,
            33,
            92,
            90,
            54,
            23,
            24
        ],
        [
            34,
            55,
            0,
            47,
            52,
            41,
            89,
            67
        ],
        [
            39,
            67,
            96,
            37,
            32,
            50,
            44,
            63,
            21,
            27
        ]
    ],
    "matching": {
        "0": 1,
        "1": 2,
        "2": 4,
        "3": 1,
        "4": 3,
        "5": 3,
        "6": 4,
        "7": 4,
        "8": 2,
        "9": 3,
        "10": 4,
        "11": 3,
        "12": 3,
        "13": 1,
        "14": 3,
        "15": 1,
        "16": 3,
        "17": 0,
        "18": 0,
        "19": 3,
        "20": 2,
        "21": 3,
        "22": 3,
        "23": 4,
        "24": 4,
        "25": 3,
        "26": 2,
        "27": 0,
        "28": 0,
        "29": 0,
        "30": 4,
        "31": 3,
        "32": 1,
        "33": 4,
        "34": 2,
        "35": 3,
        "36": 1,
        "37": 1,
        "38": 1,
        "39": 0,
        "40": 1,
        "41": 4,
        "42": 3,
        "43": 4,
        "44": 1,
        "45": 4,
        "46": 4,
        "47": 4,
        "48": 3,
        "49": 0,
        "50": 1,
        "51": 0,
        "52": 3,
        "53": 1,
        "54": 4,
        "55": 0,
        "56": 4,
        "57": 1,
        "58": 1,
        "59": 2,
        "60": 2,
        "61": 0,
        "62": 4,
        "63": 1,
        "64": 4,
        "65": 0,
        "66": 3,
        "67": 2,
        "68": 1,
        "69": 1,
        "70": 3,
        "71": 4,
        "72": 0,
        "73": 1,
        "74": 3,
        "75": 0,
        "76": 0,
        "77": 1,
        "78": 1,
        "79": 2,
        "80": 1,
        "81": 2,
        "82": 0,
        "83": 1,
        "84": 2,
        "85": 2,
        "86": 1,
        "87": 3,
        "88": 0,
        "89": 3,
        "90": 0,
        "91": 1,
        "92": 2,
        "93": 3,
        "94": 4,
        "95": 0,
        "96": 2,
        "97": 1,
        "98": 2
    },
    "lower_bound": 66.0
}