{
    "node_types": [
        "invoice",
        "sku",
        "zone"
    ],
    "edge_types": [
        "('invoice', 'requires', 'sku')",
        "('sku', 'located_at', 'zone')",
        "('sku', 'rev_requires', 'invoice')",
        "('zone', 'rev_located_at', 'sku')"
    ],
    "num_invoices": 26,
    "num_sku": 95,
    "num_zone": 5,
    "invoices": [
        [
            31,
            6,
            34,
            78,
            62,
            47,
            93,
            16,
            13,
            81
        ],
        [
            14,
            36,
            30,
            76,
            25,
            15
        ],
        [
            49,
            82,
            90,
            63,
            67,
            14,
            1,
            41,
            0,
            39
        ],
        [
            67,
            40,
            76,
            58,
            8,
            61,
            34,
            42,
            38,
            51,
            0
        ],
        [
            42,
            37,
            91,
            37,
            3,
            43,
            31,
            39,
            53,
            37,
            72,
            7,
            75
        ],
        [
            70,
            68,
            9,
            11,
            47,
            54,
            74,
            12,
            75
        ],
        [
            66,
            65,
            82,
            86,
            55
        ],
        [
            73,
            88,
            8,
            40,
            36,
            52,
            22,
            58,
            16
        ],
        [
            87,
            23,
            7,
            48,
            10,
            30,
            28,
            82,
            83,
            22,
            32
        ],
        [
            74,
            24,
            2,
            92,
            78,
            21,
            25,
            73,
            33,
            89,
            51,
            17,
            18,
            77,
            64,
            41
        ],
        [
            12,
            70,
            42,
            26,
            75,
            15,
            66
        ],
        [
            2,
            92,
            45,
            93,
            61,
            23,
            53,
            86,
            6,
            56,
            59,
            78
        ],
        [
            19,
            18,
            40,
            51,
            19,
            38,
            1,
            32,
            19,
            50,
            61,
            20,
            29,
            7,
            11
        ],
        [
            90,
            88,
            87,
            54,
            73,
            80,
            71,
            16
        ],
        [
            63,
            18,
            34,
            69,
            51,
            77
        ],
        [
            89,
            50,
            28,
            32,
            81,
            76,
            81,
            25,
            24,
            59
        ],
        [
            79,
            69,
            88,
            33,
            8,
            94,
            20,
            44,
            56,
            19
        ],
        [
            3,
            21,
            83,
            71,
            3,
            4,
            84,
            13,
            20,
            38,
            7,
            56,
            42,
            57,
            48,
            86,
            2
        ],
        [
            27,
            33,
            63,
            43,
            27,
            54,
            23,
            84,
            0,
            64,
            60,
            94,
            58,
            86,
            90,
            79
        ],
        [
            54,
            65,
            15,
            52,
            55,
            68,
            66,
            88,
            68,
            72,
            37,
            43
        ],
        [
            61,
            80,
            5,
            44,
            40,
            85,
            44,
            70,
            4,
            0,
            69,
            5,
            71,
            4
        ],
        [
            69,
            59,
            62,
            9,
            81,
            52,
            45,
            41,
            11,
            57
        ],
        [
            91,
            38,
            67,
            76,
            58,
            52,
            3,
            24,
            59,
            46,
            20,
            73,
            49,
            33,
            11,
            28,
            85
        ],
        [
            60,
            53,
            93,
            18,
            17,
            50,
            46,
            83,
            23,
            30,
            24,
            14,
            80,
            35
        ],
        [
            83,
            67,
            93,
            26,
            78,
            60,
            29,
            71,
            60,
            47,
            10,
            41
        ],
        [
            35,
            82,
            39
        ]
    ],
    "matching": {
        "0": 1,
        "1": 2,
        "2": 1,
        "3": 0,
        "4": 2,
        "5": 0,
        "6": 1,
        "7": 3,
        "8": 1,
        "9": 4,
        "10": 4,
        "11": 2,
        "12": 3,
        "13": 3,
        "14": 2,
        "15": 4,
        "16": 3,
        "17": 4,
        "18": 4,
        "19": 0,
        "20": 2,
        "21": 3,
        "22": 4,
        "23": 4,
        "24": 3,
        "25": 2,
        "26": 0,
        "27": 3,
        "28": 0,
        "29": 0,
        "30": 4,
        "31": 0,
        "32": 3,
        "33": 0,
        "34": 4,
        "35": 1,
        "36": 0,
        "37": 3,
        "38": 2,
        "39": 2,
        "40": 0,
        "41": 0,
        "42": 1,
        "43": 1,
        "44": 4,
        "45": 0,
        "46": 3,
        "47": 0,
        "48": 1,
        "49": 3,
        "50": 1,
        "51": 0,
        "52": 4,
        "53": 4,
        "54": 3,
        "55": 0,
        "56": 4,
        "57": 3,
        "58": 2,
        "59": 4,
        "60": 3,
        "61": 1,
        "62": 4,
        "63": 3,
        "64": 0,
        "65": 2,
        "66": 4,
        "67": 2,
        "68": 3,
        "69": 2,
        "70": 2,
        "71": 4,
        "72": 1,
        "73": 2,
        "74": 1,
        "75": 1,
        "76": 3,
        "77": 2,
        "78": 1,
        "79": 1,
        "80": 2,
        "81": 2,
        "82": 0,
        "83": 0,
        "84": 0,
        "85": 2,
        "86": 2,
        "87": 1,
        "88": 1,
        "89": 1,
        "90": 0,
        "91": 3,
        "92": 4,
        "93": 2,
        "94": 0
    },
    "lower_bound": 63.0
}