{
    "node_types": [
        "invoice",
        "sku",
        "zone"
    ],
    "edge_types": [
        "('invoice', 'requires', 'sku')",
        "('sku', 'located_at', 'zone')",
        "('sku', 'rev_requires', 'invoice')",
        "('zone', 'rev_located_at', 'sku')"
    ],
    "num_invoices": 29,
    "num_sku": 84,
    "num_zone": 5,
    "invoices": [
        [
            44,
            68,
            83,
            76,
            0,
            2,
            49,
            16,
            17,
            51
        ],
        [
            77,
            39,
            60,
            21,
            80,
            18
        ],
        [
            65,
            50,
            41,
            67,
            66,
            73
        ],
        [
            8,
            55,
            52,
            40,
            49,
            6,
            32,
            29,
            4,
            3,
            22
        ],
        [
            83,
            23,
            16,
            48,
            59,
            17,
            16,
            17,
            56,
            70
        ],
        [
            63,
            50,
            27,
            4,
            52,
            38
        ],
        [
            27,
            25,
            23
        ],
        [
            5,
            9,
            60,
            46,
            39,
            22
        ],
        [
            6,
            81,
            53,
            26,
            71,
            73,
            22,
            6,
            31
        ],
        [
            35,
            3,
            5,
            82,
            11,
            67,
            28,
            42,
            26,
            53,
            11,
            69,
            64
        ],
        [
            23,
            15,
            51,
            40,
            39,
            80,
            44,
            14,
            77,
            78
        ],
        [
            64,
            25,
            9,
            38,
            31,
            16
        ],
        [
            15,
            29,
            14,
            12,
            70,
            35,
            36,
            62,
            35
        ],
        [
            47,
            53,
            65,
            55,
            60,
            72,
            19,
            7,
            8,
            42,
            51,
            39,
            30
        ],
        [
            65,
            13,
            43,
            58,
            32,
            79,
            63,
            13,
            18,
            53,
            41,
            75,
            30,
            28
        ],
        [
            5,
            33,
            78,
            67,
            40,
            63,
            1
        ],
        [
            76,
            0,
            46,
            65,
            70,
            55
        ],
        [
            64,
            62,
            75,
            58,
            50,
            46,
            74,
            28,
            33,
            22,
            74,
            12,
            10,
            64,
            20,
            2,
            55
        ],
        [
            12,
            79,
            24,
            29,
            56,
            7,
            54,
            47
        ],
        [
            51,
            46,
            45,
            61,
            24,
            33,
            69,
            43,
            19,
            60
        ],
        [
            66,
            18,
            52,
            54,
            59,
            43,
            83
        ],
        [
            50,
            74,
            5,
            66,
            7,
            78,
            3,
            57,
            15,
            27,
            28
        ],
        [
            77,
            54,
            80,
            43,
            48,
            57,
            34,
            34
        ],
        [
            44,
            49,
            27,
            82,
            19,
            81,
            71,
            63,
            1,
            72
        ],
        [
            36,
            21,
            56,
            83,
            18,
            45,
            2,
            10
        ],
        [
            49,
            34,
            4,
            6,
            76
        ],
        [
            8,
            47,
            11,
            47,
            38,
            17,
            37,
            73
        ],
        [
            70,
            31,
            61,
            37,
            58,
            15
        ],
        [
            38,
            20,
            68,
            40
        ]
    ],
    "matching": {
        "0": 1,
        "1": 2,
        "2": 3,
        "3": 2,
        "4": 1,
        "5": 3,
        "6": 2,
        "7": 2,
        "8": 2,
        "9": 3,
        "10": 1,
        "11": 3,
        "12": 3,
        "13": 4,
        "14": 2,
        "15": 4,
        "16": 4,
        "17": 2,
        "18": 3,
        "19": 1,
        "20": 3,
        "21": 4,
        "22": 0,
        "23": 2,
        "24": 0,
        "25": 4,
        "26": 2,
        "27": 2,
        "28": 2,
        "29": 0,
        "30": 1,
        "31": 0,
        "32": 4,
        "33": 3,
        "34": 1,
        "35": 2,
        "36": 4,
        "37": 4,
        "38": 2,
        "39": 1,
        "40": 4,
        "41": 1,
        "42": 4,
        "43": 1,
        "44": 1,
        "45": 2,
        "46": 0,
        "47": 0,
        "48": 0,
        "49": 3,
        "50": 0,
        "51": 3,
        "52": 1,
        "53": 1,
        "54": 3,
        "55": 4,
        "56": 2,
        "57": 0,
        "58": 2,
        "59": 4,
        "60": 1,
        "61": 0,
        "62": 2,
        "63": 3,
        "64": 0,
        "65": 4,
        "66": 4,
        "67": 1,
        "68": 4,
        "69": 2,
        "70": 3,
        "71": 0,
        "72": 1,
        "73": 0,
        "74": 3,
        "75": 0,
        "76": 1,
        "77": 1,
        "78": 1,
        "79": 3,
        "80": 3,
        "81": 3,
        "82": 4,
        "83": 3
    },
    "lower_bound": 63.0
}