{
    "node_types": [
        "invoice",
        "sku",
        "zone"
    ],
    "edge_types": [
        "('invoice', 'requires', 'sku')",
        "('sku', 'located_at', 'zone')",
        "('sku', 'rev_requires', 'invoice')",
        "('zone', 'rev_located_at', 'sku')"
    ],
    "num_invoices": 26,
    "num_sku": 66,
    "num_zone": 5,
    "invoices": [
        [
            24,
            37,
            49,
            14,
            63,
            49,
            41,
            23,
            52,
            53
        ],
        [
            31,
            7,
            29,
            19,
            54
        ],
        [
            19,
            32,
            48,
            25,
            34,
            30,
            26,
            24,
            12,
            60,
            56,
            38
        ],
        [
            34,
            50,
            7,
            58,
            46,
            15,
            20
        ],
        [
            26,
            57,
            2,
            42,
            36,
            50,
            64,
            8,
            57
        ],
        [
            58,
            56,
            33,
            53,
            17,
            45,
            24,
            48,
            43,
            43,
            36,
            19
        ],
        [
            28,
            17,
            44,
            24,
            28,
            14,
            62,
            63,
            19,
            39
        ],
        [
            46,
            7,
            4,
            57,
            29,
            49,
            3,
            6,
            30
        ],
        [
            36,
            2,
            6,
            52,
            40
        ],
        [
            2,
            45,
            39,
            12,
            22
        ],
        [
            21,
            23,
            55,
            62,
            50,
            0
        ],
        [
            10,
            11,
            65,
            62,
            20
        ],
        [
            11,
            37,
            65,
            38
        ],
        [
            16,
            27,
            62,
            41,
            58,
            9,
            53
        ],
        [
            18,
            47,
            33,
            28,
            32,
            54,
            4,
            15
        ],
        [
            4,
            58,
            17,
            9,
            13,
            43,
            16,
            5,
            55,
            59,
            11,
            15
        ],
        [
            16,
            44,
            1,
            2,
            10,
            60,
            51,
            23
        ],
        [
            42,
            35,
            28,
            39,
            0,
            56
        ],
        [
            54,
            30,
            27,
            48,
            14
        ],
        [
            22,
            8,
            21
        ],
        [
            31,
            50,
            25,
            12,
            61,
            51,
            16,
            23,
            55,
            35,
            21
        ],
        [
            3,
            47,
            3,
            13,
            17,
            51,
            1,
            61
        ],
        [
            47,
            5,
            64,
            7,
            55,
            56,
            63,
            52,
            1,
            46
        ],
        [
            59,
            60,
            9,
            40,
            18,
            43,
            20,
            39
        ],
        [
            35,
            52,
            4,
            15,
            64
        ],
        [
            6,
            29,
            35,
            36,
            45,
            1,
            63,
            30,
            0
        ]
    ],
    "matching": {
        "0": 0,
        "1": 0,
        "2": 0,
        "3": 2,
        "4": 3,
        "5": 3,
        "6": 1,
        "7": 1,
        "8": 2,
        "9": 1,
        "10": 2,
        "11": 0,
        "12": 0,
        "13": 0,
        "14": 3,
        "15": 1,
        "16": 2,
        "17": 0,
        "18": 4,
        "19": 3,
        "20": 1,
        "21": 0,
        "22": 2,
        "23": 1,
        "24": 2,
        "25": 4,
        "26": 4,
        "27": 2,
        "28": 4,
        "29": 0,
        "30": 1,
        "31": 4,
        "32": 1,
        "33": 4,
        "34": 0,
        "35": 0,
        "36": 2,
        "37": 3,
        "38": 2,
        "39": 3,
        "40": 2,
        "41": 0,
        "42": 3,
        "43": 4,
        "44": 1,
        "45": 3,
        "46": 0,
        "47": 3,
        "48": 0,
        "49": 4,
        "50": 2,
        "51": 4,
        "52": 2,
        "53": 4,
        "54": 4,
        "55": 0,
        "56": 3,
        "57": 4,
        "58": 1,
        "59": 3,
        "60": 1,
        "61": 3,
        "62": 2,
        "63": 1,
        "64": 4,
        "65": 0
    },
    "lower_bound": 48.0
}