{
    "node_types": [
        "invoice",
        "sku",
        "zone"
    ],
    "edge_types": [
        "('invoice', 'requires', 'sku')",
        "('sku', 'located_at', 'zone')",
        "('sku', 'rev_requires', 'invoice')",
        "('zone', 'rev_located_at', 'sku')"
    ],
    "num_invoices": 28,
    "num_sku": 67,
    "num_zone": 5,
    "invoices": [
        [
            19,
            33,
            62,
            60
        ],
        [
            48,
            49,
            22,
            11,
            26,
            63,
            21
        ],
        [
            15,
            56,
            52,
            35,
            44
        ],
        [
            30,
            55,
            21,
            43,
            51,
            58,
            60
        ],
        [
            11,
            45,
            35,
            26,
            30,
            65
        ],
        [
            40,
            5,
            50,
            3,
            50
        ],
        [
            53,
            3,
            10,
            29,
            59
        ],
        [
            41,
            63,
            1,
            46,
            8,
            11,
            57,
            34,
            52
        ],
        [
            42,
            26,
            36,
            29,
            38,
            47
        ],
        [
            46,
            20,
            38,
            19,
            41,
            55,
            43
        ],
        [
            64,
            31,
            18,
            18,
            45,
            15
        ],
        [
            22,
            23,
            59,
            16,
            52,
            56,
            48,
            32,
            27,
            10,
            59,
            66
        ],
        [
            54,
            65,
            9,
            58,
            40
        ],
        [
            48,
            44,
            4,
            1,
            23,
            30,
            63,
            17,
            66
        ],
        [
            3,
            65,
            16,
            7,
            32,
            32
        ],
        [
            22,
            4,
            7,
            42,
            13,
            52,
            9,
            62
        ],
        [
            38,
            66,
            48,
            33,
            58,
            22,
            61,
            41
        ],
        [
            64,
            61,
            0,
            28
        ],
        [
            6,
            57,
            66,
            10
        ],
        [
            28
        ],
        [
            27,
            58,
            35,
            47,
            30,
            9,
            37,
            2,
            59,
            54
        ],
        [
            25,
            39,
            50,
            14,
            37,
            32
        ],
        [
            17,
            9,
            45,
            20
        ],
        [
            53,
            12,
            49,
            2
        ],
        [
            12,
            5,
            15,
            38,
            13,
            11,
            44,
            14,
            6,
            37,
            25
        ],
        [
            31,
            54,
            55,
            8,
            0,
            39,
            29
        ],
        [
            25,
            5,
            54,
            36,
            5,
            17,
            25
        ],
        [
            10,
            26,
            51,
            46,
            49,
            40,
            43,
            39,
            24,
            18,
            24,
            45,
            34,
            7,
            44
        ]
    ],
    "matching": {
        "0": 0,
        "1": 4,
        "2": 2,
        "3": 1,
        "4": 0,
        "5": 1,
        "6": 2,
        "7": 0,
        "8": 2,
        "9": 0,
        "10": 3,
        "11": 1,
        "12": 0,
        "13": 2,
        "14": 4,
        "15": 2,
        "16": 4,
        "17": 1,
        "18": 2,
        "19": 4,
        "20": 3,
        "21": 4,
        "22": 0,
        "23": 3,
        "24": 4,
        "25": 2,
        "26": 4,
        "27": 4,
        "28": 4,
        "29": 3,
        "30": 2,
        "31": 3,
        "32": 0,
        "33": 0,
        "34": 1,
        "35": 3,
        "36": 4,
        "37": 0,
        "38": 0,
        "39": 2,
        "40": 2,
        "41": 1,
        "42": 0,
        "43": 0,
        "44": 3,
        "45": 4,
        "46": 1,
        "47": 1,
        "48": 4,
        "49": 1,
        "50": 0,
        "51": 2,
        "52": 4,
        "53": 0,
        "54": 1,
        "55": 1,
        "56": 1,
        "57": 2,
        "58": 0,
        "59": 2,
        "60": 3,
        "61": 0,
        "62": 1,
        "63": 1,
        "64": 4,
        "65": 1,
        "66": 4
    },
    "lower_bound": 57.0
}