{
    "node_types": [
        "invoice",
        "sku",
        "zone"
    ],
    "edge_types": [
        "('invoice', 'requires', 'sku')",
        "('sku', 'located_at', 'zone')",
        "('sku', 'rev_requires', 'invoice')",
        "('zone', 'rev_located_at', 'sku')"
    ],
    "num_invoices": 33,
    "num_sku": 56,
    "num_zone": 5,
    "invoices": [
        [
            33,
            29,
            50,
            38,
            29,
            14
        ],
        [
            30,
            0,
            41,
            1
        ],
        [
            2,
            48,
            53,
            31,
            34
        ],
        [
            41,
            35,
            17,
            6,
            46
        ],
        [
            6,
            28,
            48,
            36,
            53
        ],
        [
            46,
            2,
            35
        ],
        [
            24,
            9,
            44,
            14,
            42,
            27
        ],
        [
            43,
            8,
            43
        ],
        [
            8,
            13,
            42,
            52
        ],
        [
            55,
            0,
            43,
            39,
            24,
            39
        ],
        [
            30,
            31
        ],
        [
            20,
            27,
            1
        ],
        [],
        [
            45,
            27,
            36,
            23,
            3,
            1,
            32,
            51,
            4,
            10
        ],
        [
            6,
            8,
            41,
            19,
            50,
            32
        ],
        [
            40,
            24,
            15,
            12
        ],
        [
            42,
            15,
            11,
            54,
            37,
            54
        ],
        [
            37,
            2,
            46,
            17,
            44,
            25
        ],
        [
            28,
            44,
            26,
            28,
            18,
            52
        ],
        [
            53,
            55,
            43,
            0,
            22,
            36,
            14
        ],
        [
            2,
            39,
            40,
            19,
            54
        ],
        [
            18,
            3,
            12,
            34,
            21
        ],
        [
            52,
            54,
            52
        ],
        [
            44,
            4,
            21,
            17,
            16,
            22
        ],
        [
            3,
            48,
            33,
            16,
            23,
            35
        ],
        [
            26,
            35,
            41,
            10,
            47,
            19
        ],
        [
            29,
            51
        ],
        [
            38,
            26,
            47,
            42,
            13,
            37,
            27
        ],
        [
            21,
            7,
            49,
            16
        ],
        [
            53,
            9,
            7,
            10,
            16,
            23,
            49,
            11,
            15,
            12
        ],
        [
            26,
            45,
            28,
            51,
            22
        ],
        [
            20,
            22,
            32,
            29,
            30
        ],
        [
            5,
            39,
            25,
            19,
            5
        ]
    ],
    "matching": {
        "0": 1,
        "1": 1,
        "2": 4,
        "3": 0,
        "4": 3,
        "5": 3,
        "6": 1,
        "7": 3,
        "8": 2,
        "9": 2,
        "10": 1,
        "11": 4,
        "12": 0,
        "13": 2,
        "14": 0,
        "15": 3,
        "16": 4,
        "17": 0,
        "18": 0,
        "19": 0,
        "20": 3,
        "21": 2,
        "22": 4,
        "23": 4,
        "24": 4,
        "25": 2,
        "26": 3,
        "27": 3,
        "28": 0,
        "29": 0,
        "30": 3,
        "31": 4,
        "32": 3,
        "33": 1,
        "34": 0,
        "35": 4,
        "36": 4,
        "37": 0,
        "38": 2,
        "39": 1,
        "40": 2,
        "41": 1,
        "42": 3,
        "43": 3,
        "44": 2,
        "45": 4,
        "46": 3,
        "47": 2,
        "48": 4,
        "49": 4,
        "50": 2,
        "51": 0,
        "52": 4,
        "53": 2,
        "54": 2,
        "55": 1
    },
    "lower_bound": 42.0
}