{
    "node_types": [
        "invoice",
        "sku",
        "zone"
    ],
    "edge_types": [
        "('invoice', 'requires', 'sku')",
        "('sku', 'located_at', 'zone')",
        "('sku', 'rev_requires', 'invoice')",
        "('zone', 'rev_located_at', 'sku')"
    ],
    "num_invoices": 25,
    "num_sku": 86,
    "num_zone": 5,
    "invoices": [
        [
            43,
            85,
            58,
            7,
            2,
            59,
            11,
            24,
            58,
            71
        ],
        [
            1,
            85,
            68,
            18,
            30,
            25,
            41,
            8,
            35,
            56,
            74,
            12,
            4,
            5,
            55,
            38,
            60,
            48
        ],
        [
            63,
            61,
            35,
            66,
            83,
            35,
            36,
            51,
            80
        ],
        [
            58,
            55,
            33,
            74,
            81,
            4,
            80,
            15,
            74
        ],
        [
            28,
            42,
            68,
            36,
            20,
            18,
            39,
            29
        ],
        [
            76,
            65,
            59,
            70,
            20,
            1,
            64
        ],
        [
            48,
            31,
            65,
            47,
            26,
            25,
            76,
            1,
            23,
            0,
            27
        ],
        [
            17,
            44,
            35,
            72,
            73,
            6,
            78,
            63,
            33,
            51
        ],
        [
            52,
            16,
            5,
            7,
            56,
            11,
            8,
            65,
            9,
            72
        ],
        [
            31,
            52,
            22,
            17,
            51,
            46,
            42,
            44,
            77,
            2,
            75,
            7,
            19,
            47,
            67,
            39,
            54
        ],
        [
            66,
            54,
            6,
            10,
            50,
            22,
            13
        ],
        [
            29,
            42,
            27,
            62,
            77,
            71,
            44,
            54,
            28,
            57,
            63,
            71,
            17
        ],
        [
            84,
            62,
            1,
            51,
            10
        ],
        [
            70,
            8,
            41,
            73,
            74,
            28,
            53,
            71,
            64,
            82,
            25,
            5,
            85
        ],
        [
            76,
            2,
            84,
            15,
            38,
            21,
            11,
            62,
            49,
            43,
            37,
            19
        ],
        [
            34,
            57,
            56,
            50,
            5,
            26,
            78,
            82,
            23,
            0,
            61,
            43
        ],
        [
            14,
            18,
            62,
            20,
            67,
            3,
            45,
            84,
            75,
            75,
            4,
            79
        ],
        [
            37,
            70,
            27,
            81,
            75,
            81,
            14,
            49,
            55,
            30
        ],
        [
            10,
            59,
            24,
            80,
            46,
            13,
            84,
            12,
            17,
            6,
            60
        ],
        [
            9,
            66,
            77,
            15,
            30,
            6,
            61
        ],
        [
            79,
            32,
            45,
            37,
            79,
            69,
            10,
            20,
            32,
            23,
            44,
            26,
            19
        ],
        [
            73,
            40,
            64,
            48,
            61,
            40,
            72
        ],
        [
            21,
            81,
            41,
            53,
            3,
            16,
            13,
            72,
            41
        ],
        [
            83,
            78,
            52,
            34,
            16,
            69,
            49,
            77
        ],
        [
            59,
            49,
            47,
            24,
            47,
            60,
            57,
            79,
            48,
            2
        ]
    ],
    "matching": {
        "0": 4,
        "1": 4,
        "2": 3,
        "3": 3,
        "4": 1,
        "5": 0,
        "6": 0,
        "7": 2,
        "8": 1,
        "9": 3,
        "10": 1,
        "11": 1,
        "12": 0,
        "13": 2,
        "14": 1,
        "15": 0,
        "16": 4,
        "17": 2,
        "18": 0,
        "19": 0,
        "20": 1,
        "21": 4,
        "22": 4,
        "23": 3,
        "24": 1,
        "25": 2,
        "26": 3,
        "27": 0,
        "28": 4,
        "29": 4,
        "30": 1,
        "31": 4,
        "32": 0,
        "33": 1,
        "34": 3,
        "35": 0,
        "36": 0,
        "37": 1,
        "38": 3,
        "39": 3,
        "40": 3,
        "41": 2,
        "42": 3,
        "43": 3,
        "44": 1,
        "45": 4,
        "46": 0,
        "47": 0,
        "48": 0,
        "49": 0,
        "50": 3,
        "51": 4,
        "52": 0,
        "53": 0,
        "54": 1,
        "55": 1,
        "56": 2,
        "57": 3,
        "58": 1,
        "59": 1,
        "60": 4,
        "61": 3,
        "62": 0,
        "63": 4,
        "64": 1,
        "65": 0,
        "66": 3,
        "67": 4,
        "68": 3,
        "69": 4,
        "70": 0,
        "71": 3,
        "72": 4,
        "73": 3,
        "74": 0,
        "75": 2,
        "76": 0,
        "77": 1,
        "78": 0,
        "79": 3,
        "80": 1,
        "81": 2,
        "82": 2,
        "83": 0,
        "84": 0,
        "85": 2
    },
    "lower_bound": 66.0
}