{
    "node_types": [
        "invoice",
        "sku",
        "zone"
    ],
    "edge_types": [
        "('invoice', 'requires', 'sku')",
        "('sku', 'located_at', 'zone')",
        "('sku', 'rev_requires', 'invoice')",
        "('zone', 'rev_located_at', 'sku')"
    ],
    "num_invoices": 27,
    "num_sku": 56,
    "num_zone": 5,
    "invoices": [
        [
            11,
            13,
            48,
            46,
            11,
            55,
            7,
            1
        ],
        [
            54,
            43,
            17,
            9,
            29,
            53,
            38,
            13,
            21,
            52,
            13
        ],
        [
            18,
            34,
            41,
            32
        ],
        [
            23,
            36,
            51
        ],
        [
            7,
            24,
            41,
            19,
            5,
            32,
            16,
            53
        ],
        [
            8,
            16,
            26,
            54
        ],
        [
            3,
            2,
            46,
            3,
            5,
            0
        ],
        [
            9,
            20,
            16,
            1,
            26
        ],
        [
            17,
            42,
            2,
            36,
            28,
            39,
            11
        ],
        [
            48,
            8,
            1,
            27,
            54,
            27,
            43,
            4,
            55,
            10,
            15,
            44,
            44
        ],
        [
            49,
            39,
            52,
            35,
            41,
            15
        ],
        [
            4,
            2,
            42
        ],
        [
            19,
            40,
            10,
            5,
            29
        ],
        [
            15,
            44,
            51,
            20,
            30,
            8,
            6,
            38,
            31
        ],
        [
            21,
            6,
            32
        ],
        [
            24,
            14,
            43,
            51,
            37,
            33
        ],
        [
            3,
            0,
            42,
            25
        ],
        [
            21,
            20,
            35,
            47,
            24
        ],
        [
            8,
            16,
            30,
            23,
            35,
            12,
            28,
            5
        ],
        [
            0,
            50,
            45,
            17,
            12
        ],
        [
            35,
            22,
            14,
            32,
            22,
            45,
            50,
            44,
            50,
            34
        ],
        [
            7,
            49,
            53,
            47,
            41,
            25
        ],
        [
            15,
            42,
            3,
            28,
            30,
            0,
            1,
            37,
            48,
            17,
            33
        ],
        [
            36,
            18,
            54,
            31,
            4
        ],
        [
            20,
            6,
            40,
            48,
            10
        ],
        [
            27,
            2,
            46,
            46,
            19
        ],
        [
            25,
            37,
            12,
            4
        ]
    ],
    "matching": {
        "0": 1,
        "1": 3,
        "2": 0,
        "3": 4,
        "4": 4,
        "5": 4,
        "6": 0,
        "7": 0,
        "8": 1,
        "9": 4,
        "10": 3,
        "11": 1,
        "12": 0,
        "13": 2,
        "14": 2,
        "15": 1,
        "16": 2,
        "17": 2,
        "18": 2,
        "19": 1,
        "20": 1,
        "21": 3,
        "22": 3,
        "23": 2,
        "24": 3,
        "25": 4,
        "26": 2,
        "27": 3,
        "28": 3,
        "29": 4,
        "30": 1,
        "31": 3,
        "32": 2,
        "33": 1,
        "34": 3,
        "35": 4,
        "36": 4,
        "37": 2,
        "38": 1,
        "39": 0,
        "40": 1,
        "41": 3,
        "42": 4,
        "43": 2,
        "44": 1,
        "45": 3,
        "46": 2,
        "47": 0,
        "48": 2,
        "49": 3,
        "50": 1,
        "51": 2,
        "52": 3,
        "53": 0,
        "54": 4,
        "55": 1
    },
    "lower_bound": 51.0
}