{
    "node_types": [
        "invoice",
        "sku",
        "zone"
    ],
    "edge_types": [
        "('invoice', 'requires', 'sku')",
        "('sku', 'located_at', 'zone')",
        "('sku', 'rev_requires', 'invoice')",
        "('zone', 'rev_located_at', 'sku')"
    ],
    "num_invoices": 31,
    "num_sku": 80,
    "num_zone": 5,
    "invoices": [
        [
            36,
            70,
            0,
            43
        ],
        [
            15,
            33,
            13,
            53,
            8,
            50,
            61,
            74,
            42,
            73,
            43
        ],
        [
            24,
            20,
            56,
            59,
            60
        ],
        [
            55,
            16,
            60,
            32,
            65,
            1,
            22,
            3,
            28,
            41,
            64
        ],
        [
            23,
            32,
            58,
            47,
            69
        ],
        [
            16,
            8,
            44,
            35,
            40,
            27,
            45,
            47,
            66,
            72,
            30
        ],
        [
            24,
            8,
            69,
            18,
            61,
            14,
            19
        ],
        [
            64,
            76,
            8,
            34,
            20,
            1,
            26,
            52
        ],
        [
            44,
            39,
            9,
            70,
            48,
            33,
            13,
            2,
            11,
            49,
            18
        ],
        [
            58,
            4,
            57,
            39,
            75,
            55,
            29,
            29,
            38
        ],
        [
            37,
            78,
            67,
            50,
            57,
            6,
            65,
            42
        ],
        [
            2,
            50,
            13,
            75,
            11,
            28
        ],
        [
            46,
            74,
            66
        ],
        [
            76,
            26,
            13,
            71
        ],
        [
            27,
            40,
            77,
            22,
            16,
            29,
            48,
            75,
            57
        ],
        [
            7,
            31,
            45,
            48,
            10,
            70,
            55,
            64,
            22
        ],
        [
            46,
            31,
            66,
            63,
            7,
            25
        ],
        [
            71,
            47,
            29,
            62,
            7,
            5,
            37
        ],
        [
            30,
            67,
            26
        ],
        [
            54,
            76,
            17,
            23,
            31,
            79,
            49,
            44,
            47,
            68,
            33
        ],
        [
            6,
            71,
            61,
            53,
            6,
            51,
            58,
            53
        ],
        [
            12,
            5,
            26,
            39
        ],
        [
            4,
            38,
            30,
            24,
            49,
            35,
            36
        ],
        [
            61,
            42,
            21,
            56,
            4,
            51,
            19,
            9,
            23
        ],
        [
            43,
            0,
            37,
            23,
            78,
            78,
            79,
            65,
            32
        ],
        [
            28,
            63,
            15,
            12,
            12,
            65,
            14,
            48
        ],
        [
            55,
            31,
            35,
            41,
            30,
            46,
            3
        ],
        [
            53,
            28,
            50,
            21,
            64,
            62
        ],
        [
            12,
            40,
            62,
            10,
            73,
            20,
            72,
            66,
            20,
            59
        ],
        [
            63,
            77,
            59,
            21,
            44,
            43,
            71,
            25,
            68,
            58,
            54,
            17
        ],
        [
            52,
            56,
            39,
            34,
            16,
            32,
            36
        ]
    ],
    "matching": {
        "0": 3,
        "1": 2,
        "2": 0,
        "3": 4,
        "4": 2,
        "5": 3,
        "6": 1,
        "7": 2,
        "8": 4,
        "9": 1,
        "10": 3,
        "11": 3,
        "12": 0,
        "13": 4,
        "14": 1,
        "15": 4,
        "16": 2,
        "17": 3,
        "18": 0,
        "19": 2,
        "20": 1,
        "21": 4,
        "22": 4,
        "23": 0,
        "24": 0,
        "25": 3,
        "26": 3,
        "27": 0,
        "28": 3,
        "29": 4,
        "30": 0,
        "31": 2,
        "32": 1,
        "33": 1,
        "34": 1,
        "35": 2,
        "36": 3,
        "37": 1,
        "38": 1,
        "39": 4,
        "40": 1,
        "41": 4,
        "42": 2,
        "43": 2,
        "44": 2,
        "45": 4,
        "46": 1,
        "47": 4,
        "48": 1,
        "49": 1,
        "50": 4,
        "51": 4,
        "52": 1,
        "53": 1,
        "54": 4,
        "55": 3,
        "56": 4,
        "57": 2,
        "58": 3,
        "59": 3,
        "60": 0,
        "61": 3,
        "62": 4,
        "63": 2,
        "64": 1,
        "65": 1,
        "66": 2,
        "67": 0,
        "68": 3,
        "69": 4,
        "70": 4,
        "71": 3,
        "72": 2,
        "73": 0,
        "74": 4,
        "75": 0,
        "76": 2,
        "77": 3,
        "78": 2,
        "79": 4
    },
    "lower_bound": 48.0
}