{
    "node_types": [
        "invoice",
        "sku",
        "zone"
    ],
    "edge_types": [
        "('invoice', 'requires', 'sku')",
        "('sku', 'located_at', 'zone')",
        "('sku', 'rev_requires', 'invoice')",
        "('zone', 'rev_located_at', 'sku')"
    ],
    "num_invoices": 25,
    "num_sku": 87,
    "num_zone": 5,
    "invoices": [
        [
            80,
            10,
            63,
            27,
            46,
            17,
            43,
            55,
            80,
            52,
            72
        ],
        [
            1,
            31,
            66,
            32,
            51,
            44,
            27,
            75,
            14,
            17,
            58,
            31
        ],
        [
            84,
            41,
            16,
            61,
            0,
            57,
            0,
            9,
            3,
            48,
            85,
            49
        ],
        [
            20,
            58,
            1,
            19,
            29,
            54,
            22,
            13,
            28,
            73
        ],
        [
            6,
            7,
            78,
            64,
            6,
            62,
            68,
            18,
            37,
            44,
            76,
            46,
            78
        ],
        [
            35,
            18,
            63,
            4,
            70,
            43,
            51,
            79,
            63,
            24,
            32,
            23
        ],
        [
            72,
            67,
            49,
            15,
            34,
            50,
            73,
            20,
            75,
            3
        ],
        [
            86,
            81,
            65,
            63,
            17,
            62,
            74,
            36,
            46,
            28
        ],
        [
            59,
            60,
            83,
            21,
            79,
            2,
            25,
            33,
            42
        ],
        [
            49,
            82,
            54,
            41,
            59,
            64,
            75,
            66
        ],
        [
            54,
            60,
            77,
            10,
            50,
            66,
            67,
            26,
            56,
            42
        ],
        [
            39,
            75,
            58,
            15,
            64,
            83,
            8,
            74,
            47
        ],
        [
            11,
            76,
            36,
            43,
            5,
            77,
            72,
            70,
            18
        ],
        [
            37,
            83,
            31,
            85,
            71,
            13,
            69,
            78,
            43,
            21,
            16,
            81,
            47,
            74,
            56,
            55,
            30,
            80
        ],
        [
            5,
            29,
            7,
            86,
            68,
            57,
            80
        ],
        [
            42,
            46,
            30,
            44,
            3,
            25,
            47,
            26,
            20,
            53,
            71,
            50,
            39
        ],
        [
            81,
            52,
            67,
            19,
            9,
            4,
            36,
            69,
            2,
            21,
            59
        ],
        [
            8,
            24,
            22,
            1,
            56,
            68,
            70,
            38,
            16,
            12,
            82
        ],
        [
            17,
            4,
            61,
            38,
            19
        ],
        [
            53,
            79,
            6,
            14,
            78,
            53
        ],
        [
            77,
            30,
            69,
            83,
            51,
            82,
            66,
            76
        ],
        [
            33,
            59,
            41,
            41,
            68,
            22,
            39,
            58
        ],
        [
            62,
            84,
            40,
            77,
            15,
            22,
            69,
            57,
            65,
            45,
            42,
            48,
            36
        ],
        [
            12,
            35,
            39,
            57,
            23,
            65,
            19,
            72,
            30,
            62,
            45
        ],
        [
            44,
            6,
            11,
            18,
            25,
            40,
            3,
            10,
            34,
            21,
            38,
            16
        ]
    ],
    "matching": {
        "0": 3,
        "1": 1,
        "2": 4,
        "3": 2,
        "4": 1,
        "5": 4,
        "6": 4,
        "7": 4,
        "8": 3,
        "9": 0,
        "10": 0,
        "11": 2,
        "12": 2,
        "13": 1,
        "14": 3,
        "15": 3,
        "16": 0,
        "17": 0,
        "18": 4,
        "19": 2,
        "20": 4,
        "21": 0,
        "22": 4,
        "23": 3,
        "24": 4,
        "25": 3,
        "26": 3,
        "27": 2,
        "28": 1,
        "29": 4,
        "30": 2,
        "31": 2,
        "32": 0,
        "33": 0,
        "34": 0,
        "35": 2,
        "36": 4,
        "37": 1,
        "38": 0,
        "39": 0,
        "40": 3,
        "41": 2,
        "42": 2,
        "43": 4,
        "44": 2,
        "45": 2,
        "46": 3,
        "47": 3,
        "48": 2,
        "49": 3,
        "50": 1,
        "51": 0,
        "52": 4,
        "53": 3,
        "54": 4,
        "55": 4,
        "56": 0,
        "57": 2,
        "58": 0,
        "59": 1,
        "60": 1,
        "61": 0,
        "62": 2,
        "63": 0,
        "64": 0,
        "65": 0,
        "66": 4,
        "67": 4,
        "68": 2,
        "69": 0,
        "70": 3,
        "71": 4,
        "72": 1,
        "73": 2,
        "74": 4,
        "75": 1,
        "76": 1,
        "77": 3,
        "78": 3,
        "79": 1,
        "80": 4,
        "81": 0,
        "82": 3,
        "83": 0,
        "84": 2,
        "85": 4,
        "86": 1
    },
    "lower_bound": 66.0
}