{
    "node_types": [
        "invoice",
        "sku",
        "zone"
    ],
    "edge_types": [
        "('invoice', 'requires', 'sku')",
        "('sku', 'located_at', 'zone')",
        "('sku', 'rev_requires', 'invoice')",
        "('zone', 'rev_located_at', 'sku')"
    ],
    "num_invoices": 29,
    "num_sku": 98,
    "num_zone": 5,
    "invoices": [
        [
            97,
            43,
            40,
            9,
            2,
            0,
            42,
            84,
            66,
            26,
            93
        ],
        [
            23,
            56,
            6,
            69,
            72,
            3,
            44,
            32,
            2,
            80,
            33,
            32,
            21,
            62
        ],
        [
            89,
            4,
            13,
            25,
            20,
            34,
            58,
            63
        ],
        [
            74,
            42,
            36,
            69,
            12,
            33,
            63,
            90,
            4,
            5,
            96
        ],
        [
            10,
            68,
            11,
            97,
            43,
            60,
            23,
            5,
            95,
            27,
            30,
            16,
            93,
            79,
            29,
            14,
            2
        ],
        [
            24,
            58,
            83,
            53,
            11,
            70,
            29,
            8
        ],
        [
            13,
            41,
            48,
            68,
            86,
            71,
            52,
            95,
            54,
            36,
            64,
            38
        ],
        [
            51,
            83,
            69,
            94,
            73,
            96,
            50
        ],
        [
            62,
            17,
            47,
            18,
            82,
            86,
            89,
            77,
            9,
            7,
            57
        ],
        [
            65,
            35,
            46,
            95,
            47,
            78
        ],
        [
            53,
            14,
            45,
            38,
            74,
            71,
            17,
            25,
            91,
            78
        ],
        [
            66,
            84,
            51,
            72,
            92,
            54,
            69,
            39,
            59,
            78,
            67,
            87,
            60,
            37,
            31,
            6
        ],
        [
            59,
            17,
            5,
            35,
            0
        ],
        [
            79,
            38,
            2,
            66,
            85,
            84,
            63
        ],
        [
            70,
            48,
            44,
            37,
            45,
            15,
            11,
            6,
            46,
            71,
            51,
            74,
            44
        ],
        [
            16,
            61,
            27,
            85,
            81,
            56
        ],
        [
            91,
            91,
            86,
            16,
            52,
            18,
            5,
            57,
            54,
            56
        ],
        [
            94,
            80,
            19,
            89,
            41,
            57,
            22,
            18,
            35,
            13,
            36,
            91
        ],
        [
            1,
            57,
            65,
            1,
            82,
            22,
            85,
            0,
            7,
            48,
            77
        ],
        [
            1,
            66,
            27,
            43,
            74,
            55,
            76,
            82,
            71
        ],
        [
            61,
            34,
            43,
            75,
            17,
            92,
            32,
            25,
            31,
            72,
            51,
            41,
            10
        ],
        [
            59,
            58,
            58,
            50,
            8,
            52,
            28,
            54,
            3,
            34,
            15,
            19
        ],
        [
            82,
            77,
            92,
            63,
            39,
            67,
            23,
            65,
            20,
            0,
            38,
            60,
            80,
            87
        ],
        [
            46,
            53,
            10,
            47,
            33,
            40,
            70,
            49,
            1,
            13,
            24,
            90
        ],
        [
            35,
            29,
            88,
            7,
            26,
            86,
            34,
            60
        ],
        [
            3,
            85,
            40,
            21,
            23,
            46,
            48,
            41,
            79,
            93
        ],
        [
            68,
            24,
            49,
            24,
            49,
            95,
            4,
            64,
            67,
            88,
            75,
            78,
            29,
            4,
            76,
            15
        ],
        [
            59,
            30,
            76,
            12,
            7,
            55,
            81
        ],
        [
            44,
            12,
            67,
            28,
            73,
            32,
            92,
            72
        ]
    ],
    "matching": {
        "0": 3,
        "1": 2,
        "2": 1,
        "3": 0,
        "4": 3,
        "5": 0,
        "6": 2,
        "7": 3,
        "8": 2,
        "9": 3,
        "10": 3,
        "11": 4,
        "12": 1,
        "13": 2,
        "14": 2,
        "15": 4,
        "16": 1,
        "17": 0,
        "18": 1,
        "19": 4,
        "20": 4,
        "21": 4,
        "22": 4,
        "23": 3,
        "24": 2,
        "25": 2,
        "26": 2,
        "27": 1,
        "28": 0,
        "29": 4,
        "30": 3,
        "31": 2,
        "32": 2,
        "33": 3,
        "34": 1,
        "35": 4,
        "36": 4,
        "37": 0,
        "38": 4,
        "39": 0,
        "40": 4,
        "41": 2,
        "42": 2,
        "43": 3,
        "44": 2,
        "45": 2,
        "46": 3,
        "47": 0,
        "48": 3,
        "49": 1,
        "50": 4,
        "51": 1,
        "52": 3,
        "53": 1,
        "54": 1,
        "55": 0,
        "56": 3,
        "57": 4,
        "58": 1,
        "59": 3,
        "60": 0,
        "61": 0,
        "62": 3,
        "63": 4,
        "64": 4,
        "65": 0,
        "66": 4,
        "67": 0,
        "68": 2,
        "69": 3,
        "70": 3,
        "71": 3,
        "72": 0,
        "73": 0,
        "74": 2,
        "75": 3,
        "76": 1,
        "77": 1,
        "78": 3,
        "79": 4,
        "80": 2,
        "81": 3,
        "82": 2,
        "83": 3,
        "84": 1,
        "85": 0,
        "86": 3,
        "87": 2,
        "88": 4,
        "89": 3,
        "90": 1,
        "91": 2,
        "92": 1,
        "93": 3,
        "94": 3,
        "95": 2,
        "96": 0,
        "97": 1
    },
    "lower_bound": 63.0
}