{
    "node_types": [
        "invoice",
        "sku",
        "zone"
    ],
    "edge_types": [
        "('invoice', 'requires', 'sku')",
        "('sku', 'located_at', 'zone')",
        "('sku', 'rev_requires', 'invoice')",
        "('zone', 'rev_located_at', 'sku')"
    ],
    "num_invoices": 25,
    "num_sku": 99,
    "num_zone": 5,
    "invoices": [
        [
            6,
            56,
            16,
            7,
            97,
            39,
            29,
            88,
            35,
            5
        ],
        [
            25,
            71,
            33,
            17,
            8,
            72,
            90,
            19,
            91,
            28,
            98,
            42,
            92,
            26,
            55,
            27,
            62,
            15
        ],
        [
            31,
            89,
            58,
            61,
            96,
            1,
            8,
            40,
            20,
            28,
            5,
            65,
            51,
            46,
            54,
            88,
            24
        ],
        [
            62,
            55,
            1,
            80,
            94,
            50,
            64,
            82,
            13,
            9
        ],
        [
            7,
            52,
            73,
            48,
            43,
            21,
            52,
            31,
            6,
            53,
            88
        ],
        [
            22,
            23,
            79,
            36,
            72,
            81,
            83,
            2,
            75,
            11,
            1
        ],
        [
            80,
            96,
            39,
            75,
            41,
            92,
            69,
            75,
            78
        ],
        [
            89,
            18,
            98,
            38,
            79,
            93,
            33,
            44,
            57,
            13
        ],
        [
            95,
            61,
            91,
            4,
            65,
            37,
            47,
            55,
            65,
            70,
            86,
            35,
            34,
            54,
            65
        ],
        [
            14,
            32,
            1,
            62,
            30,
            51,
            83,
            12,
            86
        ],
        [
            51,
            41,
            47,
            0,
            0,
            76,
            70,
            67,
            78,
            28,
            33,
            80,
            3,
            15,
            66
        ],
        [
            2,
            20,
            48,
            58,
            3,
            63,
            19
        ],
        [
            96,
            80,
            78,
            42,
            57,
            37,
            87,
            87,
            29,
            97,
            55,
            73,
            33,
            91
        ],
        [
            45,
            45,
            56,
            40,
            75,
            61,
            68,
            9,
            44,
            41,
            23
        ],
        [
            36,
            95,
            53,
            77,
            85,
            15,
            18,
            19,
            50,
            9
        ],
        [
            12,
            66,
            18,
            64,
            56,
            76,
            57,
            72,
            29,
            17,
            69
        ],
        [
            46,
            31,
            56,
            44,
            84,
            41,
            86,
            50,
            69,
            40,
            21,
            30,
            19,
            84
        ],
        [
            83,
            16,
            95,
            60,
            82,
            67,
            4,
            59,
            11,
            68,
            16,
            10
        ],
        [
            47,
            23,
            49,
            25,
            13,
            32,
            30,
            68,
            45
        ],
        [
            58,
            93,
            72,
            11,
            52,
            69,
            39,
            74,
            48,
            3,
            87,
            49,
            90
        ],
        [
            77,
            86,
            28,
            27,
            92,
            77,
            46,
            8,
            60,
            77,
            25,
            31,
            45,
            26
        ],
        [
            38,
            74,
            96,
            81,
            71,
            10,
            22,
            36,
            94,
            83,
            24,
            39
        ],
        [
            34,
            3,
            49,
            46,
            26,
            43,
            63,
            11,
            36,
            25,
            74,
            60,
            20,
            82
        ],
        [
            10,
            52,
            40,
            49,
            48,
            59,
            73,
            23,
            14,
            58,
            18
        ],
        [
            15,
            89,
            66,
            26,
            76,
            51,
            88,
            85,
            29,
            73
        ]
    ],
    "matching": {
        "0": 4,
        "1": 3,
        "2": 3,
        "3": 3,
        "4": 1,
        "5": 2,
        "6": 0,
        "7": 1,
        "8": 2,
        "9": 2,
        "10": 3,
        "11": 0,
        "12": 4,
        "13": 3,
        "14": 0,
        "15": 1,
        "16": 1,
        "17": 3,
        "18": 2,
        "19": 4,
        "20": 1,
        "21": 2,
        "22": 2,
        "23": 2,
        "24": 4,
        "25": 3,
        "26": 4,
        "27": 3,
        "28": 3,
        "29": 2,
        "30": 2,
        "31": 3,
        "32": 4,
        "33": 2,
        "34": 2,
        "35": 2,
        "36": 3,
        "37": 0,
        "38": 1,
        "39": 2,
        "40": 3,
        "41": 4,
        "42": 2,
        "43": 4,
        "44": 4,
        "45": 2,
        "46": 1,
        "47": 4,
        "48": 1,
        "49": 0,
        "50": 0,
        "51": 3,
        "52": 4,
        "53": 3,
        "54": 2,
        "55": 0,
        "56": 0,
        "57": 3,
        "58": 4,
        "59": 0,
        "60": 2,
        "61": 0,
        "62": 3,
        "63": 1,
        "64": 2,
        "65": 0,
        "66": 0,
        "67": 1,
        "68": 3,
        "69": 3,
        "70": 0,
        "71": 3,
        "72": 4,
        "73": 1,
        "74": 2,
        "75": 2,
        "76": 2,
        "77": 1,
        "78": 2,
        "79": 0,
        "80": 3,
        "81": 2,
        "82": 4,
        "83": 1,
        "84": 3,
        "85": 0,
        "86": 3,
        "87": 2,
        "88": 0,
        "89": 0,
        "90": 3,
        "91": 0,
        "92": 0,
        "93": 2,
        "94": 4,
        "95": 4,
        "96": 0,
        "97": 0,
        "98": 2
    },
    "lower_bound": 66.0
}