{
    "node_types": [
        "invoice",
        "sku",
        "zone"
    ],
    "edge_types": [
        "('invoice', 'requires', 'sku')",
        "('sku', 'located_at', 'zone')",
        "('sku', 'rev_requires', 'invoice')",
        "('zone', 'rev_located_at', 'sku')"
    ],
    "num_invoices": 34,
    "num_sku": 88,
    "num_zone": 5,
    "invoices": [
        [
            65,
            45,
            32,
            44,
            74,
            62,
            8
        ],
        [
            72,
            21,
            43,
            15,
            79,
            7,
            82,
            26
        ],
        [
            50,
            67,
            17,
            39,
            64
        ],
        [
            29,
            80,
            39,
            7,
            60,
            45,
            52,
            34,
            80,
            22,
            4,
            77,
            46
        ],
        [
            62,
            52,
            44,
            10,
            9,
            66,
            50,
            13,
            40,
            17
        ],
        [
            30,
            34,
            71,
            49,
            10,
            14,
            2,
            67
        ],
        [
            84,
            18,
            6,
            36,
            40,
            84,
            0,
            60,
            28,
            23
        ],
        [
            36,
            13
        ],
        [
            87,
            70,
            55,
            28,
            67,
            13,
            51,
            25
        ],
        [
            46,
            59,
            33,
            53,
            32,
            74
        ],
        [
            56,
            57,
            23,
            72,
            73,
            33
        ],
        [
            24,
            27,
            36,
            62,
            1,
            16
        ],
        [
            42,
            63,
            54,
            12,
            10,
            34,
            38
        ],
        [
            70,
            42,
            38,
            82,
            3,
            20,
            30,
            50,
            77
        ],
        [
            49,
            71,
            69,
            15,
            3,
            19,
            3
        ],
        [
            20,
            69,
            69
        ],
        [
            29,
            15,
            58,
            39,
            5,
            55,
            63,
            57
        ],
        [
            43,
            3,
            35,
            27,
            76,
            52,
            59,
            79
        ],
        [
            58,
            18,
            12,
            85,
            40,
            69,
            73,
            48
        ],
        [
            32,
            41,
            85,
            78,
            5,
            79,
            75,
            5,
            61,
            56,
            21,
            86,
            35
        ],
        [
            62,
            31,
            83,
            71,
            29,
            82,
            38
        ],
        [
            63,
            85,
            84,
            1,
            42
        ],
        [
            86,
            53,
            60,
            46,
            6,
            68,
            37,
            66
        ],
        [
            77,
            80,
            24,
            70,
            13,
            37,
            66,
            17,
            86,
            81
        ],
        [
            10,
            25,
            14,
            0
        ],
        [
            22,
            49,
            16,
            8,
            27
        ],
        [
            26,
            23,
            87,
            4,
            72,
            76,
            36,
            54
        ],
        [
            75,
            11,
            61,
            20,
            7,
            75,
            58,
            18,
            65,
            56
        ],
        [
            22,
            47,
            68,
            1,
            72,
            73,
            27,
            73,
            32,
            66
        ],
        [
            83,
            35,
            80,
            84,
            7,
            77
        ],
        [
            79,
            52,
            74,
            87,
            53,
            42,
            11,
            12,
            2,
            30
        ],
        [
            23,
            1,
            41,
            40,
            81,
            34,
            14,
            51,
            18,
            14,
            44,
            2,
            5
        ],
        [
            47,
            6,
            44,
            21,
            48,
            9,
            64,
            58,
            15
        ],
        [
            54,
            21,
            74,
            82,
            78,
            2,
            31,
            19,
            83,
            0
        ]
    ],
    "matching": {
        "0": 4,
        "1": 0,
        "2": 4,
        "3": 2,
        "4": 2,
        "5": 3,
        "6": 0,
        "7": 4,
        "8": 0,
        "9": 0,
        "10": 0,
        "11": 2,
        "12": 3,
        "13": 4,
        "14": 0,
        "15": 2,
        "16": 0,
        "17": 2,
        "18": 1,
        "19": 4,
        "20": 1,
        "21": 0,
        "22": 3,
        "23": 1,
        "24": 3,
        "25": 4,
        "26": 4,
        "27": 4,
        "28": 0,
        "29": 1,
        "30": 1,
        "31": 1,
        "32": 2,
        "33": 3,
        "34": 4,
        "35": 2,
        "36": 4,
        "37": 0,
        "38": 1,
        "39": 4,
        "40": 4,
        "41": 3,
        "42": 3,
        "43": 2,
        "44": 0,
        "45": 2,
        "46": 4,
        "47": 2,
        "48": 3,
        "49": 2,
        "50": 2,
        "51": 2,
        "52": 3,
        "53": 4,
        "54": 1,
        "55": 4,
        "56": 2,
        "57": 4,
        "58": 4,
        "59": 3,
        "60": 0,
        "61": 4,
        "62": 0,
        "63": 2,
        "64": 0,
        "65": 4,
        "66": 2,
        "67": 2,
        "68": 2,
        "69": 1,
        "70": 2,
        "71": 3,
        "72": 3,
        "73": 3,
        "74": 3,
        "75": 2,
        "76": 3,
        "77": 3,
        "78": 3,
        "79": 1,
        "80": 3,
        "81": 3,
        "82": 1,
        "83": 3,
        "84": 0,
        "85": 4,
        "86": 3,
        "87": 2
    },
    "lower_bound": 51.0
}