{
    "node_types": [
        "invoice",
        "sku",
        "zone"
    ],
    "edge_types": [
        "('invoice', 'requires', 'sku')",
        "('sku', 'located_at', 'zone')",
        "('sku', 'rev_requires', 'invoice')",
        "('zone', 'rev_located_at', 'sku')"
    ],
    "num_invoices": 27,
    "num_sku": 88,
    "num_zone": 5,
    "invoices": [
        [
            71,
            79,
            86,
            55,
            4,
            7,
            59,
            84,
            32,
            31,
            13,
            18,
            85
        ],
        [
            46,
            17,
            38,
            81,
            50,
            42,
            71,
            76,
            1,
            81,
            31
        ],
        [
            81,
            30,
            54,
            41,
            0,
            34,
            1,
            23,
            29,
            39
        ],
        [
            40,
            76,
            61,
            16,
            61,
            28,
            44,
            66,
            41,
            36,
            5
        ],
        [
            25,
            22,
            20,
            27,
            87,
            49,
            65,
            9,
            71,
            84,
            2,
            48,
            46
        ],
        [
            70,
            33,
            79,
            24,
            61,
            6,
            40,
            34,
            53,
            55
        ],
        [
            57,
            23,
            2,
            2,
            74,
            39,
            77
        ],
        [
            38,
            9,
            5,
            45,
            67,
            72,
            64,
            75,
            62,
            72,
            62
        ],
        [
            66,
            10,
            87,
            43
        ],
        [
            15,
            12,
            60,
            58,
            61,
            50,
            86,
            24,
            59,
            29
        ],
        [
            70,
            84,
            64,
            66,
            48,
            57,
            37
        ],
        [
            23,
            8,
            3,
            28,
            70,
            35,
            42,
            59,
            17,
            12,
            68,
            38,
            26
        ],
        [
            47,
            78,
            28,
            27,
            80,
            60,
            37,
            40,
            14,
            83,
            36,
            45
        ],
        [
            55,
            82,
            17,
            31,
            29,
            78,
            5,
            51,
            82,
            53,
            14,
            20
        ],
        [
            19,
            58,
            1,
            16,
            70,
            56,
            6,
            44,
            51,
            56,
            22,
            18,
            66
        ],
        [
            63,
            40,
            13,
            38
        ],
        [
            43,
            30,
            78,
            74,
            26
        ],
        [
            20,
            3,
            21,
            79,
            17
        ],
        [
            2,
            11,
            72,
            39,
            84,
            15,
            0,
            69,
            35,
            80,
            59
        ],
        [
            68,
            72,
            87,
            75,
            23
        ],
        [
            20,
            7,
            3,
            77,
            30,
            60,
            9,
            33,
            67,
            73,
            83,
            10,
            43,
            49
        ],
        [
            18,
            74,
            0,
            4,
            43,
            29,
            82,
            63,
            42,
            27
        ],
        [
            8,
            25,
            48,
            68,
            55,
            64,
            85,
            71,
            5,
            7,
            53,
            30
        ],
        [
            6,
            47,
            54,
            21,
            80,
            11,
            50,
            12,
            7,
            75,
            19
        ],
        [
            39,
            69,
            79,
            1,
            52,
            22,
            74,
            78,
            73
        ],
        [
            36,
            62,
            44,
            86,
            4,
            50,
            12,
            52,
            65,
            80,
            82,
            86,
            22,
            27
        ],
        [
            6,
            60,
            36,
            49,
            85,
            31,
            32,
            56,
            49
        ]
    ],
    "matching": {
        "0": 3,
        "1": 1,
        "2": 3,
        "3": 4,
        "4": 3,
        "5": 1,
        "6": 2,
        "7": 2,
        "8": 4,
        "9": 2,
        "10": 0,
        "11": 2,
        "12": 4,
        "13": 2,
        "14": 0,
        "15": 1,
        "16": 0,
        "17": 4,
        "18": 1,
        "19": 1,
        "20": 2,
        "21": 4,
        "22": 3,
        "23": 4,
        "24": 4,
        "25": 4,
        "26": 4,
        "27": 0,
        "28": 4,
        "29": 3,
        "30": 2,
        "31": 3,
        "32": 0,
        "33": 1,
        "34": 0,
        "35": 0,
        "36": 1,
        "37": 1,
        "38": 1,
        "39": 1,
        "40": 3,
        "41": 1,
        "42": 4,
        "43": 1,
        "44": 2,
        "45": 3,
        "46": 1,
        "47": 1,
        "48": 1,
        "49": 0,
        "50": 2,
        "51": 3,
        "52": 3,
        "53": 1,
        "54": 1,
        "55": 0,
        "56": 3,
        "57": 1,
        "58": 0,
        "59": 0,
        "60": 3,
        "61": 1,
        "62": 1,
        "63": 2,
        "64": 3,
        "65": 1,
        "66": 0,
        "67": 3,
        "68": 1,
        "69": 2,
        "70": 3,
        "71": 0,
        "72": 3,
        "73": 4,
        "74": 4,
        "75": 4,
        "76": 0,
        "77": 3,
        "78": 1,
        "79": 4,
        "80": 3,
        "81": 2,
        "82": 0,
        "83": 3,
        "84": 1,
        "85": 3,
        "86": 4,
        "87": 2
    },
    "lower_bound": 54.0
}