{
    "node_types": [
        "invoice",
        "sku",
        "zone"
    ],
    "edge_types": [
        "('invoice', 'requires', 'sku')",
        "('sku', 'located_at', 'zone')",
        "('sku', 'rev_requires', 'invoice')",
        "('zone', 'rev_located_at', 'sku')"
    ],
    "num_invoices": 29,
    "num_sku": 55,
    "num_zone": 5,
    "invoices": [
        [
            3,
            33,
            16,
            2,
            36,
            0,
            38,
            7,
            33
        ],
        [
            44,
            3,
            6,
            22,
            54,
            39,
            21,
            52,
            30,
            0
        ],
        [
            31,
            27,
            16
        ],
        [
            15,
            43
        ],
        [
            40,
            20,
            15,
            3
        ],
        [
            52,
            32
        ],
        [
            8,
            15,
            19,
            43,
            52,
            38
        ],
        [
            14,
            1,
            44
        ],
        [
            6,
            26,
            25,
            20,
            54,
            13,
            20
        ],
        [
            4,
            8,
            23,
            10,
            0
        ],
        [
            19,
            24,
            23,
            14,
            24
        ],
        [
            51,
            13,
            29,
            33,
            46,
            18,
            35,
            40,
            39
        ],
        [
            27,
            43,
            48,
            3,
            37
        ],
        [
            45,
            17,
            26,
            7,
            9,
            7
        ],
        [
            51,
            5,
            46,
            25
        ],
        [
            39,
            45,
            51,
            16,
            9
        ],
        [
            23
        ],
        [
            47,
            46,
            43,
            39
        ],
        [
            26,
            25,
            10,
            34,
            2,
            1,
            37,
            32
        ],
        [
            9,
            29,
            33,
            14,
            34
        ],
        [
            42,
            11,
            12,
            11,
            53,
            53,
            22
        ],
        [
            21,
            28,
            31,
            37,
            41,
            8,
            30,
            27,
            53,
            1
        ],
        [
            34,
            12,
            5,
            53,
            49,
            47,
            6,
            17,
            50,
            35
        ],
        [
            5,
            47,
            23,
            36,
            5,
            4
        ],
        [
            22,
            38,
            28,
            7,
            21,
            52,
            14
        ],
        [
            41,
            50,
            34,
            24
        ],
        [
            54,
            51,
            28,
            48,
            18
        ],
        [
            46,
            32,
            48
        ],
        [
            27,
            36,
            21,
            18,
            42,
            49
        ]
    ],
    "matching": {
        "0": 1,
        "1": 4,
        "2": 4,
        "3": 2,
        "4": 3,
        "5": 3,
        "6": 2,
        "7": 0,
        "8": 1,
        "9": 4,
        "10": 3,
        "11": 2,
        "12": 0,
        "13": 0,
        "14": 2,
        "15": 4,
        "16": 3,
        "17": 1,
        "18": 0,
        "19": 3,
        "20": 2,
        "21": 0,
        "22": 1,
        "23": 0,
        "24": 2,
        "25": 2,
        "26": 3,
        "27": 0,
        "28": 0,
        "29": 1,
        "30": 1,
        "31": 4,
        "32": 1,
        "33": 4,
        "34": 0,
        "35": 3,
        "36": 3,
        "37": 3,
        "38": 4,
        "39": 1,
        "40": 4,
        "41": 3,
        "42": 0,
        "43": 0,
        "44": 4,
        "45": 4,
        "46": 1,
        "47": 1,
        "48": 0,
        "49": 4,
        "50": 0,
        "51": 3,
        "52": 0,
        "53": 0,
        "54": 3
    },
    "lower_bound": 42.0
}