{
    "node_types": [
        "invoice",
        "sku",
        "zone"
    ],
    "edge_types": [
        "('invoice', 'requires', 'sku')",
        "('sku', 'located_at', 'zone')",
        "('sku', 'rev_requires', 'invoice')",
        "('zone', 'rev_located_at', 'sku')"
    ],
    "num_invoices": 31,
    "num_sku": 77,
    "num_zone": 5,
    "invoices": [
        [
            71,
            74,
            18,
            65,
            66,
            33,
            27,
            60,
            4,
            34
        ],
        [
            32,
            70,
            57,
            40,
            31,
            20,
            11,
            25
        ],
        [
            64,
            12,
            70,
            24,
            42,
            50,
            59,
            72
        ],
        [
            72,
            64,
            62,
            62,
            36,
            7,
            30,
            41
        ],
        [
            18,
            73,
            8,
            76,
            75,
            22,
            43,
            71
        ],
        [
            3,
            13,
            16,
            17,
            20,
            8,
            23,
            56
        ],
        [
            30,
            9,
            67,
            58,
            51,
            15
        ],
        [
            49,
            67,
            47,
            11,
            42,
            38,
            70
        ],
        [
            15,
            26,
            22,
            7,
            62,
            23,
            50,
            47,
            68,
            57,
            73,
            29,
            4
        ],
        [
            0,
            74,
            64,
            41
        ],
        [
            0,
            44,
            46,
            36,
            29
        ],
        [
            21,
            38,
            14,
            9,
            22,
            66
        ],
        [
            28,
            58,
            12,
            31,
            33,
            14,
            10
        ],
        [
            59,
            10,
            53,
            47,
            52,
            27,
            68,
            9
        ],
        [
            38,
            19,
            2,
            75,
            63,
            36,
            21,
            6,
            10,
            14,
            32
        ],
        [
            27,
            64,
            4,
            39,
            58,
            49,
            46,
            45
        ],
        [
            1,
            16,
            43,
            55,
            50,
            0,
            52,
            57
        ],
        [
            67,
            29,
            5,
            12,
            49
        ],
        [
            54,
            39,
            76,
            8,
            19,
            31,
            55,
            60,
            65,
            5
        ],
        [
            21,
            3,
            12,
            61,
            57,
            2,
            62,
            70
        ],
        [
            36,
            2,
            11,
            1,
            35,
            6,
            19,
            39,
            41
        ],
        [
            69,
            1,
            16,
            54,
            48,
            17,
            42,
            34,
            54,
            37,
            34
        ],
        [
            38,
            59,
            45,
            32,
            23,
            72,
            25,
            42,
            17,
            25
        ],
        [
            49,
            34,
            47,
            60,
            24,
            53,
            7,
            24
        ],
        [
            48,
            76,
            48,
            30,
            39,
            35,
            69
        ],
        [
            51,
            21,
            73,
            51
        ],
        [
            7,
            69,
            58,
            69
        ],
        [
            15,
            2,
            65,
            31,
            23,
            56,
            40
        ],
        [
            26,
            72,
            61,
            75,
            44,
            50,
            24
        ],
        [
            16,
            51,
            44,
            71,
            75,
            68,
            28,
            17,
            73,
            63,
            9
        ],
        [
            13,
            33,
            55,
            54,
            37,
            66,
            14
        ]
    ],
    "matching": {
        "0": 4,
        "1": 4,
        "2": 2,
        "3": 1,
        "4": 4,
        "5": 1,
        "6": 3,
        "7": 0,
        "8": 1,
        "9": 1,
        "10": 1,
        "11": 4,
        "12": 1,
        "13": 2,
        "14": 2,
        "15": 1,
        "16": 3,
        "17": 2,
        "18": 3,
        "19": 1,
        "20": 4,
        "21": 2,
        "22": 4,
        "23": 2,
        "24": 4,
        "25": 0,
        "26": 4,
        "27": 3,
        "28": 2,
        "29": 4,
        "30": 1,
        "31": 3,
        "32": 3,
        "33": 3,
        "34": 2,
        "35": 4,
        "36": 3,
        "37": 1,
        "38": 4,
        "39": 3,
        "40": 4,
        "41": 3,
        "42": 1,
        "43": 4,
        "44": 4,
        "45": 4,
        "46": 4,
        "47": 1,
        "48": 2,
        "49": 3,
        "50": 3,
        "51": 3,
        "52": 1,
        "53": 1,
        "54": 3,
        "55": 4,
        "56": 3,
        "57": 2,
        "58": 4,
        "59": 2,
        "60": 4,
        "61": 3,
        "62": 1,
        "63": 0,
        "64": 2,
        "65": 3,
        "66": 0,
        "67": 3,
        "68": 1,
        "69": 1,
        "70": 2,
        "71": 2,
        "72": 3,
        "73": 0,
        "74": 3,
        "75": 3,
        "76": 0
    },
    "lower_bound": 51.0
}