{
    "node_types": [
        "invoice",
        "sku",
        "zone"
    ],
    "edge_types": [
        "('invoice', 'requires', 'sku')",
        "('sku', 'located_at', 'zone')",
        "('sku', 'rev_requires', 'invoice')",
        "('zone', 'rev_located_at', 'sku')"
    ],
    "num_invoices": 29,
    "num_sku": 74,
    "num_zone": 5,
    "invoices": [
        [
            13,
            58,
            15,
            54,
            29,
            44,
            72
        ],
        [
            22,
            73,
            72,
            66,
            38,
            31,
            60,
            57,
            5,
            59,
            37
        ],
        [
            66,
            16,
            70,
            60,
            35,
            27,
            11,
            30,
            9
        ],
        [
            34,
            71,
            73,
            47,
            4,
            30
        ],
        [
            50,
            59,
            32,
            33,
            3,
            29
        ],
        [
            71,
            10,
            32,
            14,
            17,
            34
        ],
        [
            13,
            21,
            68,
            68,
            40,
            57,
            18,
            4,
            22,
            40,
            42,
            69
        ],
        [
            40,
            13,
            39,
            65,
            12,
            12,
            17,
            72,
            42
        ],
        [
            18,
            25,
            46,
            33,
            38,
            14,
            16,
            43,
            35,
            55
        ],
        [
            56,
            70,
            6,
            41,
            0,
            26
        ],
        [
            12,
            25,
            71,
            37,
            67,
            28,
            28
        ],
        [
            8,
            18,
            41,
            63
        ],
        [
            30,
            23,
            26,
            27,
            33,
            17,
            55
        ],
        [
            70,
            27,
            63,
            7
        ],
        [
            22,
            24,
            56,
            40,
            0
        ],
        [
            61,
            48,
            21,
            41,
            20
        ],
        [
            6,
            33,
            39,
            67,
            28,
            55,
            15,
            60,
            56,
            73
        ],
        [
            71,
            29,
            45,
            17,
            45,
            32,
            58,
            37
        ],
        [
            1,
            67,
            10,
            18,
            63
        ],
        [
            56,
            52,
            32,
            19,
            9,
            62,
            9,
            8
        ],
        [
            27,
            34,
            5,
            46,
            3,
            37,
            46,
            64,
            59
        ],
        [
            44,
            52,
            65,
            52,
            53,
            2,
            43,
            15,
            36
        ],
        [
            55,
            69,
            19,
            49,
            64,
            66,
            1
        ],
        [
            73,
            60,
            26,
            11,
            53,
            62,
            34
        ],
        [
            19,
            64,
            66,
            1,
            16,
            31,
            52,
            69,
            51,
            51
        ],
        [
            35,
            24,
            44,
            69,
            0,
            7
        ],
        [
            8,
            24,
            10,
            20,
            30,
            36,
            23,
            49,
            48,
            0
        ],
        [
            14,
            50,
            42,
            70,
            8,
            42,
            54,
            54
        ],
        [
            47,
            10,
            38,
            72,
            61,
            5,
            24,
            2,
            36,
            28
        ]
    ],
    "matching": {
        "0": 4,
        "1": 3,
        "2": 2,
        "3": 0,
        "4": 1,
        "5": 1,
        "6": 2,
        "7": 1,
        "8": 0,
        "9": 2,
        "10": 2,
        "11": 0,
        "12": 1,
        "13": 0,
        "14": 1,
        "15": 0,
        "16": 0,
        "17": 4,
        "18": 1,
        "19": 2,
        "20": 3,
        "21": 3,
        "22": 0,
        "23": 4,
        "24": 0,
        "25": 3,
        "26": 1,
        "27": 1,
        "28": 0,
        "29": 3,
        "30": 4,
        "31": 1,
        "32": 4,
        "33": 0,
        "34": 3,
        "35": 0,
        "36": 3,
        "37": 4,
        "38": 2,
        "39": 3,
        "40": 4,
        "41": 2,
        "42": 3,
        "43": 2,
        "44": 3,
        "45": 4,
        "46": 0,
        "47": 2,
        "48": 3,
        "49": 2,
        "50": 1,
        "51": 2,
        "52": 4,
        "53": 4,
        "54": 3,
        "55": 3,
        "56": 3,
        "57": 4,
        "58": 2,
        "59": 4,
        "60": 0,
        "61": 0,
        "62": 0,
        "63": 0,
        "64": 1,
        "65": 4,
        "66": 4,
        "67": 3,
        "68": 2,
        "69": 4,
        "70": 3,
        "71": 0,
        "72": 0,
        "73": 3
    },
    "lower_bound": 48.0
}