{
    "node_types": [
        "invoice",
        "sku",
        "zone"
    ],
    "edge_types": [
        "('invoice', 'requires', 'sku')",
        "('sku', 'located_at', 'zone')",
        "('sku', 'rev_requires', 'invoice')",
        "('zone', 'rev_located_at', 'sku')"
    ],
    "num_invoices": 35,
    "num_sku": 95,
    "num_zone": 5,
    "invoices": [
        [
            10,
            2,
            63,
            71,
            31,
            22,
            22,
            31
        ],
        [
            39,
            38,
            65,
            60,
            1,
            12
        ],
        [
            83,
            84,
            53,
            56,
            72
        ],
        [
            74,
            58,
            20,
            72,
            84,
            23,
            31,
            44,
            92,
            45
        ],
        [
            20,
            11,
            41,
            83,
            56,
            91,
            22,
            86
        ],
        [
            24,
            38,
            18,
            94,
            5,
            66,
            50
        ],
        [
            75,
            25,
            56,
            49,
            51,
            30,
            24,
            67,
            42
        ],
        [
            50,
            6,
            24,
            25,
            64,
            11,
            4,
            56,
            88,
            93
        ],
        [
            79,
            54,
            93,
            59,
            21,
            70,
            90,
            41,
            26,
            77
        ],
        [
            40,
            32,
            92,
            69,
            28,
            27,
            55,
            71
        ],
        [
            36,
            1,
            43,
            70
        ],
        [
            71,
            45,
            79,
            91,
            85
        ],
        [
            82,
            25,
            68,
            38,
            0,
            14,
            68,
            88,
            86,
            40
        ],
        [
            77,
            52,
            29,
            66,
            46,
            60,
            94,
            78,
            55
        ],
        [
            82,
            61,
            61,
            36,
            18,
            19,
            55,
            34,
            13,
            81
        ],
        [
            91,
            17,
            43,
            35,
            53,
            65,
            3,
            26,
            19,
            47
        ],
        [
            19,
            75,
            57,
            80,
            84,
            68,
            17
        ],
        [
            53,
            14,
            39,
            69,
            2,
            0,
            16,
            42,
            57,
            39,
            38
        ],
        [
            30,
            48,
            49,
            54,
            26,
            15,
            15,
            70,
            65,
            43,
            9
        ],
        [
            27,
            76,
            12
        ],
        [
            9,
            58,
            3,
            52,
            13,
            33
        ],
        [
            73,
            81,
            49,
            22,
            8,
            87,
            29
        ],
        [
            75,
            23,
            32,
            13,
            68,
            79,
            23,
            32
        ],
        [
            20,
            42,
            75,
            74,
            46,
            86,
            34
        ],
        [
            28,
            61,
            91,
            90,
            65,
            48,
            27
        ],
        [
            90,
            57,
            82,
            7,
            62,
            57,
            47,
            44,
            81,
            80,
            1,
            3
        ],
        [
            54,
            66,
            59,
            6,
            89,
            62,
            88,
            37,
            58,
            31
        ],
        [
            73,
            27,
            13,
            78,
            64,
            44,
            63
        ],
        [
            90,
            11,
            85,
            35,
            85,
            18,
            39,
            51,
            60,
            73,
            85,
            41
        ],
        [
            42,
            50,
            48,
            92,
            47,
            14,
            14,
            33
        ],
        [
            59,
            30,
            44,
            8,
            12,
            21,
            62,
            10,
            2,
            46,
            45
        ],
        [
            69,
            48,
            52,
            18,
            47,
            5,
            84,
            78
        ],
        [
            79,
            10,
            69,
            60,
            67,
            37,
            88,
            77,
            78,
            4,
            0
        ],
        [
            89,
            28,
            46,
            73,
            49,
            87,
            82,
            15,
            76,
            54
        ],
        [
            16,
            20,
            72,
            36,
            7
        ]
    ],
    "matching": {
        "0": 0,
        "1": 0,
        "2": 2,
        "3": 0,
        "4": 1,
        "5": 4,
        "6": 3,
        "7": 1,
        "8": 3,
        "9": 1,
        "10": 1,
        "11": 1,
        "12": 2,
        "13": 3,
        "14": 3,
        "15": 1,
        "16": 2,
        "17": 3,
        "18": 3,
        "19": 1,
        "20": 4,
        "21": 3,
        "22": 1,
        "23": 0,
        "24": 1,
        "25": 0,
        "26": 0,
        "27": 1,
        "28": 1,
        "29": 4,
        "30": 4,
        "31": 4,
        "32": 2,
        "33": 3,
        "34": 4,
        "35": 0,
        "36": 4,
        "37": 0,
        "38": 2,
        "39": 1,
        "40": 1,
        "41": 0,
        "42": 2,
        "43": 2,
        "44": 4,
        "45": 0,
        "46": 1,
        "47": 1,
        "48": 0,
        "49": 1,
        "50": 2,
        "51": 4,
        "52": 1,
        "53": 0,
        "54": 0,
        "55": 0,
        "56": 1,
        "57": 3,
        "58": 0,
        "59": 2,
        "60": 3,
        "61": 3,
        "62": 1,
        "63": 2,
        "64": 1,
        "65": 0,
        "66": 1,
        "67": 3,
        "68": 2,
        "69": 1,
        "70": 3,
        "71": 3,
        "72": 3,
        "73": 3,
        "74": 0,
        "75": 3,
        "76": 4,
        "77": 3,
        "78": 0,
        "79": 0,
        "80": 0,
        "81": 0,
        "82": 4,
        "83": 0,
        "84": 4,
        "85": 0,
        "86": 3,
        "87": 1,
        "88": 2,
        "89": 2,
        "90": 0,
        "91": 3,
        "92": 1,
        "93": 4,
        "94": 3
    },
    "lower_bound": 48.0
}