{
    "node_types": [
        "invoice",
        "sku",
        "zone"
    ],
    "edge_types": [
        "('invoice', 'requires', 'sku')",
        "('sku', 'located_at', 'zone')",
        "('sku', 'rev_requires', 'invoice')",
        "('zone', 'rev_located_at', 'sku')"
    ],
    "num_invoices": 31,
    "num_sku": 89,
    "num_zone": 5,
    "invoices": [
        [
            70,
            11,
            29,
            39,
            73,
            68,
            78
        ],
        [
            23,
            85,
            33,
            40,
            66,
            41,
            85,
            27,
            43,
            79,
            30
        ],
        [
            61,
            63,
            3,
            44
        ],
        [
            67,
            32,
            82,
            54,
            37,
            27,
            31,
            28,
            74,
            15,
            16
        ],
        [
            22,
            22,
            57,
            17,
            35,
            56,
            51,
            36,
            56
        ],
        [
            11,
            10,
            0,
            6,
            15,
            16,
            19,
            53,
            1,
            66,
            78
        ],
        [
            49,
            5,
            4,
            23,
            21,
            24,
            32,
            69,
            67,
            76
        ],
        [
            61,
            4,
            85,
            88,
            29,
            86,
            18,
            14,
            58,
            9,
            53
        ],
        [
            24,
            10,
            51,
            37,
            83,
            47,
            54,
            0,
            20,
            81
        ],
        [
            69,
            41,
            12,
            29,
            44,
            82
        ],
        [
            40,
            53,
            76,
            58,
            46,
            80,
            43
        ],
        [
            59,
            45,
            80,
            11,
            82,
            27,
            0,
            75,
            74,
            13,
            19,
            36,
            12
        ],
        [
            0,
            25,
            86,
            45,
            86,
            52,
            14,
            34,
            40,
            47,
            12,
            62,
            4
        ],
        [
            51,
            6,
            72,
            63,
            35,
            12,
            29,
            75,
            65,
            88,
            87,
            44,
            39
        ],
        [
            24,
            48,
            37,
            62,
            60,
            71,
            10,
            42,
            69
        ],
        [
            64,
            76,
            16,
            7,
            41,
            55,
            55,
            44,
            39,
            3
        ],
        [
            81,
            47,
            83,
            80,
            26,
            8,
            42
        ],
        [
            39,
            68,
            49,
            11,
            59,
            20,
            77,
            18,
            15,
            3,
            50,
            64
        ],
        [
            38,
            76,
            62,
            33,
            60,
            21,
            48,
            52
        ],
        [
            87,
            41,
            78,
            53,
            22,
            70,
            13
        ],
        [
            77,
            38,
            43,
            32,
            1,
            54
        ],
        [
            74,
            45,
            19,
            58,
            34,
            65
        ],
        [
            60,
            27,
            45,
            26,
            48,
            61,
            13,
            25,
            54,
            20,
            31
        ],
        [
            26,
            25,
            86,
            36,
            9,
            82,
            64,
            7
        ],
        [
            30,
            87,
            38,
            2,
            6,
            55,
            17,
            28
        ],
        [
            8,
            68,
            71,
            84,
            64,
            81,
            84
        ],
        [
            5,
            19,
            77,
            21,
            23,
            73,
            23,
            50,
            5,
            33,
            59,
            9,
            62,
            57
        ],
        [
            22,
            72,
            72,
            40,
            21,
            3
        ],
        [
            69,
            20,
            56,
            78,
            49,
            24,
            79,
            46
        ],
        [
            8,
            13,
            63,
            79,
            72,
            77
        ],
        [
            6,
            2,
            37,
            35
        ]
    ],
    "matching": {
        "0": 0,
        "1": 3,
        "2": 1,
        "3": 0,
        "4": 4,
        "5": 4,
        "6": 1,
        "7": 1,
        "8": 0,
        "9": 1,
        "10": 3,
        "11": 0,
        "12": 0,
        "13": 2,
        "14": 2,
        "15": 3,
        "16": 2,
        "17": 0,
        "18": 4,
        "19": 1,
        "20": 2,
        "21": 2,
        "22": 3,
        "23": 4,
        "24": 2,
        "25": 0,
        "26": 2,
        "27": 1,
        "28": 2,
        "29": 0,
        "30": 3,
        "31": 3,
        "32": 3,
        "33": 0,
        "34": 0,
        "35": 1,
        "36": 1,
        "37": 3,
        "38": 1,
        "39": 3,
        "40": 3,
        "41": 3,
        "42": 1,
        "43": 4,
        "44": 2,
        "45": 1,
        "46": 0,
        "47": 2,
        "48": 4,
        "49": 2,
        "50": 2,
        "51": 2,
        "52": 1,
        "53": 1,
        "54": 4,
        "55": 3,
        "56": 0,
        "57": 4,
        "58": 4,
        "59": 2,
        "60": 4,
        "61": 1,
        "62": 0,
        "63": 2,
        "64": 0,
        "65": 1,
        "66": 1,
        "67": 0,
        "68": 3,
        "69": 1,
        "70": 3,
        "71": 0,
        "72": 3,
        "73": 2,
        "74": 2,
        "75": 2,
        "76": 1,
        "77": 1,
        "78": 4,
        "79": 3,
        "80": 0,
        "81": 3,
        "82": 0,
        "83": 2,
        "84": 2,
        "85": 3,
        "86": 1,
        "87": 4,
        "88": 4
    },
    "lower_bound": 54.0
}