{
    "node_types": [
        "invoice",
        "sku",
        "zone"
    ],
    "edge_types": [
        "('invoice', 'requires', 'sku')",
        "('sku', 'located_at', 'zone')",
        "('sku', 'rev_requires', 'invoice')",
        "('zone', 'rev_located_at', 'sku')"
    ],
    "num_invoices": 27,
    "num_sku": 81,
    "num_zone": 5,
    "invoices": [
        [
            11,
            26,
            41,
            53,
            69,
            56,
            68,
            26,
            17,
            35,
            75,
            25,
            39
        ],
        [
            31,
            7,
            20,
            35,
            21,
            16,
            70
        ],
        [
            20,
            46,
            79,
            30,
            35,
            15,
            20
        ],
        [
            11,
            3,
            18,
            51,
            22,
            37,
            55,
            34,
            13
        ],
        [
            38,
            73,
            15,
            57,
            5,
            36,
            1,
            46,
            76
        ],
        [
            61,
            43,
            26,
            37,
            21,
            39,
            80,
            40,
            38,
            9,
            52,
            41
        ],
        [
            51,
            54,
            1,
            60,
            29,
            73,
            8,
            79,
            79
        ],
        [
            67,
            38,
            40,
            3,
            19,
            77,
            62
        ],
        [
            18,
            16,
            23,
            45,
            5,
            30,
            31
        ],
        [
            66,
            3,
            27,
            62,
            7,
            12,
            76,
            74,
            72,
            34,
            18,
            28,
            4,
            65,
            71
        ],
        [
            25,
            63,
            22
        ],
        [
            68,
            59,
            66,
            42,
            5,
            52,
            76,
            69,
            58,
            8,
            2,
            50,
            56,
            20,
            50
        ],
        [
            34,
            30,
            8,
            4,
            24,
            30,
            23,
            71
        ],
        [
            59,
            28,
            36,
            26,
            75,
            40,
            39,
            14,
            43,
            50,
            70
        ],
        [
            33,
            17,
            53,
            58,
            9,
            71,
            19
        ],
        [
            21,
            74,
            57,
            47,
            61,
            12,
            29,
            1,
            42,
            24,
            16
        ],
        [
            32,
            65,
            44,
            0,
            67,
            32,
            46
        ],
        [
            76,
            36,
            0,
            69,
            23,
            16,
            6,
            47,
            9,
            74,
            51,
            58,
            78,
            73,
            19
        ],
        [
            68,
            25,
            24,
            72,
            6,
            49,
            80,
            14,
            10,
            64,
            67
        ],
        [
            68,
            40,
            31
        ],
        [
            0,
            6,
            3,
            48,
            21,
            58,
            29,
            4,
            77,
            45,
            66
        ],
        [
            37,
            65,
            64,
            54,
            48,
            10,
            0,
            79
        ],
        [
            67,
            45,
            56,
            53
        ],
        [
            37,
            39,
            66,
            64,
            2,
            44,
            75,
            55,
            62,
            29
        ],
        [
            60,
            18,
            34,
            8,
            36,
            22,
            72,
            9
        ],
        [
            14,
            65,
            22,
            70,
            63,
            38,
            59,
            80,
            64,
            78,
            33
        ],
        [
            10,
            49,
            27,
            13,
            43,
            2,
            10,
            7,
            48,
            56
        ]
    ],
    "matching": {
        "0": 1,
        "1": 3,
        "2": 0,
        "3": 1,
        "4": 1,
        "5": 2,
        "6": 3,
        "7": 4,
        "8": 3,
        "9": 3,
        "10": 3,
        "11": 3,
        "12": 2,
        "13": 1,
        "14": 0,
        "15": 0,
        "16": 1,
        "17": 4,
        "18": 3,
        "19": 1,
        "20": 1,
        "21": 4,
        "22": 0,
        "23": 1,
        "24": 3,
        "25": 1,
        "26": 3,
        "27": 2,
        "28": 4,
        "29": 4,
        "30": 0,
        "31": 0,
        "32": 0,
        "33": 4,
        "34": 3,
        "35": 2,
        "36": 4,
        "37": 0,
        "38": 1,
        "39": 2,
        "40": 3,
        "41": 2,
        "42": 2,
        "43": 4,
        "44": 1,
        "45": 4,
        "46": 3,
        "47": 4,
        "48": 3,
        "49": 4,
        "50": 3,
        "51": 3,
        "52": 0,
        "53": 3,
        "54": 4,
        "55": 3,
        "56": 0,
        "57": 2,
        "58": 3,
        "59": 3,
        "60": 1,
        "61": 0,
        "62": 3,
        "63": 3,
        "64": 0,
        "65": 3,
        "66": 4,
        "67": 4,
        "68": 2,
        "69": 4,
        "70": 2,
        "71": 0,
        "72": 4,
        "73": 2,
        "74": 3,
        "75": 4,
        "76": 1,
        "77": 3,
        "78": 2,
        "79": 0,
        "80": 2
    },
    "lower_bound": 57.0
}