{
    "node_types": [
        "invoice",
        "sku",
        "zone"
    ],
    "edge_types": [
        "('invoice', 'requires', 'sku')",
        "('sku', 'located_at', 'zone')",
        "('sku', 'rev_requires', 'invoice')",
        "('zone', 'rev_located_at', 'sku')"
    ],
    "num_invoices": 32,
    "num_sku": 64,
    "num_zone": 5,
    "invoices": [
        [
            30,
            56,
            48,
            18,
            24
        ],
        [
            59,
            21,
            29,
            1,
            45,
            33
        ],
        [
            3,
            26,
            24,
            58,
            55
        ],
        [
            30,
            10,
            8
        ],
        [
            29,
            43,
            10,
            37,
            46
        ],
        [
            40,
            16,
            62,
            7,
            13,
            31,
            51,
            18,
            40
        ],
        [
            5,
            38,
            13,
            20,
            12
        ],
        [
            36,
            29,
            13,
            57,
            19,
            34,
            39,
            26,
            51
        ],
        [
            18,
            20,
            29,
            63,
            41,
            0
        ],
        [
            27,
            24,
            63,
            56,
            55,
            0,
            54
        ],
        [
            47,
            16,
            22,
            22
        ],
        [
            61,
            56,
            30,
            30,
            50,
            31
        ],
        [
            33,
            55,
            53,
            28,
            3,
            15,
            2
        ],
        [
            10,
            42,
            25,
            9
        ],
        [
            47,
            23,
            58,
            14,
            16,
            50,
            35,
            5,
            4,
            43
        ],
        [
            25,
            42,
            54,
            57
        ],
        [
            40,
            62,
            1,
            17,
            4,
            39,
            22
        ],
        [
            47,
            7,
            41,
            24,
            5
        ],
        [
            36,
            59,
            44,
            15,
            25
        ],
        [
            33,
            3,
            34
        ],
        [
            12,
            33,
            15,
            32,
            6,
            53,
            26
        ],
        [
            46,
            32,
            37,
            60,
            27,
            51
        ],
        [
            48,
            19,
            8,
            52,
            23,
            27,
            40,
            61,
            43
        ],
        [
            13,
            35,
            12,
            45,
            43,
            4,
            47
        ],
        [
            42,
            44,
            19,
            46,
            11,
            15
        ],
        [
            41,
            23,
            20,
            28,
            51,
            50
        ],
        [
            6,
            21,
            63,
            45,
            31,
            14,
            37,
            2,
            58
        ],
        [
            9,
            37,
            26,
            48,
            52,
            41
        ],
        [
            3,
            28
        ],
        [
            60,
            49,
            48,
            63
        ],
        [
            18,
            39,
            17,
            39,
            23,
            7,
            62,
            38,
            11,
            62,
            49
        ],
        [
            7,
            54,
            5,
            19,
            58,
            44,
            2
        ]
    ],
    "matching": {
        "0": 2,
        "1": 1,
        "2": 4,
        "3": 3,
        "4": 1,
        "5": 2,
        "6": 1,
        "7": 1,
        "8": 3,
        "9": 3,
        "10": 0,
        "11": 4,
        "12": 0,
        "13": 1,
        "14": 0,
        "15": 0,
        "16": 2,
        "17": 3,
        "18": 2,
        "19": 0,
        "20": 3,
        "21": 0,
        "22": 1,
        "23": 0,
        "24": 1,
        "25": 4,
        "26": 3,
        "27": 2,
        "28": 0,
        "29": 0,
        "30": 3,
        "31": 0,
        "32": 1,
        "33": 1,
        "34": 3,
        "35": 0,
        "36": 0,
        "37": 2,
        "38": 0,
        "39": 2,
        "40": 0,
        "41": 3,
        "42": 3,
        "43": 4,
        "44": 4,
        "45": 2,
        "46": 1,
        "47": 3,
        "48": 4,
        "49": 2,
        "50": 3,
        "51": 0,
        "52": 3,
        "53": 2,
        "54": 2,
        "55": 0,
        "56": 2,
        "57": 1,
        "58": 0,
        "59": 0,
        "60": 1,
        "61": 0,
        "62": 3,
        "63": 2
    },
    "lower_bound": 45.0
}