{
    "node_types": [
        "invoice",
        "sku",
        "zone"
    ],
    "edge_types": [
        "('invoice', 'requires', 'sku')",
        "('sku', 'located_at', 'zone')",
        "('sku', 'rev_requires', 'invoice')",
        "('zone', 'rev_located_at', 'sku')"
    ],
    "num_invoices": 26,
    "num_sku": 93,
    "num_zone": 5,
    "invoices": [
        [
            80,
            8,
            5,
            63,
            88,
            17,
            46,
            25,
            18,
            92,
            58
        ],
        [
            61,
            7,
            76,
            48,
            53,
            25,
            65
        ],
        [
            32,
            18,
            84,
            15,
            6,
            28,
            41,
            88,
            61,
            73,
            14,
            28
        ],
        [
            34,
            27,
            65,
            72,
            17,
            36
        ],
        [
            77,
            78,
            45,
            3,
            76,
            82,
            31,
            59,
            86,
            41,
            31,
            90,
            56,
            66,
            27
        ],
        [
            11,
            81,
            19,
            50,
            62,
            85,
            90,
            23,
            88,
            74,
            45
        ],
        [
            22,
            90,
            81
        ],
        [
            86,
            62,
            36,
            68,
            59
        ],
        [
            13,
            80,
            19,
            49,
            59,
            90
        ],
        [
            30,
            9,
            92,
            91,
            84,
            20,
            29,
            77,
            83,
            48,
            63,
            8,
            30,
            67,
            40
        ],
        [
            13,
            38,
            56,
            70,
            53,
            21,
            44,
            42,
            38
        ],
        [
            0,
            6,
            4,
            64,
            61,
            60
        ],
        [
            55,
            12,
            82,
            13,
            75,
            3,
            54,
            42,
            77,
            87,
            37,
            92,
            52,
            20
        ],
        [
            55,
            0,
            45,
            85,
            51,
            47,
            57,
            80,
            82,
            14,
            63,
            32,
            35,
            82,
            38
        ],
        [
            74,
            74,
            39,
            52,
            70,
            87,
            67
        ],
        [
            71,
            54,
            89,
            91,
            69,
            22,
            65,
            2,
            80,
            34,
            66,
            10,
            71
        ],
        [
            14,
            23,
            39,
            65,
            35,
            18
        ],
        [
            76,
            64,
            60,
            48,
            77,
            27,
            40,
            46,
            29,
            13,
            84,
            56,
            42
        ],
        [
            11,
            48,
            84,
            40,
            33,
            9,
            51,
            0,
            78,
            40,
            26,
            41,
            88,
            56,
            64,
            68,
            2
        ],
        [
            86,
            21,
            83,
            49,
            57,
            4,
            1,
            85,
            47,
            24,
            91,
            72,
            71,
            62,
            15,
            29
        ],
        [
            3,
            83,
            1,
            33,
            78,
            75,
            12,
            58,
            12,
            53,
            72,
            68,
            51,
            8
        ],
        [
            27,
            73,
            86,
            71,
            43,
            78,
            7,
            53,
            16
        ],
        [
            66,
            79,
            5,
            83,
            89,
            41,
            26,
            87,
            21,
            10,
            23,
            50
        ],
        [
            52,
            49,
            24,
            60,
            16,
            15,
            32,
            22,
            8,
            30,
            38,
            63,
            20,
            73,
            42
        ],
        [
            49,
            37,
            69,
            28,
            57,
            30,
            33,
            73,
            47,
            79,
            74
        ],
        [
            34,
            44,
            64,
            54,
            59,
            43
        ]
    ],
    "matching": {
        "0": 1,
        "1": 3,
        "2": 2,
        "3": 4,
        "4": 3,
        "5": 2,
        "6": 2,
        "7": 0,
        "8": 4,
        "9": 4,
        "10": 3,
        "11": 0,
        "12": 3,
        "13": 2,
        "14": 0,
        "15": 2,
        "16": 1,
        "17": 1,
        "18": 2,
        "19": 0,
        "20": 1,
        "21": 1,
        "22": 4,
        "23": 3,
        "24": 2,
        "25": 1,
        "26": 3,
        "27": 4,
        "28": 4,
        "29": 2,
        "30": 1,
        "31": 2,
        "32": 1,
        "33": 2,
        "34": 0,
        "35": 2,
        "36": 0,
        "37": 2,
        "38": 1,
        "39": 0,
        "40": 3,
        "41": 4,
        "42": 3,
        "43": 2,
        "44": 0,
        "45": 1,
        "46": 3,
        "47": 1,
        "48": 0,
        "49": 2,
        "50": 0,
        "51": 4,
        "52": 3,
        "53": 3,
        "54": 0,
        "55": 0,
        "56": 0,
        "57": 1,
        "58": 0,
        "59": 3,
        "60": 3,
        "61": 0,
        "62": 1,
        "63": 0,
        "64": 4,
        "65": 2,
        "66": 0,
        "67": 0,
        "68": 0,
        "69": 4,
        "70": 2,
        "71": 4,
        "72": 3,
        "73": 1,
        "74": 3,
        "75": 2,
        "76": 0,
        "77": 0,
        "78": 1,
        "79": 1,
        "80": 2,
        "81": 1,
        "82": 4,
        "83": 4,
        "84": 1,
        "85": 4,
        "86": 4,
        "87": 4,
        "88": 1,
        "89": 3,
        "90": 2,
        "91": 3,
        "92": 1
    },
    "lower_bound": 63.0
}