{
    "node_types": [
        "invoice",
        "sku",
        "zone"
    ],
    "edge_types": [
        "('invoice', 'requires', 'sku')",
        "('sku', 'located_at', 'zone')",
        "('sku', 'rev_requires', 'invoice')",
        "('zone', 'rev_located_at', 'sku')"
    ],
    "num_invoices": 30,
    "num_sku": 86,
    "num_zone": 5,
    "invoices": [
        [
            63,
            44,
            57,
            5,
            47,
            3,
            32,
            81
        ],
        [
            38,
            8,
            29,
            67,
            69,
            61,
            22,
            19,
            3,
            36
        ],
        [
            39,
            43,
            1,
            49,
            27,
            19,
            73,
            74
        ],
        [
            61,
            31,
            11,
            33,
            71
        ],
        [
            12,
            56,
            43,
            69,
            28,
            72,
            31,
            27,
            60,
            13
        ],
        [
            28,
            40,
            9,
            16,
            40,
            64,
            79,
            30,
            65,
            5
        ],
        [
            35,
            42,
            2,
            72,
            58,
            29,
            2,
            55,
            85,
            15,
            21
        ],
        [
            46,
            49,
            42,
            51,
            34,
            32,
            68,
            0,
            52,
            44
        ],
        [
            21,
            82,
            82,
            48,
            0
        ],
        [
            42,
            11,
            7,
            54,
            9,
            26,
            6,
            78
        ],
        [
            37,
            83,
            78,
            4,
            74,
            57,
            68
        ],
        [
            48,
            59,
            46,
            44,
            84,
            58
        ],
        [
            29,
            32,
            53,
            66,
            18,
            36,
            53,
            45,
            79,
            1,
            76
        ],
        [
            10,
            38,
            70,
            82,
            15,
            23,
            7,
            62
        ],
        [
            83,
            24,
            44,
            17,
            5,
            52,
            65,
            9,
            56,
            70
        ],
        [
            70,
            10,
            81,
            8,
            36,
            2,
            10,
            20,
            51,
            0
        ],
        [
            37,
            6,
            38,
            57,
            43,
            62,
            28,
            12,
            4,
            79,
            40,
            3
        ],
        [
            14,
            67,
            42,
            70,
            14,
            35,
            82,
            30,
            9
        ],
        [
            41,
            22,
            39,
            65,
            45,
            35,
            77,
            4,
            20,
            54
        ],
        [
            54,
            17,
            77,
            75,
            84,
            47,
            2,
            75
        ],
        [
            59,
            3,
            74,
            74,
            32,
            60,
            16,
            25,
            10,
            17,
            77,
            36
        ],
        [
            73,
            25,
            26,
            30,
            75,
            61,
            75,
            41,
            79,
            21,
            39,
            63,
            55,
            27
        ],
        [
            72,
            58
        ],
        [
            5,
            29,
            77,
            50,
            14,
            12,
            37,
            8,
            13,
            48
        ],
        [
            6,
            51,
            78,
            61,
            66,
            21,
            64
        ],
        [
            13,
            23,
            11,
            34,
            11,
            50,
            53,
            40,
            80
        ],
        [
            48,
            47,
            6,
            85,
            24,
            69,
            57,
            78,
            24,
            37
        ],
        [
            18,
            67,
            25,
            33,
            34,
            33,
            73,
            45
        ],
        [
            55,
            76,
            80,
            51,
            45
        ],
        [
            65,
            27,
            66,
            68,
            80,
            71
        ]
    ],
    "matching": {
        "0": 2,
        "1": 3,
        "2": 3,
        "3": 2,
        "4": 4,
        "5": 3,
        "6": 4,
        "7": 1,
        "8": 1,
        "9": 2,
        "10": 0,
        "11": 1,
        "12": 0,
        "13": 1,
        "14": 2,
        "15": 3,
        "16": 1,
        "17": 1,
        "18": 0,
        "19": 1,
        "20": 2,
        "21": 4,
        "22": 2,
        "23": 1,
        "24": 4,
        "25": 1,
        "26": 2,
        "27": 0,
        "28": 0,
        "29": 1,
        "30": 2,
        "31": 2,
        "32": 4,
        "33": 0,
        "34": 0,
        "35": 0,
        "36": 3,
        "37": 1,
        "38": 4,
        "39": 0,
        "40": 1,
        "41": 4,
        "42": 3,
        "43": 0,
        "44": 0,
        "45": 0,
        "46": 4,
        "47": 0,
        "48": 0,
        "49": 2,
        "50": 4,
        "51": 3,
        "52": 4,
        "53": 4,
        "54": 0,
        "55": 4,
        "56": 3,
        "57": 2,
        "58": 4,
        "59": 0,
        "60": 2,
        "61": 2,
        "62": 3,
        "63": 2,
        "64": 2,
        "65": 1,
        "66": 2,
        "67": 0,
        "68": 0,
        "69": 1,
        "70": 4,
        "71": 3,
        "72": 3,
        "73": 1,
        "74": 4,
        "75": 4,
        "76": 0,
        "77": 2,
        "78": 2,
        "79": 0,
        "80": 3,
        "81": 4,
        "82": 1,
        "83": 4,
        "84": 2,
        "85": 3
    },
    "lower_bound": 54.0
}