{
    "node_types": [
        "invoice",
        "sku",
        "zone"
    ],
    "edge_types": [
        "('invoice', 'requires', 'sku')",
        "('sku', 'located_at', 'zone')",
        "('sku', 'rev_requires', 'invoice')",
        "('zone', 'rev_located_at', 'sku')"
    ],
    "num_invoices": 30,
    "num_sku": 83,
    "num_zone": 5,
    "invoices": [
        [
            41,
            75,
            14,
            63,
            2,
            42,
            59,
            50,
            39
        ],
        [
            75,
            3,
            72,
            59,
            15,
            66,
            45
        ],
        [
            34,
            31,
            27,
            23,
            31,
            52,
            57
        ],
        [
            33,
            79,
            30,
            10,
            13,
            53,
            54,
            54
        ],
        [
            81,
            43,
            25,
            63,
            31,
            36,
            45,
            21,
            80,
            24,
            43,
            30,
            60,
            38,
            73
        ],
        [
            33,
            59,
            38,
            60,
            79,
            22,
            5,
            18
        ],
        [
            3,
            0,
            80,
            74,
            62
        ],
        [
            40,
            4,
            61,
            49,
            35,
            58,
            4
        ],
        [
            64,
            39,
            57,
            45,
            78,
            30
        ],
        [
            29,
            66,
            73,
            78,
            49,
            2,
            69,
            26
        ],
        [
            79,
            60,
            26,
            48,
            46,
            76,
            73,
            68,
            58,
            52,
            36,
            65,
            28,
            70
        ],
        [
            78,
            25,
            27,
            15,
            28,
            44,
            9,
            49,
            41,
            72
        ],
        [
            40,
            21,
            0,
            28,
            74,
            74
        ],
        [
            70,
            31,
            32,
            36,
            21
        ],
        [
            4,
            66,
            42,
            8,
            50,
            32,
            23
        ],
        [
            1,
            57,
            82,
            58,
            51,
            23,
            64,
            18,
            51
        ],
        [
            52,
            72,
            69,
            7,
            17,
            76
        ],
        [
            56,
            61,
            7,
            20,
            62,
            47,
            1
        ],
        [
            9,
            24,
            18,
            35
        ],
        [
            56,
            29,
            54,
            42,
            68,
            25,
            24,
            12,
            55,
            37
        ],
        [
            67,
            11,
            40,
            59,
            73,
            70,
            33,
            22,
            82
        ],
        [
            74,
            44,
            23,
            14,
            76
        ],
        [
            82,
            63,
            10,
            81,
            49,
            8,
            77,
            42,
            56,
            11,
            13,
            44,
            34,
            21
        ],
        [
            67,
            77,
            64,
            45,
            10,
            47,
            29,
            38,
            37
        ],
        [
            53,
            5,
            55,
            25,
            19,
            22,
            32,
            19,
            53,
            15,
            35,
            61,
            53,
            65,
            5,
            6,
            43
        ],
        [
            19,
            71,
            58,
            40,
            34,
            71,
            3,
            22
        ],
        [
            9,
            46,
            1,
            20,
            15,
            51,
            24
        ],
        [
            27,
            71,
            80,
            14,
            17,
            62,
            4,
            6,
            81,
            70,
            16
        ],
        [
            62,
            78,
            48,
            77,
            32,
            71,
            13,
            69,
            65
        ],
        [
            55,
            12,
            16,
            65,
            52,
            56,
            5,
            7,
            46,
            19
        ]
    ],
    "matching": {
        "0": 4,
        "1": 3,
        "2": 3,
        "3": 4,
        "4": 3,
        "5": 0,
        "6": 1,
        "7": 1,
        "8": 3,
        "9": 4,
        "10": 4,
        "11": 3,
        "12": 3,
        "13": 3,
        "14": 1,
        "15": 2,
        "16": 2,
        "17": 4,
        "18": 4,
        "19": 2,
        "20": 4,
        "21": 2,
        "22": 3,
        "23": 0,
        "24": 2,
        "25": 2,
        "26": 1,
        "27": 0,
        "28": 2,
        "29": 0,
        "30": 3,
        "31": 2,
        "32": 4,
        "33": 4,
        "34": 4,
        "35": 3,
        "36": 3,
        "37": 1,
        "38": 3,
        "39": 1,
        "40": 1,
        "41": 4,
        "42": 2,
        "43": 4,
        "44": 3,
        "45": 0,
        "46": 1,
        "47": 1,
        "48": 0,
        "49": 3,
        "50": 4,
        "51": 0,
        "52": 3,
        "53": 0,
        "54": 2,
        "55": 2,
        "56": 0,
        "57": 0,
        "58": 4,
        "59": 0,
        "60": 2,
        "61": 1,
        "62": 0,
        "63": 4,
        "64": 1,
        "65": 2,
        "66": 0,
        "67": 0,
        "68": 3,
        "69": 3,
        "70": 2,
        "71": 4,
        "72": 2,
        "73": 0,
        "74": 4,
        "75": 3,
        "76": 2,
        "77": 4,
        "78": 2,
        "79": 2,
        "80": 2,
        "81": 0,
        "82": 0
    },
    "lower_bound": 63.0
}