{
    "node_types": [
        "invoice",
        "sku",
        "zone"
    ],
    "edge_types": [
        "('invoice', 'requires', 'sku')",
        "('sku', 'located_at', 'zone')",
        "('sku', 'rev_requires', 'invoice')",
        "('zone', 'rev_located_at', 'sku')"
    ],
    "num_invoices": 28,
    "num_sku": 77,
    "num_zone": 5,
    "invoices": [
        [
            21,
            46,
            0,
            58,
            1,
            11,
            48
        ],
        [
            37,
            61,
            62,
            52,
            17,
            30,
            76,
            44,
            10,
            56,
            37
        ],
        [
            34,
            43,
            69,
            74,
            25,
            76,
            48,
            40,
            41
        ],
        [
            50,
            52,
            56,
            3,
            9,
            29
        ],
        [
            49,
            72,
            25,
            5,
            22
        ],
        [
            52,
            74,
            44,
            19,
            62
        ],
        [
            23,
            40,
            30,
            6,
            58,
            18,
            72,
            55
        ],
        [
            70,
            51,
            8,
            1,
            54,
            62,
            18,
            10,
            40,
            11,
            61,
            17,
            47,
            32,
            64,
            68
        ],
        [
            65,
            63,
            39,
            25,
            53,
            24,
            51,
            36,
            0,
            8,
            45,
            32,
            65,
            4,
            3
        ],
        [
            16,
            72,
            34,
            28,
            54,
            31,
            28,
            16,
            56,
            57
        ],
        [
            66,
            76,
            47,
            60,
            7,
            2,
            26,
            29,
            2,
            9,
            68,
            34,
            41
        ],
        [
            24,
            37,
            22,
            44,
            26,
            56,
            37,
            9
        ],
        [
            0,
            46,
            35,
            22,
            23,
            59,
            39,
            38,
            20
        ],
        [
            54,
            49,
            20,
            59,
            12,
            16,
            74,
            29,
            6,
            45,
            67,
            71,
            6,
            38
        ],
        [
            63,
            31,
            20,
            21,
            73,
            57,
            63
        ],
        [
            35,
            76,
            17,
            60,
            50,
            26,
            71,
            27,
            70,
            61,
            62
        ],
        [
            43,
            13,
            53,
            73,
            75,
            72,
            34,
            50
        ],
        [
            39,
            38,
            12,
            17,
            5
        ],
        [
            55,
            65,
            61,
            15,
            55,
            43,
            16
        ],
        [
            39,
            75,
            36,
            25,
            0,
            38,
            5,
            13
        ],
        [
            13,
            26,
            20,
            73
        ],
        [
            35,
            4,
            33,
            53,
            13,
            71,
            40,
            22
        ],
        [
            42,
            45,
            45,
            59,
            14,
            59,
            2,
            18
        ],
        [
            48,
            64,
            70,
            42,
            63,
            67,
            3,
            52
        ],
        [
            36,
            68,
            5,
            24,
            57,
            70,
            71,
            15
        ],
        [
            33,
            7,
            15,
            12,
            14,
            44
        ],
        [
            27,
            19,
            66,
            69
        ],
        [
            2,
            32,
            14,
            75,
            75,
            46
        ]
    ],
    "matching": {
        "0": 4,
        "1": 1,
        "2": 0,
        "3": 0,
        "4": 3,
        "5": 1,
        "6": 1,
        "7": 2,
        "8": 3,
        "9": 3,
        "10": 4,
        "11": 3,
        "12": 1,
        "13": 0,
        "14": 4,
        "15": 1,
        "16": 3,
        "17": 0,
        "18": 0,
        "19": 3,
        "20": 0,
        "21": 1,
        "22": 2,
        "23": 1,
        "24": 1,
        "25": 0,
        "26": 4,
        "27": 3,
        "28": 4,
        "29": 2,
        "30": 2,
        "31": 1,
        "32": 2,
        "33": 3,
        "34": 3,
        "35": 2,
        "36": 3,
        "37": 3,
        "38": 4,
        "39": 0,
        "40": 1,
        "41": 0,
        "42": 2,
        "43": 2,
        "44": 3,
        "45": 4,
        "46": 2,
        "47": 0,
        "48": 4,
        "49": 0,
        "50": 1,
        "51": 1,
        "52": 2,
        "53": 1,
        "54": 4,
        "55": 3,
        "56": 2,
        "57": 1,
        "58": 1,
        "59": 4,
        "60": 2,
        "61": 4,
        "62": 2,
        "63": 0,
        "64": 4,
        "65": 4,
        "66": 4,
        "67": 3,
        "68": 2,
        "69": 4,
        "70": 0,
        "71": 3,
        "72": 1,
        "73": 2,
        "74": 1,
        "75": 0,
        "76": 1
    },
    "lower_bound": 60.0
}