{
    "node_types": [
        "invoice",
        "sku",
        "zone"
    ],
    "edge_types": [
        "('invoice', 'requires', 'sku')",
        "('sku', 'located_at', 'zone')",
        "('sku', 'rev_requires', 'invoice')",
        "('zone', 'rev_located_at', 'sku')"
    ],
    "num_invoices": 26,
    "num_sku": 74,
    "num_zone": 5,
    "invoices": [
        [
            70,
            71,
            36,
            17,
            59,
            41,
            3,
            58,
            71,
            61,
            66
        ],
        [
            49,
            22,
            54,
            6,
            60,
            46,
            39
        ],
        [
            32,
            25,
            72,
            58,
            32,
            67,
            3
        ],
        [
            17,
            59,
            47,
            68,
            40,
            57,
            42,
            2,
            39,
            63,
            10,
            59,
            63,
            41,
            40,
            66,
            65
        ],
        [
            35,
            23,
            21,
            21,
            4,
            57,
            71
        ],
        [
            56,
            13,
            4,
            56,
            59,
            57,
            29,
            64,
            44
        ],
        [
            70,
            32,
            55,
            20,
            12,
            7
        ],
        [
            58,
            33,
            37,
            64,
            43,
            25,
            22,
            47,
            47,
            10
        ],
        [
            19,
            51,
            61,
            50,
            26,
            18,
            31
        ],
        [
            62,
            54,
            29,
            30,
            63,
            0
        ],
        [
            57,
            69,
            66,
            7,
            62,
            14,
            28,
            16
        ],
        [
            73,
            26,
            55,
            69,
            52,
            55
        ],
        [
            68,
            73,
            33,
            55,
            26,
            9,
            36,
            58
        ],
        [
            60,
            39,
            72,
            45,
            4,
            48,
            72,
            27
        ],
        [
            61,
            52,
            28,
            1,
            18,
            65,
            45,
            54,
            18,
            43
        ],
        [
            44,
            2,
            5,
            35,
            46,
            68,
            53,
            52,
            14
        ],
        [
            42,
            7,
            41,
            19,
            38,
            48,
            37
        ],
        [
            50,
            15,
            11,
            49,
            11,
            33
        ],
        [
            53,
            24,
            43,
            52,
            9,
            0,
            21
        ],
        [
            56,
            3,
            11,
            34
        ],
        [
            24,
            35,
            39,
            16,
            8,
            44,
            22
        ],
        [
            53,
            12,
            38,
            71,
            34,
            12,
            64,
            15,
            14,
            24
        ],
        [
            17,
            40,
            65,
            12,
            61,
            70,
            7,
            48,
            31,
            23,
            25,
            54
        ],
        [
            46,
            51,
            13,
            5,
            26,
            41,
            63,
            30,
            14,
            69
        ],
        [
            43,
            64,
            67,
            70,
            27,
            45,
            38,
            62,
            28
        ],
        [
            3,
            17,
            6,
            1,
            46,
            6,
            34,
            11,
            20,
            53,
            8,
            0
        ]
    ],
    "matching": {
        "0": 4,
        "1": 4,
        "2": 4,
        "3": 3,
        "4": 0,
        "5": 3,
        "6": 1,
        "7": 2,
        "8": 0,
        "9": 1,
        "10": 3,
        "11": 1,
        "12": 3,
        "13": 3,
        "14": 1,
        "15": 1,
        "16": 4,
        "17": 2,
        "18": 4,
        "19": 1,
        "20": 3,
        "21": 1,
        "22": 2,
        "23": 1,
        "24": 2,
        "25": 0,
        "26": 2,
        "27": 3,
        "28": 3,
        "29": 2,
        "30": 1,
        "31": 0,
        "32": 2,
        "33": 4,
        "34": 4,
        "35": 4,
        "36": 2,
        "37": 2,
        "38": 1,
        "39": 3,
        "40": 2,
        "41": 1,
        "42": 3,
        "43": 1,
        "44": 0,
        "45": 4,
        "46": 3,
        "47": 0,
        "48": 4,
        "49": 4,
        "50": 3,
        "51": 3,
        "52": 0,
        "53": 0,
        "54": 0,
        "55": 0,
        "56": 2,
        "57": 0,
        "58": 4,
        "59": 3,
        "60": 0,
        "61": 1,
        "62": 4,
        "63": 2,
        "64": 4,
        "65": 4,
        "66": 2,
        "67": 3,
        "68": 4,
        "69": 0,
        "70": 4,
        "71": 2,
        "72": 4,
        "73": 3
    },
    "lower_bound": 63.0
}