{
    "node_types": [
        "invoice",
        "sku",
        "zone"
    ],
    "edge_types": [
        "('invoice', 'requires', 'sku')",
        "('sku', 'located_at', 'zone')",
        "('sku', 'rev_requires', 'invoice')",
        "('zone', 'rev_located_at', 'sku')"
    ],
    "num_invoices": 30,
    "num_sku": 61,
    "num_zone": 5,
    "invoices": [
        [
            26
        ],
        [
            30,
            28,
            2,
            41
        ],
        [
            1,
            58,
            57,
            46,
            19,
            6,
            40,
            10
        ],
        [
            3,
            13,
            58
        ],
        [
            6,
            16,
            43
        ],
        [
            25,
            22,
            42,
            33,
            1
        ],
        [
            24,
            2,
            42,
            54
        ],
        [
            36,
            58,
            15,
            13,
            4,
            11,
            44
        ],
        [
            5,
            46,
            48,
            43,
            5,
            49,
            40,
            7,
            34
        ],
        [
            54,
            59,
            39,
            29,
            8,
            17
        ],
        [
            47,
            12,
            12,
            42,
            45,
            18,
            23,
            9
        ],
        [
            50,
            10,
            3,
            49,
            47
        ],
        [
            51,
            30,
            56
        ],
        [
            26,
            30
        ],
        [
            35,
            56,
            18,
            27,
            59,
            27,
            45,
            19,
            38
        ],
        [
            22,
            37,
            29,
            48
        ],
        [
            37,
            45,
            23,
            0,
            44
        ],
        [
            31,
            47,
            58,
            51,
            56,
            13
        ],
        [
            46,
            20,
            52,
            55,
            14
        ],
        [
            42,
            60,
            20,
            11,
            23,
            32,
            17
        ],
        [
            44,
            34,
            30,
            53,
            46
        ],
        [
            25,
            40,
            60,
            33,
            39,
            16,
            35,
            27,
            32,
            34
        ],
        [
            24,
            7,
            26,
            38,
            13,
            37,
            0
        ],
        [
            40,
            3,
            21,
            26,
            9,
            16
        ],
        [
            22,
            2,
            6,
            29,
            21,
            60,
            14
        ],
        [
            44,
            57,
            25,
            41
        ],
        [
            52,
            57,
            0,
            45,
            37
        ],
        [
            23,
            4,
            15
        ],
        [
            8,
            41,
            35,
            53,
            50,
            55,
            43,
            28,
            3,
            56,
            0
        ],
        [
            27,
            51,
            36,
            31
        ]
    ],
    "matching": {
        "0": 4,
        "1": 3,
        "2": 3,
        "3": 2,
        "4": 4,
        "5": 4,
        "6": 4,
        "7": 3,
        "8": 0,
        "9": 1,
        "10": 1,
        "11": 2,
        "12": 2,
        "13": 3,
        "14": 0,
        "15": 0,
        "16": 2,
        "17": 1,
        "18": 4,
        "19": 0,
        "20": 0,
        "21": 4,
        "22": 3,
        "23": 3,
        "24": 0,
        "25": 0,
        "26": 2,
        "27": 3,
        "28": 4,
        "29": 4,
        "30": 3,
        "31": 2,
        "32": 3,
        "33": 1,
        "34": 0,
        "35": 0,
        "36": 1,
        "37": 2,
        "38": 4,
        "39": 1,
        "40": 1,
        "41": 0,
        "42": 0,
        "43": 3,
        "44": 3,
        "45": 3,
        "46": 2,
        "47": 2,
        "48": 2,
        "49": 2,
        "50": 4,
        "51": 1,
        "52": 2,
        "53": 3,
        "54": 2,
        "55": 4,
        "56": 3,
        "57": 3,
        "58": 3,
        "59": 0,
        "60": 1
    },
    "lower_bound": 45.0
}