{
    "node_types": [
        "invoice",
        "sku",
        "zone"
    ],
    "edge_types": [
        "('invoice', 'requires', 'sku')",
        "('sku', 'located_at', 'zone')",
        "('sku', 'rev_requires', 'invoice')",
        "('zone', 'rev_located_at', 'sku')"
    ],
    "num_invoices": 33,
    "num_sku": 73,
    "num_zone": 5,
    "invoices": [
        [
            54,
            35,
            42,
            1,
            65,
            57
        ],
        [
            33,
            41,
            57,
            14
        ],
        [
            20,
            66,
            11,
            55,
            53,
            38,
            38
        ],
        [
            4,
            38,
            47,
            44,
            43,
            8
        ],
        [
            28,
            11,
            37,
            55,
            26,
            16
        ],
        [
            64,
            5,
            2,
            0,
            34
        ],
        [
            9,
            67,
            34
        ],
        [
            36,
            22,
            15,
            69,
            3,
            36,
            37
        ],
        [
            39,
            6,
            13,
            14,
            35,
            25,
            70,
            23,
            14
        ],
        [
            64,
            4,
            4,
            20
        ],
        [
            5,
            18,
            72,
            60
        ],
        [
            28,
            52,
            68,
            5,
            19,
            69
        ],
        [
            63,
            41
        ],
        [
            53,
            44,
            42,
            28,
            66,
            46,
            23,
            62,
            65,
            53,
            62,
            30,
            1,
            43,
            4
        ],
        [
            2,
            54,
            61,
            37,
            66,
            51,
            59
        ],
        [
            56,
            12,
            19,
            58,
            50,
            33,
            61
        ],
        [
            21,
            45,
            46,
            56,
            55,
            29,
            52
        ],
        [
            6,
            60,
            3,
            36,
            50,
            54,
            48,
            12
        ],
        [
            68,
            12
        ],
        [
            27,
            15,
            40,
            30,
            37,
            11,
            1
        ],
        [
            1,
            5,
            19,
            60,
            32,
            58,
            40,
            28
        ],
        [
            27,
            0,
            41,
            16,
            45,
            2,
            70,
            26
        ],
        [
            10,
            7,
            31,
            43,
            63,
            29,
            67
        ],
        [
            63
        ],
        [
            68,
            32,
            7,
            63,
            70,
            59
        ],
        [
            35,
            71,
            10,
            32,
            9,
            15,
            6,
            53,
            35,
            36,
            46
        ],
        [
            12,
            49,
            65,
            22,
            64,
            33,
            33,
            39,
            0
        ],
        [
            7,
            29,
            13,
            20,
            48,
            41,
            26,
            58
        ],
        [
            24,
            60,
            47,
            57,
            31,
            52,
            24,
            13,
            17,
            21,
            42
        ],
        [
            54,
            64,
            15,
            45,
            52,
            72,
            20,
            43,
            0
        ],
        [
            19,
            9,
            66,
            71,
            56,
            49
        ],
        [
            18,
            25,
            17,
            68,
            27
        ],
        [
            72,
            51,
            8,
            48,
            14,
            48
        ]
    ],
    "matching": {
        "0": 3,
        "1": 3,
        "2": 3,
        "3": 0,
        "4": 4,
        "5": 1,
        "6": 2,
        "7": 1,
        "8": 2,
        "9": 2,
        "10": 4,
        "11": 4,
        "12": 0,
        "13": 4,
        "14": 1,
        "15": 2,
        "16": 0,
        "17": 2,
        "18": 4,
        "19": 2,
        "20": 4,
        "21": 1,
        "22": 1,
        "23": 3,
        "24": 1,
        "25": 4,
        "26": 4,
        "27": 4,
        "28": 0,
        "29": 4,
        "30": 4,
        "31": 2,
        "32": 1,
        "33": 3,
        "34": 0,
        "35": 2,
        "36": 1,
        "37": 1,
        "38": 2,
        "39": 3,
        "40": 2,
        "41": 3,
        "42": 0,
        "43": 4,
        "44": 4,
        "45": 1,
        "46": 0,
        "47": 3,
        "48": 2,
        "49": 2,
        "50": 4,
        "51": 2,
        "52": 0,
        "53": 0,
        "54": 1,
        "55": 3,
        "56": 4,
        "57": 0,
        "58": 1,
        "59": 1,
        "60": 4,
        "61": 2,
        "62": 2,
        "63": 4,
        "64": 3,
        "65": 1,
        "66": 2,
        "67": 1,
        "68": 0,
        "69": 0,
        "70": 4,
        "71": 3,
        "72": 0
    },
    "lower_bound": 57.0
}