{
    "node_types": [
        "invoice",
        "sku",
        "zone"
    ],
    "edge_types": [
        "('invoice', 'requires', 'sku')",
        "('sku', 'located_at', 'zone')",
        "('sku', 'rev_requires', 'invoice')",
        "('zone', 'rev_located_at', 'sku')"
    ],
    "num_invoices": 26,
    "num_sku": 70,
    "num_zone": 5,
    "invoices": [
        [
            4,
            34,
            49,
            55,
            3,
            64,
            46,
            8,
            54,
            3,
            43,
            9
        ],
        [
            24,
            1,
            39,
            42,
            48,
            45,
            8,
            15,
            6,
            41,
            19,
            42,
            56
        ],
        [
            17,
            2,
            38,
            44,
            0
        ],
        [
            37,
            12,
            10,
            18,
            31,
            15,
            43
        ],
        [
            48,
            66,
            34,
            64,
            28,
            61,
            27,
            2,
            38
        ],
        [
            63,
            23,
            12,
            25,
            54,
            42,
            29,
            20,
            65
        ],
        [
            1,
            13,
            50,
            37,
            7,
            4
        ],
        [
            29,
            13,
            36,
            53,
            67,
            30,
            48,
            21,
            11,
            13,
            3,
            40
        ],
        [
            28,
            62,
            18,
            44,
            14,
            9,
            33
        ],
        [
            23,
            29,
            20,
            52,
            59,
            63,
            67,
            12,
            7,
            21,
            36,
            10,
            26
        ],
        [
            41,
            69,
            15,
            35,
            63
        ],
        [
            63,
            15,
            36,
            25,
            14,
            35,
            45,
            59
        ],
        [
            1,
            67,
            45,
            27,
            14,
            35,
            17
        ],
        [
            18,
            50,
            34,
            60,
            26,
            54,
            16
        ],
        [
            56,
            3,
            35,
            28,
            31,
            17,
            14
        ],
        [
            19,
            42,
            66,
            65,
            28,
            49,
            43
        ],
        [
            6,
            52,
            23,
            58,
            2,
            22
        ],
        [
            29,
            62,
            38,
            50,
            59,
            47,
            2
        ],
        [
            51,
            49,
            47,
            16,
            57,
            61,
            60,
            57
        ],
        [
            26,
            43,
            21,
            66,
            56,
            17,
            60,
            48
        ],
        [
            58,
            46,
            68,
            25,
            32,
            36,
            18,
            22,
            51,
            62,
            0
        ],
        [
            39,
            50,
            68,
            24,
            60,
            69,
            22,
            32,
            41,
            13,
            4
        ],
        [
            31,
            5,
            22,
            52
        ],
        [
            33,
            9,
            53,
            24,
            5,
            40,
            55,
            11
        ],
        [
            58,
            38,
            56,
            30,
            30,
            59
        ],
        [
            67,
            49,
            30,
            25,
            4,
            31,
            33,
            47,
            8,
            57,
            11
        ]
    ],
    "matching": {
        "0": 1,
        "1": 2,
        "2": 4,
        "3": 3,
        "4": 2,
        "5": 0,
        "6": 1,
        "7": 3,
        "8": 3,
        "9": 0,
        "10": 2,
        "11": 2,
        "12": 3,
        "13": 4,
        "14": 2,
        "15": 2,
        "16": 4,
        "17": 4,
        "18": 0,
        "19": 2,
        "20": 4,
        "21": 0,
        "22": 2,
        "23": 2,
        "24": 3,
        "25": 3,
        "26": 2,
        "27": 0,
        "28": 0,
        "29": 2,
        "30": 2,
        "31": 2,
        "32": 0,
        "33": 1,
        "34": 2,
        "35": 2,
        "36": 3,
        "37": 1,
        "38": 2,
        "39": 2,
        "40": 0,
        "41": 1,
        "42": 1,
        "43": 2,
        "44": 1,
        "45": 1,
        "46": 2,
        "47": 3,
        "48": 0,
        "49": 4,
        "50": 0,
        "51": 3,
        "52": 4,
        "53": 0,
        "54": 2,
        "55": 1,
        "56": 4,
        "57": 3,
        "58": 3,
        "59": 0,
        "60": 4,
        "61": 0,
        "62": 2,
        "63": 0,
        "64": 3,
        "65": 0,
        "66": 2,
        "67": 4,
        "68": 4,
        "69": 1
    },
    "lower_bound": 51.0
}