{
    "node_types": [
        "invoice",
        "sku",
        "zone"
    ],
    "edge_types": [
        "('invoice', 'requires', 'sku')",
        "('sku', 'located_at', 'zone')",
        "('sku', 'rev_requires', 'invoice')",
        "('zone', 'rev_located_at', 'sku')"
    ],
    "num_invoices": 35,
    "num_sku": 99,
    "num_zone": 5,
    "invoices": [
        [
            24,
            96,
            37,
            59,
            0,
            64,
            75,
            8,
            39
        ],
        [
            5,
            86,
            24,
            76,
            23,
            98,
            96
        ],
        [
            22,
            3,
            20,
            53,
            91,
            80,
            47,
            11,
            58,
            64
        ],
        [
            4,
            36,
            21,
            70,
            43,
            17,
            12
        ],
        [
            14,
            15
        ],
        [
            83,
            52,
            82,
            0,
            38,
            73,
            26,
            2,
            50,
            65,
            63
        ],
        [
            34,
            78,
            55,
            92,
            43,
            42
        ],
        [
            92,
            68,
            90,
            45,
            56,
            80,
            54,
            51
        ],
        [
            42,
            38,
            21,
            54,
            96,
            58,
            33,
            51,
            34,
            72,
            76,
            31
        ],
        [
            48,
            42,
            91,
            89,
            20,
            24,
            89,
            64,
            60,
            50,
            19,
            47
        ],
        [
            28,
            25,
            31,
            60,
            6,
            16,
            61,
            76
        ],
        [
            25,
            56,
            95,
            44,
            83,
            57,
            85,
            84,
            92,
            62
        ],
        [
            51,
            95,
            5,
            67,
            28,
            87
        ],
        [
            97,
            74,
            90,
            32,
            25,
            8
        ],
        [
            72,
            46,
            35,
            71,
            21,
            18,
            29,
            22
        ],
        [
            67,
            10,
            82,
            69,
            34,
            73,
            36,
            91,
            88,
            35,
            36,
            78,
            78
        ],
        [
            79,
            62,
            35,
            77,
            49,
            68,
            4
        ],
        [
            62,
            33,
            50,
            18,
            70
        ],
        [
            13,
            97,
            22,
            2,
            92,
            54
        ],
        [
            6,
            53,
            85,
            13,
            37,
            55,
            63,
            93,
            15,
            93
        ],
        [
            47,
            4,
            1,
            73,
            71,
            17,
            57
        ],
        [
            46,
            61,
            75,
            74,
            9,
            58,
            42
        ],
        [
            44,
            14,
            44,
            8,
            39,
            53,
            7,
            61,
            86,
            93
        ],
        [
            85,
            58
        ],
        [
            9,
            40,
            77,
            82,
            43,
            98,
            0,
            78,
            36,
            94,
            98
        ],
        [
            80,
            88,
            1,
            11,
            66,
            90,
            45
        ],
        [
            25,
            28,
            95,
            94,
            46,
            30,
            64,
            47,
            7,
            12
        ],
        [
            84,
            59,
            8,
            63,
            27,
            48,
            48,
            41,
            29,
            95,
            17,
            93,
            73
        ],
        [
            81,
            27,
            17,
            85,
            26,
            32,
            87,
            52,
            19
        ],
        [
            53,
            30,
            50,
            89,
            19,
            19,
            71,
            90,
            48
        ],
        [
            38,
            46,
            94,
            60,
            3,
            76,
            40,
            71,
            57
        ],
        [
            29,
            68,
            3,
            96,
            16,
            72
        ],
        [
            30,
            65,
            49,
            1,
            41
        ],
        [
            87,
            23,
            79,
            70,
            10,
            81
        ],
        [
            69,
            15,
            66,
            70,
            21
        ]
    ],
    "matching": {
        "0": 3,
        "1": 2,
        "2": 2,
        "3": 0,
        "4": 1,
        "5": 4,
        "6": 1,
        "7": 1,
        "8": 1,
        "9": 4,
        "10": 4,
        "11": 4,
        "12": 4,
        "13": 3,
        "14": 3,
        "15": 0,
        "16": 0,
        "17": 0,
        "18": 1,
        "19": 1,
        "20": 4,
        "21": 0,
        "22": 3,
        "23": 3,
        "24": 0,
        "25": 0,
        "26": 3,
        "27": 1,
        "28": 4,
        "29": 4,
        "30": 1,
        "31": 1,
        "32": 2,
        "33": 2,
        "34": 4,
        "35": 2,
        "36": 2,
        "37": 3,
        "38": 3,
        "39": 0,
        "40": 0,
        "41": 3,
        "42": 1,
        "43": 2,
        "44": 0,
        "45": 0,
        "46": 4,
        "47": 0,
        "48": 2,
        "49": 4,
        "50": 0,
        "51": 2,
        "52": 1,
        "53": 0,
        "54": 2,
        "55": 3,
        "56": 2,
        "57": 4,
        "58": 1,
        "59": 2,
        "60": 3,
        "61": 3,
        "62": 3,
        "63": 1,
        "64": 4,
        "65": 4,
        "66": 3,
        "67": 4,
        "68": 3,
        "69": 3,
        "70": 3,
        "71": 0,
        "72": 4,
        "73": 2,
        "74": 3,
        "75": 2,
        "76": 1,
        "77": 3,
        "78": 4,
        "79": 3,
        "80": 3,
        "81": 4,
        "82": 0,
        "83": 2,
        "84": 0,
        "85": 2,
        "86": 3,
        "87": 4,
        "88": 2,
        "89": 0,
        "90": 0,
        "91": 3,
        "92": 4,
        "93": 3,
        "94": 1,
        "95": 3,
        "96": 1,
        "97": 3,
        "98": 2
    },
    "lower_bound": 51.0
}