{
    "node_types": [
        "invoice",
        "sku",
        "zone"
    ],
    "edge_types": [
        "('invoice', 'requires', 'sku')",
        "('sku', 'located_at', 'zone')",
        "('sku', 'rev_requires', 'invoice')",
        "('zone', 'rev_located_at', 'sku')"
    ],
    "num_invoices": 34,
    "num_sku": 87,
    "num_zone": 5,
    "invoices": [
        [
            24,
            74,
            7,
            76,
            72
        ],
        [
            5,
            54,
            46,
            0,
            71,
            16,
            80,
            86,
            40,
            51,
            32,
            32
        ],
        [
            12,
            39,
            14,
            81,
            65,
            17,
            21
        ],
        [
            20,
            26,
            43,
            9,
            63,
            67,
            11,
            36,
            16,
            77,
            10,
            40,
            21
        ],
        [
            75,
            67,
            85,
            44,
            2,
            50,
            66,
            58
        ],
        [
            12,
            68,
            55,
            17,
            49,
            70,
            51,
            16,
            4
        ],
        [
            60,
            55,
            45,
            13,
            43,
            3,
            3,
            8,
            61,
            56
        ],
        [
            53,
            81,
            48,
            18,
            75,
            37,
            51,
            5,
            73
        ],
        [
            14,
            34,
            72,
            41,
            63,
            26,
            10
        ],
        [
            42,
            73,
            19,
            25
        ],
        [
            20,
            59,
            60,
            67,
            10,
            29,
            38,
            62
        ],
        [
            15,
            4,
            56,
            60,
            28,
            78,
            7,
            54,
            64,
            16,
            74
        ],
        [
            19,
            71,
            83,
            35,
            45,
            41,
            33,
            21,
            40,
            50
        ],
        [
            44,
            48,
            24,
            73
        ],
        [
            12,
            56,
            25,
            63,
            79,
            4,
            20,
            49
        ],
        [
            29,
            47,
            6
        ],
        [
            26,
            68,
            43,
            82,
            29,
            47,
            80,
            55,
            13,
            21,
            44,
            33
        ],
        [
            52,
            29,
            65,
            15,
            25
        ],
        [
            66,
            52,
            56,
            0,
            24,
            57,
            30,
            50
        ],
        [
            75,
            32,
            34,
            46,
            41,
            41,
            77,
            22,
            3,
            35
        ],
        [
            8,
            47,
            34,
            81,
            39,
            85,
            22,
            74,
            26,
            27
        ],
        [
            64,
            59,
            58,
            84,
            0,
            86,
            31
        ],
        [
            31,
            69,
            23,
            84,
            72
        ],
        [
            14,
            63,
            2,
            74,
            45,
            36,
            55,
            65,
            9,
            31
        ],
        [
            37,
            69,
            59,
            19,
            69,
            27,
            15,
            64,
            38,
            76,
            28,
            2
        ],
        [
            18,
            66,
            25,
            28,
            34,
            40,
            82,
            23,
            23,
            42
        ],
        [
            42,
            17,
            42,
            82
        ],
        [
            45,
            1,
            7,
            70,
            60,
            83,
            46,
            5
        ],
        [
            48,
            1,
            18,
            20,
            78,
            53
        ],
        [
            71,
            6,
            30,
            4,
            7,
            3,
            5
        ],
        [
            79,
            51,
            47,
            32,
            65,
            85,
            57
        ],
        [
            62,
            58,
            64,
            81
        ],
        [
            11,
            37,
            11,
            70,
            70,
            6
        ],
        [
            61,
            57,
            24,
            68,
            71,
            75,
            39,
            18,
            59
        ]
    ],
    "matching": {
        "0": 0,
        "1": 0,
        "2": 1,
        "3": 2,
        "4": 3,
        "5": 0,
        "6": 2,
        "7": 0,
        "8": 4,
        "9": 1,
        "10": 1,
        "11": 4,
        "12": 3,
        "13": 2,
        "14": 0,
        "15": 1,
        "16": 4,
        "17": 0,
        "18": 0,
        "19": 0,
        "20": 0,
        "21": 2,
        "22": 1,
        "23": 4,
        "24": 4,
        "25": 3,
        "26": 4,
        "27": 3,
        "28": 2,
        "29": 0,
        "30": 1,
        "31": 4,
        "32": 2,
        "33": 3,
        "34": 4,
        "35": 4,
        "36": 2,
        "37": 0,
        "38": 4,
        "39": 0,
        "40": 3,
        "41": 4,
        "42": 4,
        "43": 2,
        "44": 3,
        "45": 4,
        "46": 3,
        "47": 3,
        "48": 2,
        "49": 2,
        "50": 0,
        "51": 1,
        "52": 4,
        "53": 2,
        "54": 4,
        "55": 0,
        "56": 3,
        "57": 1,
        "58": 2,
        "59": 3,
        "60": 0,
        "61": 0,
        "62": 4,
        "63": 1,
        "64": 2,
        "65": 3,
        "66": 3,
        "67": 4,
        "68": 2,
        "69": 1,
        "70": 4,
        "71": 1,
        "72": 3,
        "73": 1,
        "74": 4,
        "75": 1,
        "76": 2,
        "77": 1,
        "78": 4,
        "79": 4,
        "80": 2,
        "81": 1,
        "82": 4,
        "83": 2,
        "84": 0,
        "85": 3,
        "86": 1
    },
    "lower_bound": 51.0
}