{
    "node_types": [
        "invoice",
        "sku",
        "zone"
    ],
    "edge_types": [
        "('invoice', 'requires', 'sku')",
        "('sku', 'located_at', 'zone')",
        "('sku', 'rev_requires', 'invoice')",
        "('zone', 'rev_located_at', 'sku')"
    ],
    "num_invoices": 25,
    "num_sku": 76,
    "num_zone": 5,
    "invoices": [
        [
            42,
            19,
            55,
            50,
            35,
            72,
            62,
            56,
            54,
            17,
            26
        ],
        [
            73,
            13,
            27,
            21,
            68,
            18
        ],
        [
            47,
            22,
            60,
            38,
            8,
            17,
            10,
            32,
            73,
            35
        ],
        [
            36,
            22,
            27,
            20,
            56,
            19,
            67,
            57,
            50
        ],
        [
            70,
            49,
            52,
            58,
            66,
            38,
            53,
            53,
            38,
            70,
            3
        ],
        [
            15,
            50,
            62,
            63,
            65,
            35,
            9,
            52,
            1,
            42,
            41
        ],
        [
            36,
            71,
            10,
            61,
            51,
            54
        ],
        [
            20,
            57,
            29,
            74,
            73,
            39,
            61,
            13,
            49
        ],
        [
            26,
            7,
            6,
            56,
            42,
            7,
            47,
            57,
            67
        ],
        [
            64,
            23,
            37,
            2,
            14,
            27,
            65,
            40,
            53
        ],
        [
            40,
            17,
            10,
            71,
            64
        ],
        [
            69,
            21,
            68
        ],
        [
            50,
            31,
            38,
            7,
            63,
            59,
            48,
            75,
            64,
            6,
            55
        ],
        [
            55,
            47,
            29,
            24,
            9,
            48,
            45
        ],
        [
            70,
            6,
            72,
            8,
            45,
            39,
            1,
            36,
            15,
            46,
            60
        ],
        [
            66,
            70,
            14,
            5,
            13,
            74,
            59,
            24,
            54,
            46
        ],
        [
            28,
            3,
            46,
            31,
            45,
            6,
            22
        ],
        [
            17,
            64,
            61,
            54,
            43,
            11,
            31,
            26,
            36,
            52,
            15,
            52
        ],
        [
            69,
            41,
            44,
            4,
            49,
            32,
            39,
            1,
            56,
            23,
            66
        ],
        [
            43,
            2,
            9,
            53,
            10,
            34,
            58,
            28,
            33,
            41,
            30
        ],
        [
            48,
            31,
            69,
            7,
            75,
            8,
            16,
            37,
            37,
            59,
            26,
            28
        ],
        [
            4,
            44,
            65,
            25,
            0,
            12
        ],
        [
            57,
            41,
            20,
            55,
            51,
            21,
            71,
            13,
            66
        ],
        [
            51,
            5,
            46,
            51,
            34,
            1,
            16,
            25,
            12,
            0
        ],
        [
            21,
            18,
            30,
            75,
            15,
            29,
            11,
            33,
            73
        ]
    ],
    "matching": {
        "0": 2,
        "1": 0,
        "2": 3,
        "3": 4,
        "4": 1,
        "5": 3,
        "6": 4,
        "7": 2,
        "8": 4,
        "9": 4,
        "10": 0,
        "11": 4,
        "12": 4,
        "13": 0,
        "14": 3,
        "15": 2,
        "16": 1,
        "17": 3,
        "18": 2,
        "19": 4,
        "20": 1,
        "21": 1,
        "22": 4,
        "23": 1,
        "24": 1,
        "25": 4,
        "26": 4,
        "27": 0,
        "28": 4,
        "29": 0,
        "30": 0,
        "31": 3,
        "32": 2,
        "33": 0,
        "34": 4,
        "35": 0,
        "36": 1,
        "37": 1,
        "38": 0,
        "39": 1,
        "40": 3,
        "41": 0,
        "42": 0,
        "43": 3,
        "44": 3,
        "45": 2,
        "46": 3,
        "47": 4,
        "48": 3,
        "49": 3,
        "50": 1,
        "51": 0,
        "52": 0,
        "53": 4,
        "54": 3,
        "55": 4,
        "56": 3,
        "57": 1,
        "58": 4,
        "59": 1,
        "60": 2,
        "61": 2,
        "62": 0,
        "63": 0,
        "64": 1,
        "65": 0,
        "66": 2,
        "67": 3,
        "68": 4,
        "69": 3,
        "70": 2,
        "71": 1,
        "72": 4,
        "73": 1,
        "74": 1,
        "75": 3
    },
    "lower_bound": 48.0
}