{
    "node_types": [
        "invoice",
        "sku",
        "zone"
    ],
    "edge_types": [
        "('invoice', 'requires', 'sku')",
        "('sku', 'located_at', 'zone')",
        "('sku', 'rev_requires', 'invoice')",
        "('zone', 'rev_located_at', 'sku')"
    ],
    "num_invoices": 27,
    "num_sku": 97,
    "num_zone": 5,
    "invoices": [
        [
            91,
            21,
            80,
            4,
            34,
            48,
            30,
            91,
            64
        ],
        [
            38,
            90,
            60,
            68,
            94,
            31,
            74,
            41,
            39,
            95,
            75,
            51
        ],
        [
            36,
            23,
            93,
            88,
            3,
            55
        ],
        [
            44,
            36,
            88,
            62,
            48,
            50,
            14,
            31,
            65,
            15,
            55,
            54,
            7
        ],
        [
            15,
            89,
            92,
            34,
            0,
            11,
            38,
            48,
            43
        ],
        [
            81,
            42,
            30,
            80,
            8,
            79,
            29,
            61
        ],
        [
            37,
            56,
            6,
            38,
            14,
            2
        ],
        [
            60,
            58,
            7,
            68,
            2,
            32,
            18,
            45
        ],
        [
            52,
            72,
            27,
            32,
            63,
            30,
            15,
            50,
            21,
            89,
            20
        ],
        [
            20,
            61,
            63,
            15,
            1,
            52,
            72,
            60,
            88,
            77,
            45,
            84
        ],
        [
            37,
            67,
            36,
            5,
            43,
            35,
            60,
            82,
            38,
            71,
            37,
            41,
            40,
            16,
            58,
            39
        ],
        [
            65,
            53,
            31,
            43,
            70,
            12,
            23,
            63,
            49,
            71,
            95,
            22,
            58
        ],
        [
            78,
            4,
            49,
            6,
            10,
            11,
            9,
            62,
            49,
            56,
            25,
            78,
            33,
            19
        ],
        [
            72,
            54,
            4,
            11,
            69,
            26,
            14,
            44,
            69,
            84,
            81,
            40,
            9
        ],
        [
            69,
            74,
            40,
            6,
            24,
            65,
            75,
            47
        ],
        [
            29,
            18,
            23,
            73,
            40,
            27,
            8,
            0,
            86,
            22,
            92,
            25
        ],
        [
            59,
            10,
            1,
            32,
            42,
            89,
            70,
            51,
            83,
            46,
            18,
            46,
            51
        ],
        [
            29,
            92,
            16,
            19,
            3,
            86,
            94,
            85,
            8,
            71,
            0,
            57,
            61
        ],
        [
            18,
            17,
            24,
            82,
            74,
            90,
            10,
            13,
            78,
            57
        ],
        [
            76,
            83,
            21,
            17,
            66,
            2,
            75,
            57,
            5,
            33,
            33,
            66,
            66,
            88,
            71,
            10
        ],
        [
            73,
            65,
            26,
            35,
            64,
            93,
            73
        ],
        [
            76,
            28,
            1,
            63,
            4,
            86,
            89,
            47,
            79,
            67,
            28
        ],
        [
            19,
            87,
            16,
            59,
            92,
            59,
            28,
            46,
            85,
            77
        ],
        [
            81,
            36,
            80,
            34,
            0,
            8,
            26,
            39,
            56,
            87,
            70,
            33
        ],
        [
            20,
            75,
            69,
            84,
            13,
            53,
            22,
            82
        ],
        [
            12,
            62,
            57,
            42,
            7,
            96,
            52,
            86,
            13,
            34,
            67,
            73
        ],
        [
            76,
            31,
            84,
            49,
            26,
            96,
            39
        ]
    ],
    "matching": {
        "0": 1,
        "1": 4,
        "2": 3,
        "3": 3,
        "4": 4,
        "5": 0,
        "6": 1,
        "7": 4,
        "8": 2,
        "9": 3,
        "10": 4,
        "11": 4,
        "12": 2,
        "13": 2,
        "14": 2,
        "15": 0,
        "16": 0,
        "17": 3,
        "18": 0,
        "19": 2,
        "20": 3,
        "21": 2,
        "22": 1,
        "23": 4,
        "24": 4,
        "25": 2,
        "26": 4,
        "27": 2,
        "28": 4,
        "29": 2,
        "30": 3,
        "31": 4,
        "32": 0,
        "33": 2,
        "34": 2,
        "35": 1,
        "36": 4,
        "37": 3,
        "38": 4,
        "39": 1,
        "40": 3,
        "41": 2,
        "42": 0,
        "43": 4,
        "44": 0,
        "45": 2,
        "46": 2,
        "47": 1,
        "48": 3,
        "49": 2,
        "50": 2,
        "51": 3,
        "52": 4,
        "53": 3,
        "54": 0,
        "55": 2,
        "56": 3,
        "57": 4,
        "58": 2,
        "59": 0,
        "60": 2,
        "61": 4,
        "62": 2,
        "63": 2,
        "64": 3,
        "65": 4,
        "66": 2,
        "67": 1,
        "68": 2,
        "69": 0,
        "70": 4,
        "71": 1,
        "72": 1,
        "73": 4,
        "74": 0,
        "75": 0,
        "76": 4,
        "77": 4,
        "78": 3,
        "79": 0,
        "80": 3,
        "81": 0,
        "82": 1,
        "83": 3,
        "84": 4,
        "85": 2,
        "86": 2,
        "87": 1,
        "88": 3,
        "89": 2,
        "90": 3,
        "91": 1,
        "92": 4,
        "93": 1,
        "94": 0,
        "95": 3,
        "96": 4
    },
    "lower_bound": 60.0
}