{
    "node_types": [
        "invoice",
        "sku",
        "zone"
    ],
    "edge_types": [
        "('invoice', 'requires', 'sku')",
        "('sku', 'located_at', 'zone')",
        "('sku', 'rev_requires', 'invoice')",
        "('zone', 'rev_located_at', 'sku')"
    ],
    "num_invoices": 32,
    "num_sku": 69,
    "num_zone": 5,
    "invoices": [
        [
            64,
            61,
            46
        ],
        [
            64,
            7,
            42
        ],
        [
            39,
            30,
            6,
            47,
            37,
            32,
            1,
            65,
            8,
            9
        ],
        [
            31,
            25,
            47,
            64
        ],
        [
            1,
            14
        ],
        [
            38,
            47,
            20,
            57,
            28,
            4,
            0,
            55,
            23,
            48
        ],
        [
            13,
            40,
            13,
            52,
            50,
            35,
            20,
            7,
            14,
            27,
            36
        ],
        [
            4,
            66,
            59,
            61
        ],
        [
            55,
            33,
            50,
            53,
            62,
            31,
            23,
            26,
            66,
            43,
            12
        ],
        [
            60,
            10,
            22,
            62,
            14,
            58,
            49
        ],
        [
            11,
            12,
            56,
            2,
            44,
            66,
            31,
            6,
            42,
            3
        ],
        [
            5,
            36,
            3,
            20,
            22,
            48,
            18,
            63,
            11
        ],
        [
            36,
            19,
            11,
            64,
            41,
            19,
            30,
            39,
            16,
            45,
            68
        ],
        [
            41,
            34,
            10,
            49,
            0
        ],
        [
            38,
            47,
            49,
            24
        ],
        [
            43,
            26,
            42,
            54,
            2
        ],
        [
            34,
            8,
            29,
            55,
            37,
            22,
            3,
            39
        ],
        [
            0,
            35,
            32,
            37,
            58
        ],
        [
            41,
            49,
            27,
            1,
            30
        ],
        [
            52,
            50,
            10,
            52
        ],
        [
            25,
            38,
            28,
            12,
            33,
            30,
            63,
            16,
            15,
            18
        ],
        [
            60,
            15,
            32,
            8,
            67
        ],
        [
            40,
            41,
            11,
            6,
            36,
            17
        ],
        [
            15,
            45,
            1,
            37,
            17,
            15
        ],
        [
            14,
            27,
            68,
            54
        ],
        [
            63,
            25,
            57
        ],
        [
            5,
            55,
            61,
            43,
            44,
            12
        ],
        [
            28,
            54,
            8,
            28,
            42,
            4,
            21
        ],
        [
            45,
            65,
            24,
            53,
            10,
            2
        ],
        [
            67,
            29,
            51,
            51,
            68,
            59,
            9,
            51,
            3
        ],
        [
            25,
            65,
            35,
            56,
            21,
            56,
            9,
            46
        ],
        [
            6,
            24,
            22,
            38
        ]
    ],
    "matching": {
        "0": 1,
        "1": 0,
        "2": 3,
        "3": 1,
        "4": 2,
        "5": 4,
        "6": 0,
        "7": 3,
        "8": 0,
        "9": 1,
        "10": 1,
        "11": 3,
        "12": 1,
        "13": 1,
        "14": 3,
        "15": 1,
        "16": 0,
        "17": 4,
        "18": 1,
        "19": 3,
        "20": 2,
        "21": 4,
        "22": 0,
        "23": 0,
        "24": 2,
        "25": 2,
        "26": 4,
        "27": 2,
        "28": 4,
        "29": 2,
        "30": 2,
        "31": 2,
        "32": 0,
        "33": 4,
        "34": 4,
        "35": 3,
        "36": 0,
        "37": 1,
        "38": 2,
        "39": 4,
        "40": 3,
        "41": 1,
        "42": 1,
        "43": 1,
        "44": 3,
        "45": 1,
        "46": 2,
        "47": 1,
        "48": 1,
        "49": 1,
        "50": 3,
        "51": 1,
        "52": 2,
        "53": 0,
        "54": 2,
        "55": 4,
        "56": 2,
        "57": 4,
        "58": 4,
        "59": 1,
        "60": 3,
        "61": 3,
        "62": 3,
        "63": 4,
        "64": 0,
        "65": 2,
        "66": 1,
        "67": 2,
        "68": 4
    },
    "lower_bound": 45.0
}