{
    "node_types": [
        "invoice",
        "sku",
        "zone"
    ],
    "edge_types": [
        "('invoice', 'requires', 'sku')",
        "('sku', 'located_at', 'zone')",
        "('sku', 'rev_requires', 'invoice')",
        "('zone', 'rev_located_at', 'sku')"
    ],
    "num_invoices": 29,
    "num_sku": 80,
    "num_zone": 5,
    "invoices": [
        [
            67,
            44,
            57,
            24,
            69
        ],
        [
            72,
            3,
            4,
            69,
            44,
            59,
            13,
            49,
            17,
            55
        ],
        [
            28,
            0,
            8,
            71,
            71,
            79,
            60,
            66,
            1,
            28
        ],
        [
            49,
            68,
            72,
            2,
            27,
            27,
            79,
            28,
            51
        ],
        [
            30,
            18,
            32,
            48,
            60,
            26,
            37,
            19,
            65,
            73,
            78
        ],
        [
            7,
            0,
            78,
            22,
            39
        ],
        [
            41,
            35,
            61,
            35,
            61,
            77,
            56,
            44
        ],
        [
            42,
            54,
            67,
            72,
            19,
            26,
            5,
            23,
            23,
            61
        ],
        [
            1,
            48,
            56,
            75,
            33
        ],
        [
            76,
            55,
            79,
            49,
            61,
            59
        ],
        [
            5,
            54,
            60,
            59,
            46,
            43
        ],
        [
            23,
            2,
            44,
            30,
            20,
            40,
            76,
            24,
            10,
            54
        ],
        [
            51,
            12,
            74,
            9,
            45,
            16,
            12,
            59,
            65
        ],
        [
            60,
            35,
            29,
            30,
            14,
            5,
            64,
            5
        ],
        [
            52,
            7,
            57,
            66,
            4,
            4
        ],
        [
            53,
            66,
            64,
            71,
            9,
            64,
            36,
            50,
            51
        ],
        [
            49,
            15,
            8,
            47,
            70,
            18,
            26,
            43
        ],
        [
            57,
            14,
            68,
            11
        ],
        [
            2,
            63,
            9,
            0,
            57,
            18,
            22,
            21,
            14,
            21
        ],
        [
            16,
            52,
            54,
            48,
            43,
            62,
            58,
            16
        ],
        [
            68,
            22,
            35,
            77,
            31,
            26,
            32,
            12,
            52,
            24
        ],
        [
            33,
            27,
            2,
            15,
            12,
            29
        ],
        [
            45,
            38,
            47,
            64,
            33,
            34,
            42,
            58,
            69,
            31,
            51,
            73,
            8,
            38,
            67,
            46,
            75
        ],
        [
            14,
            28,
            58,
            13,
            39,
            56,
            6
        ],
        [
            25,
            37,
            70,
            34,
            22,
            7,
            40,
            31
        ],
        [
            74,
            75,
            66,
            56,
            63,
            4,
            25,
            33,
            55
        ],
        [
            52,
            3,
            77,
            36,
            50,
            41
        ],
        [
            71,
            53,
            24,
            25,
            69,
            48,
            16,
            15,
            17,
            11,
            62,
            37
        ],
        [
            55,
            74,
            11,
            20,
            6,
            46,
            38,
            10
        ]
    ],
    "matching": {
        "0": 4,
        "1": 4,
        "2": 0,
        "3": 2,
        "4": 0,
        "5": 2,
        "6": 4,
        "7": 3,
        "8": 2,
        "9": 3,
        "10": 4,
        "11": 0,
        "12": 0,
        "13": 0,
        "14": 2,
        "15": 4,
        "16": 0,
        "17": 4,
        "18": 3,
        "19": 4,
        "20": 3,
        "21": 3,
        "22": 2,
        "23": 4,
        "24": 4,
        "25": 1,
        "26": 4,
        "27": 3,
        "28": 4,
        "29": 4,
        "30": 1,
        "31": 2,
        "32": 4,
        "33": 2,
        "34": 3,
        "35": 3,
        "36": 2,
        "37": 0,
        "38": 0,
        "39": 0,
        "40": 3,
        "41": 2,
        "42": 0,
        "43": 4,
        "44": 4,
        "45": 3,
        "46": 3,
        "47": 3,
        "48": 4,
        "49": 0,
        "50": 3,
        "51": 4,
        "52": 1,
        "53": 2,
        "54": 2,
        "55": 2,
        "56": 0,
        "57": 4,
        "58": 3,
        "59": 0,
        "60": 2,
        "61": 2,
        "62": 2,
        "63": 4,
        "64": 2,
        "65": 4,
        "66": 3,
        "67": 3,
        "68": 0,
        "69": 1,
        "70": 3,
        "71": 2,
        "72": 2,
        "73": 3,
        "74": 3,
        "75": 1,
        "76": 2,
        "77": 3,
        "78": 3,
        "79": 2
    },
    "lower_bound": 63.0
}