{
    "node_types": [
        "invoice",
        "sku",
        "zone"
    ],
    "edge_types": [
        "('invoice', 'requires', 'sku')",
        "('sku', 'located_at', 'zone')",
        "('sku', 'rev_requires', 'invoice')",
        "('zone', 'rev_located_at', 'sku')"
    ],
    "num_invoices": 35,
    "num_sku": 81,
    "num_zone": 5,
    "invoices": [
        [
            51,
            20,
            2,
            51,
            74,
            65,
            4,
            5
        ],
        [
            50,
            24,
            27,
            37,
            2,
            40,
            9
        ],
        [
            43,
            73,
            34,
            53
        ],
        [
            68,
            37,
            57,
            74,
            21,
            59,
            7,
            68,
            62
        ],
        [
            41,
            78,
            8,
            67,
            3,
            76,
            17,
            30,
            60,
            19,
            21,
            15,
            42
        ],
        [
            32,
            28,
            50,
            34,
            24,
            20,
            63,
            49,
            27,
            54
        ],
        [
            50,
            59,
            5,
            43,
            31
        ],
        [
            22,
            70,
            35,
            59,
            40,
            8,
            13,
            56,
            79
        ],
        [
            27,
            80
        ],
        [
            44,
            34,
            14,
            21,
            27
        ],
        [
            44,
            62,
            42,
            71,
            48,
            75,
            79
        ],
        [
            72,
            31,
            4,
            46,
            64,
            9,
            25
        ],
        [
            63,
            33,
            45,
            58,
            19,
            10
        ],
        [
            17,
            37,
            22,
            54,
            58,
            3,
            45
        ],
        [
            76,
            43,
            60,
            8,
            14,
            29,
            64,
            69,
            1
        ],
        [
            49,
            29,
            66,
            18,
            26,
            56,
            67
        ],
        [
            56,
            26,
            29,
            52,
            62,
            78,
            4,
            36,
            12
        ],
        [
            35,
            9
        ],
        [
            36,
            16,
            64,
            58
        ],
        [
            61,
            13,
            24
        ],
        [
            53,
            12,
            73,
            12,
            70,
            26
        ],
        [
            2,
            46,
            43,
            75
        ],
        [
            18
        ],
        [
            5,
            3,
            1,
            3
        ],
        [
            55,
            24,
            67,
            36,
            52,
            6,
            47,
            6,
            48,
            47
        ],
        [
            15,
            63,
            23,
            0,
            60,
            25,
            12
        ],
        [
            65,
            60,
            70,
            8,
            54,
            23
        ],
        [
            9,
            11,
            55,
            50,
            70,
            41,
            55,
            38,
            11,
            46
        ],
        [
            71,
            7,
            32,
            41,
            77,
            47,
            63
        ],
        [
            14,
            25,
            16,
            1
        ],
        [
            77,
            25,
            4,
            55,
            26,
            57
        ],
        [
            28,
            75,
            44,
            38,
            18,
            10
        ],
        [
            62,
            39,
            7,
            53,
            76,
            0,
            44,
            72,
            72,
            22,
            2,
            22,
            80,
            52
        ],
        [
            11,
            41,
            69,
            66,
            42,
            21,
            39,
            69,
            79
        ],
        [
            78,
            17,
            61,
            64,
            61,
            16,
            30,
            40,
            33
        ]
    ],
    "matching": {
        "0": 0,
        "1": 0,
        "2": 0,
        "3": 0,
        "4": 4,
        "5": 1,
        "6": 3,
        "7": 1,
        "8": 1,
        "9": 2,
        "10": 2,
        "11": 2,
        "12": 1,
        "13": 4,
        "14": 3,
        "15": 2,
        "16": 4,
        "17": 3,
        "18": 3,
        "19": 3,
        "20": 4,
        "21": 1,
        "22": 1,
        "23": 0,
        "24": 2,
        "25": 4,
        "26": 0,
        "27": 1,
        "28": 0,
        "29": 1,
        "30": 3,
        "31": 1,
        "32": 3,
        "33": 3,
        "34": 1,
        "35": 3,
        "36": 3,
        "37": 0,
        "38": 3,
        "39": 4,
        "40": 2,
        "41": 0,
        "42": 2,
        "43": 3,
        "44": 4,
        "45": 1,
        "46": 4,
        "47": 0,
        "48": 2,
        "49": 1,
        "50": 1,
        "51": 4,
        "52": 2,
        "53": 3,
        "54": 0,
        "55": 3,
        "56": 3,
        "57": 2,
        "58": 4,
        "59": 0,
        "60": 3,
        "61": 1,
        "62": 3,
        "63": 2,
        "64": 1,
        "65": 3,
        "66": 3,
        "67": 3,
        "68": 3,
        "69": 3,
        "70": 1,
        "71": 4,
        "72": 3,
        "73": 1,
        "74": 3,
        "75": 1,
        "76": 3,
        "77": 1,
        "78": 1,
        "79": 2,
        "80": 1
    },
    "lower_bound": 54.0
}