{
    "node_types": [
        "invoice",
        "sku",
        "zone"
    ],
    "edge_types": [
        "('invoice', 'requires', 'sku')",
        "('sku', 'located_at', 'zone')",
        "('sku', 'rev_requires', 'invoice')",
        "('zone', 'rev_located_at', 'sku')"
    ],
    "num_invoices": 32,
    "num_sku": 68,
    "num_zone": 5,
    "invoices": [
        [
            10,
            41,
            21,
            3,
            57
        ],
        [
            36,
            46,
            14,
            54,
            49,
            53,
            6
        ],
        [
            52,
            24,
            39,
            58
        ],
        [
            44,
            4,
            33,
            48
        ],
        [
            25,
            43,
            63,
            50,
            14,
            47,
            61,
            23
        ],
        [
            48,
            57,
            15,
            28,
            33
        ],
        [
            59,
            1,
            44,
            18,
            55,
            43,
            5,
            65,
            22,
            28,
            53,
            33
        ],
        [
            34,
            21,
            1,
            41,
            24,
            38
        ],
        [
            45,
            50,
            51,
            54,
            12
        ],
        [
            5,
            58,
            30,
            22,
            55,
            61,
            56,
            62,
            22,
            40
        ],
        [
            57,
            16,
            17,
            36,
            35,
            24,
            64,
            35
        ],
        [
            12,
            17,
            11,
            11,
            29,
            7,
            29,
            0,
            20,
            21,
            22
        ],
        [
            7,
            31,
            61,
            15,
            24,
            42,
            63
        ],
        [
            52,
            45,
            30,
            16
        ],
        [
            12,
            32,
            67,
            37,
            15
        ],
        [
            44,
            14,
            35,
            18,
            9,
            23,
            63,
            47,
            36
        ],
        [
            20,
            64,
            56
        ],
        [
            13,
            8,
            49,
            9,
            2,
            26,
            26,
            41
        ],
        [
            51,
            38,
            37
        ],
        [
            45,
            60,
            48,
            67,
            23,
            25
        ],
        [
            10,
            58,
            23,
            40,
            31,
            54,
            6
        ],
        [
            66,
            46,
            40,
            17,
            27
        ],
        [
            25,
            37,
            49
        ],
        [
            26,
            65,
            13,
            31,
            42
        ],
        [
            18,
            63,
            0,
            21,
            39
        ],
        [
            66,
            62
        ],
        [
            14,
            66,
            19
        ],
        [
            10,
            41,
            44,
            29,
            37,
            53,
            15
        ],
        [
            0,
            2,
            3,
            32,
            4,
            27,
            4
        ],
        [
            19,
            32,
            8,
            9,
            42,
            47,
            60,
            30,
            17,
            60,
            43
        ],
        [
            58,
            35,
            12,
            33,
            1
        ],
        [
            59,
            34,
            5
        ]
    ],
    "matching": {
        "0": 4,
        "1": 1,
        "2": 4,
        "3": 1,
        "4": 0,
        "5": 4,
        "6": 1,
        "7": 1,
        "8": 2,
        "9": 3,
        "10": 4,
        "11": 2,
        "12": 1,
        "13": 2,
        "14": 4,
        "15": 2,
        "16": 2,
        "17": 1,
        "18": 0,
        "19": 0,
        "20": 4,
        "21": 3,
        "22": 2,
        "23": 3,
        "24": 4,
        "25": 2,
        "26": 0,
        "27": 1,
        "28": 2,
        "29": 0,
        "30": 3,
        "31": 3,
        "32": 3,
        "33": 3,
        "34": 2,
        "35": 3,
        "36": 1,
        "37": 1,
        "38": 0,
        "39": 0,
        "40": 1,
        "41": 2,
        "42": 3,
        "43": 0,
        "44": 2,
        "45": 4,
        "46": 0,
        "47": 3,
        "48": 0,
        "49": 3,
        "50": 2,
        "51": 1,
        "52": 4,
        "53": 1,
        "54": 0,
        "55": 3,
        "56": 2,
        "57": 0,
        "58": 1,
        "59": 2,
        "60": 0,
        "61": 2,
        "62": 1,
        "63": 0,
        "64": 1,
        "65": 4,
        "66": 3,
        "67": 1
    },
    "lower_bound": 48.0
}