{
    "node_types": [
        "invoice",
        "sku",
        "zone"
    ],
    "edge_types": [
        "('invoice', 'requires', 'sku')",
        "('sku', 'located_at', 'zone')",
        "('sku', 'rev_requires', 'invoice')",
        "('zone', 'rev_located_at', 'sku')"
    ],
    "num_invoices": 30,
    "num_sku": 95,
    "num_zone": 5,
    "invoices": [
        [
            94,
            38,
            31,
            30,
            16,
            72,
            20,
            14,
            82
        ],
        [
            20,
            27,
            13,
            25,
            39,
            93,
            35,
            8
        ],
        [
            30,
            34,
            51,
            2,
            36,
            66,
            33,
            28,
            76,
            57
        ],
        [
            5,
            56,
            39,
            84,
            48,
            88
        ],
        [
            43,
            79,
            67,
            42,
            83,
            90,
            22,
            88,
            6
        ],
        [
            59,
            45,
            62,
            21,
            63,
            56,
            6,
            83,
            77,
            54
        ],
        [
            58,
            40,
            51,
            60,
            48,
            47,
            4,
            92,
            59,
            89
        ],
        [
            65,
            58,
            31,
            75,
            29,
            69,
            78,
            11,
            20
        ],
        [
            35,
            71,
            85,
            43,
            47,
            7,
            32,
            72,
            13,
            47
        ],
        [
            37,
            19,
            25,
            63,
            18,
            53,
            63,
            93,
            68,
            33,
            34,
            66,
            91
        ],
        [
            9,
            73,
            55,
            15,
            61,
            75,
            68,
            90,
            81,
            37,
            8,
            10,
            81,
            56,
            55
        ],
        [
            11,
            43,
            50,
            19,
            3,
            3,
            77,
            4,
            73
        ],
        [
            55,
            52,
            1,
            86,
            60,
            83,
            0,
            27,
            62,
            15,
            54
        ],
        [
            74,
            77,
            44,
            79,
            72,
            85,
            4
        ],
        [
            87,
            53,
            17,
            57,
            94,
            67,
            45,
            76,
            10,
            7,
            34,
            14,
            49
        ],
        [
            81,
            64,
            18,
            91,
            15,
            13
        ],
        [
            73,
            68,
            71,
            29,
            74,
            85,
            2,
            82,
            89,
            27,
            73,
            23,
            45,
            12
        ],
        [
            70,
            23,
            6,
            31,
            26,
            49,
            17,
            74,
            80,
            33,
            80,
            87,
            62,
            25,
            78
        ],
        [
            42,
            32,
            88,
            58,
            5,
            4,
            94,
            21,
            92,
            36,
            40,
            47
        ],
        [
            37,
            90,
            6,
            52,
            29,
            89,
            91
        ],
        [
            48,
            24,
            64,
            41,
            35,
            45
        ],
        [
            11,
            60,
            41,
            33,
            22,
            68
        ],
        [
            76,
            76,
            86,
            36,
            84,
            46,
            25,
            0,
            54,
            84,
            24
        ],
        [
            71,
            23,
            38,
            86,
            9,
            32,
            64
        ],
        [
            16,
            79,
            66,
            64,
            89,
            69,
            60,
            21,
            12
        ],
        [
            23,
            54,
            86,
            75,
            30,
            61,
            21,
            36
        ],
        [
            43,
            28,
            87,
            10,
            40,
            50,
            11,
            2,
            57,
            72,
            92,
            65,
            26,
            66,
            90,
            91
        ],
        [
            41,
            93,
            70,
            50,
            35,
            46
        ],
        [
            19,
            94,
            44,
            41,
            1,
            12,
            79
        ],
        [
            29,
            46,
            93,
            8,
            32,
            59,
            57,
            77
        ]
    ],
    "matching": {
        "0": 3,
        "1": 3,
        "2": 1,
        "3": 0,
        "4": 2,
        "5": 0,
        "6": 2,
        "7": 4,
        "8": 0,
        "9": 3,
        "10": 0,
        "11": 1,
        "12": 4,
        "13": 2,
        "14": 4,
        "15": 3,
        "16": 4,
        "17": 3,
        "18": 2,
        "19": 4,
        "20": 4,
        "21": 3,
        "22": 0,
        "23": 0,
        "24": 1,
        "25": 0,
        "26": 2,
        "27": 3,
        "28": 4,
        "29": 4,
        "30": 4,
        "31": 4,
        "32": 3,
        "33": 1,
        "34": 2,
        "35": 1,
        "36": 4,
        "37": 4,
        "38": 0,
        "39": 4,
        "40": 3,
        "41": 2,
        "42": 1,
        "43": 4,
        "44": 0,
        "45": 4,
        "46": 0,
        "47": 0,
        "48": 2,
        "49": 0,
        "50": 1,
        "51": 3,
        "52": 2,
        "53": 3,
        "54": 0,
        "55": 3,
        "56": 0,
        "57": 1,
        "58": 2,
        "59": 1,
        "60": 0,
        "61": 3,
        "62": 3,
        "63": 4,
        "64": 4,
        "65": 2,
        "66": 4,
        "67": 3,
        "68": 4,
        "69": 4,
        "70": 3,
        "71": 4,
        "72": 0,
        "73": 3,
        "74": 0,
        "75": 1,
        "76": 4,
        "77": 1,
        "78": 3,
        "79": 1,
        "80": 3,
        "81": 0,
        "82": 4,
        "83": 3,
        "84": 0,
        "85": 4,
        "86": 2,
        "87": 1,
        "88": 0,
        "89": 0,
        "90": 0,
        "91": 0,
        "92": 0,
        "93": 1,
        "94": 2
    },
    "lower_bound": 60.0
}