{
    "node_types": [
        "invoice",
        "sku",
        "zone"
    ],
    "edge_types": [
        "('invoice', 'requires', 'sku')",
        "('sku', 'located_at', 'zone')",
        "('sku', 'rev_requires', 'invoice')",
        "('zone', 'rev_located_at', 'sku')"
    ],
    "num_invoices": 28,
    "num_sku": 76,
    "num_zone": 5,
    "invoices": [
        [
            23,
            43,
            47,
            27,
            11,
            69,
            22,
            41,
            61,
            29,
            32,
            59
        ],
        [
            62,
            47,
            54,
            16,
            25,
            2,
            11,
            61
        ],
        [
            63,
            48,
            47,
            31,
            21,
            30
        ],
        [
            74,
            57,
            72
        ],
        [
            23,
            52,
            59,
            47,
            15,
            62,
            37
        ],
        [
            34,
            39
        ],
        [
            14,
            8,
            70,
            24
        ],
        [
            55,
            38,
            53,
            62,
            25,
            56,
            36,
            31,
            24,
            33
        ],
        [
            71,
            69,
            27,
            58,
            12,
            3,
            35,
            35,
            18,
            53,
            42,
            48,
            29,
            41,
            41
        ],
        [
            56,
            28,
            49,
            53,
            6,
            38,
            34,
            70
        ],
        [
            50,
            6,
            73,
            2,
            4,
            9,
            64,
            3
        ],
        [
            65,
            21,
            2,
            57,
            71,
            26,
            74,
            43,
            55,
            15
        ],
        [
            68,
            0,
            32,
            11,
            68,
            67
        ],
        [
            23,
            20,
            40,
            40,
            46,
            1,
            18,
            17,
            30,
            60,
            65,
            1
        ],
        [
            69,
            75,
            28,
            19,
            20
        ],
        [
            45,
            13,
            72,
            73,
            42,
            51,
            74
        ],
        [
            61,
            27,
            63,
            5,
            54,
            8,
            49
        ],
        [
            33,
            56,
            20,
            52,
            13,
            53,
            65
        ],
        [
            22,
            27,
            45,
            43,
            12,
            75,
            49,
            36
        ],
        [
            8,
            57,
            33,
            44,
            54,
            58,
            13,
            68,
            68,
            21
        ],
        [
            7,
            67,
            46,
            5
        ],
        [
            29,
            46,
            54,
            70,
            32,
            64,
            10,
            43,
            10
        ],
        [
            39,
            73,
            71,
            19,
            15,
            39
        ],
        [
            31,
            50,
            56,
            64,
            14,
            75,
            24,
            42,
            60,
            17,
            61,
            52
        ],
        [
            26,
            71,
            72,
            4,
            51
        ],
        [
            15,
            9,
            44,
            16,
            38
        ],
        [
            25,
            20,
            66,
            69,
            32,
            66,
            22,
            11,
            13,
            33
        ],
        [
            37,
            7,
            0,
            50,
            49,
            5,
            19
        ]
    ],
    "matching": {
        "0": 1,
        "1": 1,
        "2": 4,
        "3": 4,
        "4": 3,
        "5": 4,
        "6": 2,
        "7": 0,
        "8": 3,
        "9": 1,
        "10": 3,
        "11": 3,
        "12": 1,
        "13": 0,
        "14": 0,
        "15": 1,
        "16": 4,
        "17": 4,
        "18": 3,
        "19": 4,
        "20": 4,
        "21": 0,
        "22": 2,
        "23": 4,
        "24": 4,
        "25": 3,
        "26": 4,
        "27": 4,
        "28": 1,
        "29": 1,
        "30": 2,
        "31": 1,
        "32": 4,
        "33": 4,
        "34": 1,
        "35": 2,
        "36": 3,
        "37": 0,
        "38": 4,
        "39": 1,
        "40": 3,
        "41": 0,
        "42": 3,
        "43": 4,
        "44": 1,
        "45": 4,
        "46": 0,
        "47": 4,
        "48": 2,
        "49": 2,
        "50": 1,
        "51": 4,
        "52": 3,
        "53": 4,
        "54": 4,
        "55": 0,
        "56": 4,
        "57": 2,
        "58": 2,
        "59": 1,
        "60": 4,
        "61": 0,
        "62": 0,
        "63": 3,
        "64": 1,
        "65": 3,
        "66": 3,
        "67": 3,
        "68": 3,
        "69": 0,
        "70": 1,
        "71": 3,
        "72": 1,
        "73": 0,
        "74": 0,
        "75": 4
    },
    "lower_bound": 57.0
}