{
    "node_types": [
        "invoice",
        "sku",
        "zone"
    ],
    "edge_types": [
        "('invoice', 'requires', 'sku')",
        "('sku', 'located_at', 'zone')",
        "('sku', 'rev_requires', 'invoice')",
        "('zone', 'rev_located_at', 'sku')"
    ],
    "num_invoices": 29,
    "num_sku": 98,
    "num_zone": 5,
    "invoices": [
        [
            36,
            9,
            68,
            66,
            70,
            76,
            89,
            29,
            97,
            31,
            60,
            0,
            12
        ],
        [
            21,
            80,
            85,
            43,
            74,
            4,
            77,
            45,
            87,
            48,
            25
        ],
        [
            42,
            21,
            33,
            46,
            59,
            19,
            8,
            2,
            13,
            1,
            20,
            53
        ],
        [
            88,
            59,
            24,
            94,
            44,
            25,
            83,
            23
        ],
        [
            18,
            17,
            1,
            39,
            46,
            16,
            91,
            19,
            44,
            96
        ],
        [
            24,
            51,
            42,
            32,
            22,
            95
        ],
        [
            20,
            71,
            91,
            81,
            59,
            57,
            62
        ],
        [
            40,
            40,
            41,
            46,
            13,
            78,
            65,
            35,
            12
        ],
        [
            93,
            4,
            37,
            84,
            89,
            9,
            23,
            1,
            32,
            67
        ],
        [
            39,
            83,
            14,
            67,
            47,
            36,
            3,
            77,
            66,
            38,
            86,
            11
        ],
        [
            11,
            52,
            15,
            75,
            2,
            88,
            87,
            10,
            7
        ],
        [
            6,
            37,
            54,
            16,
            64,
            63,
            88,
            79,
            1,
            55,
            73,
            82,
            34,
            87
        ],
        [
            37,
            50,
            16,
            79,
            79,
            66,
            18,
            27,
            27,
            7,
            72
        ],
        [
            35,
            76,
            92,
            97,
            82,
            94,
            22,
            57,
            5,
            30
        ],
        [
            24,
            50,
            79,
            57,
            57,
            72,
            10,
            78,
            52,
            93
        ],
        [
            89,
            47,
            15,
            17,
            34,
            26,
            11,
            69
        ],
        [
            29,
            4,
            64,
            55,
            20,
            7,
            13,
            75,
            24,
            71,
            86
        ],
        [
            67,
            35,
            94,
            9,
            84,
            84,
            46,
            26,
            49
        ],
        [
            71,
            8,
            33,
            86,
            73,
            73,
            6,
            43,
            26
        ],
        [
            97,
            96,
            63,
            22,
            27,
            41,
            77,
            58,
            80,
            38,
            60,
            97
        ],
        [
            25,
            18,
            36,
            42,
            45,
            68,
            21,
            3,
            14,
            83
        ],
        [
            0,
            50,
            31,
            91,
            13,
            84,
            51
        ],
        [
            28,
            81,
            47,
            91,
            96,
            69,
            77,
            61
        ],
        [
            62,
            61,
            54,
            64,
            87,
            69,
            30,
            32,
            78,
            34,
            96,
            52
        ],
        [
            41,
            5,
            7,
            89,
            66,
            74,
            65,
            3,
            19,
            90,
            70,
            82,
            50,
            68
        ],
        [
            81,
            30,
            21,
            11,
            42,
            95,
            95
        ],
        [
            85,
            56,
            59,
            65,
            25,
            80,
            58,
            92,
            93
        ],
        [
            51,
            68,
            6,
            53,
            33,
            56,
            49,
            74,
            67,
            44,
            12,
            90,
            28,
            82
        ],
        [
            76,
            17,
            65,
            61,
            18,
            74,
            48,
            26,
            36,
            53
        ]
    ],
    "matching": {
        "0": 3,
        "1": 0,
        "2": 1,
        "3": 2,
        "4": 2,
        "5": 2,
        "6": 2,
        "7": 0,
        "8": 3,
        "9": 1,
        "10": 2,
        "11": 2,
        "12": 0,
        "13": 3,
        "14": 1,
        "15": 0,
        "16": 3,
        "17": 3,
        "18": 4,
        "19": 2,
        "20": 2,
        "21": 3,
        "22": 4,
        "23": 0,
        "24": 0,
        "25": 0,
        "26": 3,
        "27": 2,
        "28": 2,
        "29": 4,
        "30": 2,
        "31": 3,
        "32": 1,
        "33": 3,
        "34": 3,
        "35": 2,
        "36": 2,
        "37": 1,
        "38": 3,
        "39": 4,
        "40": 0,
        "41": 4,
        "42": 3,
        "43": 2,
        "44": 4,
        "45": 4,
        "46": 3,
        "47": 2,
        "48": 1,
        "49": 4,
        "50": 2,
        "51": 3,
        "52": 0,
        "53": 2,
        "54": 1,
        "55": 3,
        "56": 0,
        "57": 3,
        "58": 3,
        "59": 4,
        "60": 0,
        "61": 1,
        "62": 4,
        "63": 2,
        "64": 4,
        "65": 3,
        "66": 0,
        "67": 1,
        "68": 2,
        "69": 2,
        "70": 0,
        "71": 4,
        "72": 4,
        "73": 0,
        "74": 2,
        "75": 1,
        "76": 0,
        "77": 3,
        "78": 0,
        "79": 4,
        "80": 3,
        "81": 1,
        "82": 2,
        "83": 0,
        "84": 4,
        "85": 4,
        "86": 4,
        "87": 1,
        "88": 2,
        "89": 2,
        "90": 0,
        "91": 4,
        "92": 2,
        "93": 1,
        "94": 4,
        "95": 0,
        "96": 0,
        "97": 1
    },
    "lower_bound": 54.0
}