{
    "node_types": [
        "invoice",
        "sku",
        "zone"
    ],
    "edge_types": [
        "('invoice', 'requires', 'sku')",
        "('sku', 'located_at', 'zone')",
        "('sku', 'rev_requires', 'invoice')",
        "('zone', 'rev_located_at', 'sku')"
    ],
    "num_invoices": 34,
    "num_sku": 66,
    "num_zone": 5,
    "invoices": [
        [
            4,
            35,
            33,
            30
        ],
        [
            40,
            13,
            43,
            12,
            49,
            51,
            10
        ],
        [
            28,
            40,
            65,
            40
        ],
        [
            24,
            9,
            4,
            13
        ],
        [
            46,
            61,
            39,
            16,
            17,
            29,
            42,
            64
        ],
        [
            6,
            34,
            20,
            49,
            38
        ],
        [
            45,
            8,
            52,
            63,
            11
        ],
        [
            43,
            50,
            38,
            35,
            29,
            19,
            65,
            16
        ],
        [
            23,
            11,
            19,
            35,
            22
        ],
        [
            22,
            26,
            5,
            23,
            44,
            44
        ],
        [
            24,
            27,
            24,
            2,
            53,
            14
        ],
        [
            61,
            8,
            56,
            63,
            9
        ],
        [
            39,
            3,
            54,
            58,
            21,
            49
        ],
        [
            20,
            60,
            46,
            19,
            57,
            14
        ],
        [
            44,
            60,
            3,
            32,
            18,
            57
        ],
        [
            12,
            2,
            32,
            15,
            55,
            64,
            9,
            33,
            18,
            37
        ],
        [
            10,
            29,
            17,
            7,
            36
        ],
        [
            50,
            12,
            4,
            34,
            35,
            22,
            47,
            14,
            13
        ],
        [
            54,
            47,
            56,
            55,
            0,
            42,
            7
        ],
        [
            27,
            61,
            47,
            51,
            31,
            6,
            57,
            6,
            31
        ],
        [
            9,
            60,
            45,
            64,
            50,
            34
        ],
        [
            55,
            23,
            38,
            41,
            33,
            21
        ],
        [
            62,
            48,
            53,
            43,
            40,
            62,
            41,
            18,
            61
        ],
        [
            17,
            36,
            25,
            13
        ],
        [
            59,
            10,
            20,
            7,
            7
        ],
        [
            59,
            50,
            11,
            56
        ],
        [
            26,
            54,
            20,
            32,
            22
        ],
        [
            27,
            1
        ],
        [
            63,
            4,
            38,
            1
        ],
        [
            52,
            17,
            54,
            62,
            49,
            58,
            48,
            30
        ],
        [
            51,
            25,
            62,
            6,
            42,
            34
        ],
        [
            30,
            48,
            0,
            37
        ],
        [
            28,
            64,
            15,
            26,
            26
        ],
        [
            31,
            33,
            5,
            21
        ]
    ],
    "matching": {
        "0": 1,
        "1": 2,
        "2": 1,
        "3": 2,
        "4": 1,
        "5": 3,
        "6": 0,
        "7": 3,
        "8": 2,
        "9": 1,
        "10": 0,
        "11": 1,
        "12": 3,
        "13": 3,
        "14": 0,
        "15": 2,
        "16": 0,
        "17": 4,
        "18": 0,
        "19": 3,
        "20": 4,
        "21": 3,
        "22": 3,
        "23": 1,
        "24": 3,
        "25": 2,
        "26": 2,
        "27": 0,
        "28": 0,
        "29": 1,
        "30": 3,
        "31": 3,
        "32": 3,
        "33": 3,
        "34": 0,
        "35": 1,
        "36": 1,
        "37": 0,
        "38": 1,
        "39": 1,
        "40": 2,
        "41": 2,
        "42": 2,
        "43": 3,
        "44": 0,
        "45": 3,
        "46": 0,
        "47": 4,
        "48": 4,
        "49": 0,
        "50": 2,
        "51": 3,
        "52": 2,
        "53": 0,
        "54": 2,
        "55": 4,
        "56": 1,
        "57": 4,
        "58": 3,
        "59": 0,
        "60": 2,
        "61": 3,
        "62": 3,
        "63": 2,
        "64": 1,
        "65": 0
    },
    "lower_bound": 42.0
}