{
    "node_types": [
        "invoice",
        "sku",
        "zone"
    ],
    "edge_types": [
        "('invoice', 'requires', 'sku')",
        "('sku', 'located_at', 'zone')",
        "('sku', 'rev_requires', 'invoice')",
        "('zone', 'rev_located_at', 'sku')"
    ],
    "num_invoices": 34,
    "num_sku": 60,
    "num_zone": 5,
    "invoices": [
        [
            9,
            29,
            36,
            54,
            38,
            3,
            38,
            46,
            1,
            17
        ],
        [
            30,
            28,
            46,
            59,
            34,
            41,
            37
        ],
        [
            9,
            14,
            55,
            50,
            49,
            20
        ],
        [
            50,
            0,
            35,
            32,
            16
        ],
        [
            0,
            47,
            15,
            34,
            27
        ],
        [
            12
        ],
        [
            17,
            51,
            56,
            27,
            39,
            46,
            27
        ],
        [
            5,
            7,
            57,
            23,
            11,
            37
        ],
        [
            49,
            40,
            33
        ],
        [
            6,
            44,
            42,
            46,
            3,
            13,
            2,
            29,
            30,
            1,
            11
        ],
        [
            14,
            53,
            33,
            32,
            3,
            19
        ],
        [
            52,
            1
        ],
        [
            39,
            57,
            24,
            37,
            59,
            10,
            41
        ],
        [
            47,
            21,
            48,
            51,
            15,
            2
        ],
        [
            47,
            40,
            23,
            25,
            17,
            5
        ],
        [
            4,
            49,
            7,
            59,
            2,
            7,
            30
        ],
        [
            13,
            21,
            9,
            29,
            41
        ],
        [
            58,
            26,
            27,
            12,
            4,
            9,
            20
        ],
        [
            34,
            43,
            2,
            25,
            16,
            39
        ],
        [
            54,
            14,
            4
        ],
        [
            28,
            16
        ],
        [
            8,
            44,
            35,
            31,
            22,
            50,
            10,
            22
        ],
        [
            31,
            11
        ],
        [
            35,
            4,
            18,
            3,
            10
        ],
        [
            55,
            45,
            33,
            42,
            7,
            37,
            45
        ],
        [
            52,
            48,
            6,
            44,
            5
        ],
        [
            19,
            52,
            5,
            49,
            52,
            32,
            15,
            36,
            40,
            34
        ],
        [
            18,
            24,
            53
        ],
        [
            22,
            29,
            58
        ],
        [
            26,
            22,
            41
        ],
        [
            56,
            54,
            14,
            58
        ],
        [
            21,
            18,
            10,
            43,
            21,
            11,
            32,
            44
        ],
        [
            30,
            35
        ],
        [
            25,
            17,
            8
        ]
    ],
    "matching": {
        "0": 4,
        "1": 3,
        "2": 0,
        "3": 3,
        "4": 3,
        "5": 3,
        "6": 0,
        "7": 4,
        "8": 0,
        "9": 0,
        "10": 3,
        "11": 1,
        "12": 0,
        "13": 2,
        "14": 0,
        "15": 0,
        "16": 4,
        "17": 3,
        "18": 4,
        "19": 0,
        "20": 0,
        "21": 1,
        "22": 4,
        "23": 0,
        "24": 0,
        "25": 3,
        "26": 0,
        "27": 4,
        "28": 1,
        "29": 2,
        "30": 2,
        "31": 0,
        "32": 0,
        "33": 3,
        "34": 4,
        "35": 4,
        "36": 1,
        "37": 2,
        "38": 0,
        "39": 3,
        "40": 0,
        "41": 3,
        "42": 0,
        "43": 1,
        "44": 3,
        "45": 4,
        "46": 3,
        "47": 4,
        "48": 4,
        "49": 3,
        "50": 3,
        "51": 4,
        "52": 1,
        "53": 3,
        "54": 0,
        "55": 4,
        "56": 1,
        "57": 2,
        "58": 3,
        "59": 0
    },
    "lower_bound": 45.0
}