{
    "node_types": [
        "invoice",
        "sku",
        "zone"
    ],
    "edge_types": [
        "('invoice', 'requires', 'sku')",
        "('sku', 'located_at', 'zone')",
        "('sku', 'rev_requires', 'invoice')",
        "('zone', 'rev_located_at', 'sku')"
    ],
    "num_invoices": 25,
    "num_sku": 63,
    "num_zone": 5,
    "invoices": [
        [
            23,
            34,
            42,
            24,
            23,
            62,
            56
        ],
        [
            6,
            0,
            4,
            53,
            7,
            28,
            47,
            35,
            35
        ],
        [
            44,
            21,
            33,
            28,
            57
        ],
        [
            48,
            40,
            13,
            38,
            12,
            17,
            8,
            56
        ],
        [
            44,
            8,
            18,
            10,
            41,
            19,
            16,
            36
        ],
        [
            20,
            58,
            34,
            51,
            22,
            25,
            3,
            21
        ],
        [
            60,
            14,
            27
        ],
        [
            18,
            21,
            51,
            38,
            56,
            17,
            50
        ],
        [
            60,
            62,
            41,
            7,
            49,
            54,
            16,
            14
        ],
        [
            28,
            37,
            43,
            54,
            58,
            53,
            26,
            9,
            61,
            31,
            49
        ],
        [
            14,
            59,
            1,
            33
        ],
        [
            0,
            1,
            4,
            3,
            55,
            47
        ],
        [
            6,
            36,
            26,
            10,
            23,
            5,
            5
        ],
        [
            57,
            48,
            19,
            38,
            7
        ],
        [
            30,
            21,
            15
        ],
        [
            46,
            29,
            27,
            10,
            45,
            61
        ],
        [
            19,
            1,
            40,
            9,
            11,
            43,
            28
        ],
        [
            42,
            35,
            59,
            32,
            57,
            11,
            55,
            17,
            41,
            12,
            50,
            39,
            17,
            46
        ],
        [
            16,
            43,
            59,
            11,
            30,
            39,
            54,
            58,
            22
        ],
        [
            46,
            19,
            36,
            30,
            12,
            24,
            52
        ],
        [
            36,
            60,
            14,
            52,
            25,
            56,
            15,
            27
        ],
        [
            31,
            22,
            9,
            46
        ],
        [
            32,
            24,
            18,
            34,
            20,
            2
        ],
        [
            37,
            58,
            2,
            11
        ],
        [
            31,
            62,
            8,
            60,
            24,
            22,
            45,
            41,
            13,
            29
        ]
    ],
    "matching": {
        "0": 2,
        "1": 4,
        "2": 3,
        "3": 4,
        "4": 1,
        "5": 2,
        "6": 0,
        "7": 3,
        "8": 1,
        "9": 4,
        "10": 4,
        "11": 0,
        "12": 1,
        "13": 4,
        "14": 2,
        "15": 3,
        "16": 3,
        "17": 2,
        "18": 1,
        "19": 3,
        "20": 2,
        "21": 4,
        "22": 4,
        "23": 0,
        "24": 1,
        "25": 4,
        "26": 1,
        "27": 0,
        "28": 2,
        "29": 3,
        "30": 0,
        "31": 0,
        "32": 0,
        "33": 2,
        "34": 0,
        "35": 0,
        "36": 4,
        "37": 4,
        "38": 2,
        "39": 2,
        "40": 2,
        "41": 3,
        "42": 2,
        "43": 0,
        "44": 2,
        "45": 2,
        "46": 4,
        "47": 3,
        "48": 1,
        "49": 3,
        "50": 4,
        "51": 1,
        "52": 3,
        "53": 4,
        "54": 0,
        "55": 3,
        "56": 0,
        "57": 2,
        "58": 3,
        "59": 0,
        "60": 1,
        "61": 3,
        "62": 1
    },
    "lower_bound": 54.0
}