{
    "node_types": [
        "invoice",
        "sku",
        "zone"
    ],
    "edge_types": [
        "('invoice', 'requires', 'sku')",
        "('sku', 'located_at', 'zone')",
        "('sku', 'rev_requires', 'invoice')",
        "('zone', 'rev_located_at', 'sku')"
    ],
    "num_invoices": 30,
    "num_sku": 56,
    "num_zone": 5,
    "invoices": [
        [
            55,
            50,
            19,
            50,
            36,
            2,
            11,
            18
        ],
        [
            42,
            22,
            9,
            5,
            47,
            43,
            7,
            30,
            28
        ],
        [
            43,
            41,
            46,
            32,
            48
        ],
        [
            43,
            16,
            42,
            14,
            53,
            1,
            28
        ],
        [
            49,
            38,
            28,
            14,
            37
        ],
        [
            52,
            25,
            6,
            13,
            31,
            1,
            26
        ],
        [
            27,
            35,
            8,
            52,
            48,
            11
        ],
        [
            23,
            13,
            49
        ],
        [
            4,
            10,
            5
        ],
        [
            1,
            35,
            4,
            53,
            12
        ],
        [
            52,
            12,
            40,
            33,
            41,
            27,
            17
        ],
        [
            27,
            54,
            13,
            0,
            21,
            41,
            36,
            51,
            35
        ],
        [
            11,
            46,
            51,
            12,
            29,
            2,
            39
        ],
        [
            17,
            40,
            16,
            2,
            40,
            12
        ],
        [
            15,
            8,
            34,
            41,
            42
        ],
        [
            25,
            33,
            50,
            34
        ],
        [
            21,
            3,
            37,
            24
        ],
        [
            47,
            18
        ],
        [
            45,
            3,
            29,
            38,
            17,
            3,
            21,
            55
        ],
        [
            44,
            43,
            9,
            5,
            5,
            20,
            21
        ],
        [
            3,
            6,
            31,
            0,
            0
        ],
        [
            49,
            18,
            14,
            32,
            53
        ],
        [
            7,
            8,
            31,
            39,
            6,
            35
        ],
        [
            31,
            24,
            45,
            44,
            36
        ],
        [
            40,
            19,
            1
        ],
        [
            49,
            9,
            28,
            30,
            17,
            54
        ],
        [
            20,
            23,
            16,
            27,
            25,
            55
        ],
        [],
        [
            10,
            15,
            23,
            26
        ],
        [
            25,
            15,
            9,
            34,
            2,
            51,
            4,
            51,
            22
        ]
    ],
    "matching": {
        "0": 4,
        "1": 3,
        "2": 2,
        "3": 4,
        "4": 1,
        "5": 1,
        "6": 3,
        "7": 1,
        "8": 0,
        "9": 4,
        "10": 2,
        "11": 0,
        "12": 0,
        "13": 1,
        "14": 0,
        "15": 0,
        "16": 2,
        "17": 0,
        "18": 0,
        "19": 3,
        "20": 0,
        "21": 2,
        "22": 1,
        "23": 4,
        "24": 0,
        "25": 4,
        "26": 3,
        "27": 3,
        "28": 1,
        "29": 2,
        "30": 3,
        "31": 4,
        "32": 2,
        "33": 2,
        "34": 1,
        "35": 2,
        "36": 1,
        "37": 0,
        "38": 3,
        "39": 4,
        "40": 1,
        "41": 0,
        "42": 2,
        "43": 4,
        "44": 4,
        "45": 4,
        "46": 3,
        "47": 3,
        "48": 0,
        "49": 1,
        "50": 0,
        "51": 1,
        "52": 2,
        "53": 2,
        "54": 4,
        "55": 1
    },
    "lower_bound": 39.0
}