{
    "node_types": [
        "invoice",
        "sku",
        "zone"
    ],
    "edge_types": [
        "('invoice', 'requires', 'sku')",
        "('sku', 'located_at', 'zone')",
        "('sku', 'rev_requires', 'invoice')",
        "('zone', 'rev_located_at', 'sku')"
    ],
    "num_invoices": 33,
    "num_sku": 90,
    "num_zone": 5,
    "invoices": [
        [
            48,
            26,
            30,
            3,
            10,
            66,
            87,
            23
        ],
        [
            58,
            11,
            30,
            4,
            0,
            41,
            2,
            77,
            42,
            80,
            37,
            87
        ],
        [
            12,
            36,
            45,
            3,
            33
        ],
        [
            28,
            56,
            68,
            54,
            77,
            84,
            1
        ],
        [
            66,
            14,
            43,
            74
        ],
        [
            34,
            15,
            21,
            55,
            81,
            9,
            39,
            46,
            18,
            9,
            81
        ],
        [
            28,
            85,
            17,
            76,
            34,
            47,
            35,
            42,
            60,
            22,
            18
        ],
        [
            25,
            56,
            37,
            12,
            59,
            76,
            88,
            67,
            67
        ],
        [
            75,
            29,
            25,
            5,
            50,
            88
        ],
        [
            82,
            65,
            34,
            51,
            30,
            74,
            82
        ],
        [
            33,
            5,
            52,
            6,
            63,
            47,
            70,
            18,
            42,
            5
        ],
        [
            4,
            61,
            9,
            14,
            0,
            42,
            38,
            62,
            6,
            7,
            15
        ],
        [
            88,
            13,
            8,
            62,
            27,
            27,
            73,
            10,
            31,
            45,
            26
        ],
        [
            52,
            22,
            83,
            76,
            19,
            69,
            56
        ],
        [
            26,
            17,
            78,
            58,
            89,
            26,
            64,
            60,
            7
        ],
        [
            11,
            64,
            32,
            75,
            65,
            15,
            68,
            83,
            43,
            48,
            81
        ],
        [
            71,
            71,
            28,
            22,
            82
        ],
        [
            49,
            47,
            72,
            71,
            82,
            22
        ],
        [
            50,
            27,
            13,
            85,
            65,
            31,
            27,
            58,
            35
        ],
        [
            57,
            62,
            63,
            57,
            66
        ],
        [
            85,
            67,
            71,
            80,
            75
        ],
        [
            66,
            7,
            69,
            51,
            3,
            3,
            78,
            44,
            80
        ],
        [
            63,
            38,
            89,
            69,
            13,
            53,
            11,
            44,
            39,
            39,
            39
        ],
        [
            79,
            36,
            23,
            62,
            20,
            35,
            21,
            21,
            84
        ],
        [
            16,
            54,
            60,
            8,
            86,
            61,
            52,
            25,
            73,
            19,
            78
        ],
        [
            50,
            80,
            60,
            55,
            5,
            31,
            78,
            72,
            53,
            61,
            75
        ],
        [
            40,
            41,
            46,
            29,
            73,
            50,
            86,
            10
        ],
        [
            45,
            14,
            33,
            79,
            11,
            40,
            15,
            72,
            24,
            49
        ],
        [
            52,
            76,
            25,
            41,
            54,
            70,
            87,
            46,
            17,
            2
        ],
        [
            36,
            35,
            2,
            29,
            70,
            32,
            10
        ],
        [
            38,
            59,
            24,
            7,
            1,
            67,
            77
        ],
        [
            59,
            31,
            79,
            77,
            16,
            2,
            87,
            89,
            56
        ],
        [
            51,
            20,
            19,
            51,
            43,
            49,
            88,
            45,
            32,
            0
        ]
    ],
    "matching": {
        "0": 3,
        "1": 4,
        "2": 3,
        "3": 2,
        "4": 2,
        "5": 4,
        "6": 2,
        "7": 2,
        "8": 3,
        "9": 2,
        "10": 3,
        "11": 2,
        "12": 2,
        "13": 3,
        "14": 2,
        "15": 1,
        "16": 4,
        "17": 1,
        "18": 2,
        "19": 3,
        "20": 3,
        "21": 0,
        "22": 3,
        "23": 2,
        "24": 1,
        "25": 0,
        "26": 0,
        "27": 3,
        "28": 2,
        "29": 3,
        "30": 3,
        "31": 2,
        "32": 4,
        "33": 4,
        "34": 0,
        "35": 4,
        "36": 3,
        "37": 4,
        "38": 1,
        "39": 1,
        "40": 3,
        "41": 1,
        "42": 3,
        "43": 3,
        "44": 1,
        "45": 4,
        "46": 0,
        "47": 3,
        "48": 4,
        "49": 2,
        "50": 0,
        "51": 2,
        "52": 1,
        "53": 0,
        "54": 2,
        "55": 3,
        "56": 0,
        "57": 3,
        "58": 2,
        "59": 3,
        "60": 3,
        "61": 1,
        "62": 0,
        "63": 1,
        "64": 4,
        "65": 1,
        "66": 4,
        "67": 2,
        "68": 1,
        "69": 1,
        "70": 3,
        "71": 3,
        "72": 0,
        "73": 1,
        "74": 1,
        "75": 4,
        "76": 4,
        "77": 2,
        "78": 4,
        "79": 1,
        "80": 2,
        "81": 2,
        "82": 3,
        "83": 3,
        "84": 4,
        "85": 0,
        "86": 3,
        "87": 0,
        "88": 4,
        "89": 0
    },
    "lower_bound": 48.0
}