{
    "node_types": [
        "invoice",
        "sku",
        "zone"
    ],
    "edge_types": [
        "('invoice', 'requires', 'sku')",
        "('sku', 'located_at', 'zone')",
        "('sku', 'rev_requires', 'invoice')",
        "('zone', 'rev_located_at', 'sku')"
    ],
    "num_invoices": 33,
    "num_sku": 52,
    "num_zone": 5,
    "invoices": [
        [
            47,
            48,
            17,
            43,
            40,
            13
        ],
        [
            31,
            34,
            46
        ],
        [
            20,
            47,
            0
        ],
        [
            7,
            46,
            35
        ],
        [
            47,
            5,
            11,
            34
        ],
        [
            16,
            38,
            43
        ],
        [
            17
        ],
        [
            14,
            11
        ],
        [
            19,
            15,
            9,
            3,
            31,
            19,
            51,
            11
        ],
        [
            6,
            21,
            38,
            44,
            14
        ],
        [
            13,
            44,
            45
        ],
        [
            21,
            34,
            43,
            15
        ],
        [
            10,
            48,
            12,
            40,
            18,
            9,
            6,
            43
        ],
        [
            46,
            32,
            27,
            41,
            38,
            21,
            17
        ],
        [
            45,
            2,
            41,
            8,
            28,
            24,
            12,
            30
        ],
        [
            0,
            36,
            37,
            24,
            39
        ],
        [
            49,
            16,
            37,
            18
        ],
        [
            18
        ],
        [
            35,
            6,
            50,
            35,
            2,
            51
        ],
        [
            29,
            27,
            44,
            31,
            36
        ],
        [
            5,
            3,
            51,
            22,
            22,
            42,
            7,
            24
        ],
        [
            33,
            14,
            7,
            26
        ],
        [
            15,
            29,
            49,
            42
        ],
        [
            15,
            2,
            36,
            46,
            6
        ],
        [
            14,
            7,
            2,
            4,
            39,
            25
        ],
        [
            32,
            4,
            11,
            51
        ],
        [
            47,
            28,
            31,
            17,
            10,
            24,
            1,
            13,
            1
        ],
        [
            35,
            48
        ],
        [
            9,
            13,
            23,
            45,
            30
        ],
        [
            20,
            9,
            25,
            20,
            26
        ],
        [
            5,
            38,
            21,
            23,
            45
        ],
        [
            30,
            33,
            26
        ],
        [
            50,
            1,
            37,
            8,
            41
        ]
    ],
    "matching": {
        "0": 1,
        "1": 0,
        "2": 4,
        "3": 2,
        "4": 0,
        "5": 2,
        "6": 2,
        "7": 2,
        "8": 1,
        "9": 3,
        "10": 0,
        "11": 3,
        "12": 2,
        "13": 0,
        "14": 1,
        "15": 2,
        "16": 1,
        "17": 2,
        "18": 1,
        "19": 0,
        "20": 3,
        "21": 4,
        "22": 0,
        "23": 3,
        "24": 0,
        "25": 0,
        "26": 2,
        "27": 1,
        "28": 3,
        "29": 3,
        "30": 4,
        "31": 1,
        "32": 1,
        "33": 4,
        "34": 3,
        "35": 2,
        "36": 0,
        "37": 2,
        "38": 2,
        "39": 4,
        "40": 1,
        "41": 2,
        "42": 0,
        "43": 1,
        "44": 0,
        "45": 0,
        "46": 3,
        "47": 4,
        "48": 1,
        "49": 1,
        "50": 3,
        "51": 4
    },
    "lower_bound": 39.0
}