{
    "node_types": [
        "invoice",
        "sku",
        "zone"
    ],
    "edge_types": [
        "('invoice', 'requires', 'sku')",
        "('sku', 'located_at', 'zone')",
        "('sku', 'rev_requires', 'invoice')",
        "('zone', 'rev_located_at', 'sku')"
    ],
    "num_invoices": 25,
    "num_sku": 56,
    "num_zone": 5,
    "invoices": [
        [
            17,
            0,
            1,
            50,
            29,
            17
        ],
        [
            46,
            4,
            5,
            33,
            52,
            43,
            38,
            19,
            42,
            53,
            54
        ],
        [
            32,
            13
        ],
        [
            4,
            16,
            3,
            25,
            30
        ],
        [
            2,
            26
        ],
        [
            31,
            12,
            27,
            5,
            42,
            41,
            25,
            54,
            49
        ],
        [
            30,
            22,
            35,
            48,
            11,
            9
        ],
        [
            32,
            21,
            11,
            40,
            53,
            3
        ],
        [
            44,
            48,
            44,
            40,
            14,
            44,
            28
        ],
        [
            20,
            23,
            51,
            50,
            48,
            46,
            51
        ],
        [
            7,
            53,
            22,
            12,
            46,
            20
        ],
        [
            28,
            38,
            26
        ],
        [
            45,
            10,
            13,
            49,
            47,
            25,
            26,
            13,
            2,
            6
        ],
        [
            34,
            50,
            47,
            46
        ],
        [
            37,
            15,
            53,
            20,
            39,
            21,
            54,
            34,
            27,
            30
        ],
        [
            0,
            10,
            8,
            50,
            23,
            51,
            24,
            12
        ],
        [
            29,
            24,
            10,
            26,
            39,
            6
        ],
        [
            55,
            22,
            22,
            7,
            41
        ],
        [
            39,
            18,
            16,
            19,
            10,
            18,
            11
        ],
        [
            37,
            43,
            6,
            40,
            52,
            44,
            30,
            27,
            36,
            31
        ],
        [
            27,
            35,
            48,
            13,
            14
        ],
        [
            23,
            42,
            32,
            4
        ],
        [
            51,
            45,
            23,
            9,
            36,
            21
        ],
        [
            28,
            8,
            1,
            29,
            28,
            9
        ],
        [
            15,
            17,
            41,
            21,
            55,
            3,
            33
        ]
    ],
    "matching": {
        "0": 3,
        "1": 1,
        "2": 4,
        "3": 1,
        "4": 0,
        "5": 0,
        "6": 0,
        "7": 3,
        "8": 4,
        "9": 3,
        "10": 4,
        "11": 4,
        "12": 1,
        "13": 3,
        "14": 4,
        "15": 3,
        "16": 0,
        "17": 2,
        "18": 0,
        "19": 0,
        "20": 2,
        "21": 0,
        "22": 0,
        "23": 3,
        "24": 2,
        "25": 4,
        "26": 0,
        "27": 1,
        "28": 0,
        "29": 1,
        "30": 2,
        "31": 2,
        "32": 4,
        "33": 4,
        "34": 2,
        "35": 0,
        "36": 4,
        "37": 0,
        "38": 3,
        "39": 0,
        "40": 1,
        "41": 3,
        "42": 0,
        "43": 4,
        "44": 2,
        "45": 3,
        "46": 0,
        "47": 2,
        "48": 1,
        "49": 1,
        "50": 1,
        "51": 2,
        "52": 4,
        "53": 2,
        "54": 3,
        "55": 1
    },
    "lower_bound": 45.0
}