{
    "node_types": [
        "invoice",
        "sku",
        "zone"
    ],
    "edge_types": [
        "('invoice', 'requires', 'sku')",
        "('sku', 'located_at', 'zone')",
        "('sku', 'rev_requires', 'invoice')",
        "('zone', 'rev_located_at', 'sku')"
    ],
    "num_invoices": 33,
    "num_sku": 64,
    "num_zone": 5,
    "invoices": [
        [
            24,
            11,
            28
        ],
        [
            34,
            11,
            12,
            25,
            32,
            57
        ],
        [
            18,
            24,
            28
        ],
        [
            33,
            14,
            21,
            45,
            8,
            4
        ],
        [
            33,
            42
        ],
        [
            35,
            16,
            10,
            58
        ],
        [
            24,
            9,
            15,
            9,
            28
        ],
        [
            56,
            13,
            9,
            42
        ],
        [
            62,
            44,
            23,
            31,
            22,
            27,
            28,
            40
        ],
        [
            3,
            57,
            63,
            5
        ],
        [
            24,
            56,
            60,
            34,
            42,
            2,
            52,
            35,
            55
        ],
        [
            44,
            7,
            12,
            20,
            30,
            50
        ],
        [
            45,
            54,
            39,
            51,
            7,
            31,
            41
        ],
        [
            29,
            36,
            5,
            61,
            1,
            6,
            2,
            18
        ],
        [
            32,
            46,
            25,
            0,
            0,
            49,
            62,
            39,
            39,
            40,
            47,
            16
        ],
        [
            46,
            2,
            45,
            25,
            7,
            20,
            10
        ],
        [
            25,
            33,
            18
        ],
        [
            36,
            17,
            57,
            17,
            31
        ],
        [
            14,
            48,
            20,
            34,
            23,
            49,
            33,
            4,
            23,
            0,
            43,
            13
        ],
        [
            30,
            43,
            53,
            37,
            38,
            21,
            50
        ],
        [
            15,
            39,
            23
        ],
        [
            8,
            21,
            52,
            48,
            14,
            26
        ],
        [
            35,
            29,
            42,
            4,
            6,
            18,
            19,
            38
        ],
        [
            8,
            60,
            54,
            46,
            22
        ],
        [
            53,
            53,
            59
        ],
        [
            43,
            10,
            12,
            48,
            52,
            6,
            41
        ],
        [
            37,
            17,
            49
        ],
        [
            5,
            47,
            46,
            2,
            27,
            55,
            52,
            11
        ],
        [
            26,
            14,
            61,
            62,
            1,
            63,
            22,
            5
        ],
        [
            49,
            3,
            54,
            59,
            56,
            47
        ],
        [
            60,
            4,
            19,
            40
        ],
        [
            58,
            51,
            36,
            41,
            32,
            56
        ],
        [
            43,
            8
        ]
    ],
    "matching": {
        "0": 0,
        "1": 3,
        "2": 2,
        "3": 3,
        "4": 1,
        "5": 1,
        "6": 1,
        "7": 2,
        "8": 3,
        "9": 3,
        "10": 3,
        "11": 1,
        "12": 2,
        "13": 0,
        "14": 3,
        "15": 3,
        "16": 2,
        "17": 3,
        "18": 2,
        "19": 4,
        "20": 4,
        "21": 3,
        "22": 2,
        "23": 4,
        "24": 4,
        "25": 1,
        "26": 3,
        "27": 3,
        "28": 1,
        "29": 1,
        "30": 4,
        "31": 3,
        "32": 4,
        "33": 1,
        "34": 4,
        "35": 4,
        "36": 3,
        "37": 1,
        "38": 2,
        "39": 2,
        "40": 2,
        "41": 1,
        "42": 2,
        "43": 2,
        "44": 1,
        "45": 3,
        "46": 2,
        "47": 4,
        "48": 1,
        "49": 3,
        "50": 0,
        "51": 0,
        "52": 2,
        "53": 2,
        "54": 4,
        "55": 2,
        "56": 2,
        "57": 1,
        "58": 0,
        "59": 2,
        "60": 2,
        "61": 2,
        "62": 1,
        "63": 1
    },
    "lower_bound": 48.0
}