{
    "node_types": [
        "invoice",
        "sku",
        "zone"
    ],
    "edge_types": [
        "('invoice', 'requires', 'sku')",
        "('sku', 'located_at', 'zone')",
        "('sku', 'rev_requires', 'invoice')",
        "('zone', 'rev_located_at', 'sku')"
    ],
    "num_invoices": 35,
    "num_sku": 61,
    "num_zone": 5,
    "invoices": [
        [
            20,
            42,
            24,
            8,
            40,
            30,
            26
        ],
        [
            12,
            32,
            21,
            35,
            5,
            46,
            51
        ],
        [
            12,
            36,
            29,
            59,
            23,
            50,
            22,
            38,
            33
        ],
        [
            1,
            54,
            49,
            10,
            0,
            6,
            37
        ],
        [
            1,
            28,
            3,
            44
        ],
        [
            53,
            47,
            5,
            25,
            17
        ],
        [
            4,
            24,
            41,
            27,
            41
        ],
        [
            52,
            20,
            39,
            31,
            22,
            35,
            17
        ],
        [
            36,
            52,
            39,
            2,
            3,
            39,
            4,
            46
        ],
        [
            60,
            29,
            44,
            32,
            3,
            0
        ],
        [
            28,
            13,
            6,
            8,
            30,
            47,
            14,
            58,
            54
        ],
        [
            16,
            42,
            1,
            23,
            54,
            36,
            19,
            34
        ],
        [
            2,
            29,
            28,
            44,
            46
        ],
        [
            48,
            39,
            7,
            59
        ],
        [
            23,
            10,
            42,
            35,
            20,
            6
        ],
        [
            49,
            21,
            57,
            43,
            9
        ],
        [
            60,
            43,
            29,
            22,
            40
        ],
        [
            8,
            37,
            8,
            2,
            56,
            33
        ],
        [
            12,
            54
        ],
        [
            50,
            49,
            30,
            11,
            25
        ],
        [
            6,
            13,
            43,
            56,
            53,
            45,
            19,
            35
        ],
        [
            16
        ],
        [
            5,
            15,
            36,
            52,
            13
        ],
        [
            47,
            16,
            4,
            59,
            0,
            11,
            33,
            22,
            20,
            5
        ],
        [
            23,
            31,
            38,
            19,
            45,
            9,
            57
        ],
        [
            55,
            34,
            15,
            2
        ],
        [
            31,
            18
        ],
        [
            38,
            26,
            18,
            37,
            51,
            7
        ],
        [
            25,
            48,
            45,
            34,
            46
        ],
        [
            55,
            17,
            12
        ],
        [
            55,
            28,
            32,
            15,
            60,
            33
        ],
        [
            42,
            49,
            60,
            15,
            53,
            14,
            17,
            27
        ],
        [
            58,
            14,
            56,
            11,
            1,
            31
        ],
        [
            41,
            40,
            14,
            38
        ],
        [
            13,
            0
        ]
    ],
    "matching": {
        "0": 4,
        "1": 3,
        "2": 4,
        "3": 1,
        "4": 3,
        "5": 1,
        "6": 0,
        "7": 3,
        "8": 1,
        "9": 0,
        "10": 2,
        "11": 2,
        "12": 0,
        "13": 1,
        "14": 2,
        "15": 1,
        "16": 0,
        "17": 0,
        "18": 1,
        "19": 0,
        "20": 2,
        "21": 0,
        "22": 3,
        "23": 3,
        "24": 0,
        "25": 0,
        "26": 2,
        "27": 1,
        "28": 1,
        "29": 2,
        "30": 4,
        "31": 2,
        "32": 2,
        "33": 0,
        "34": 2,
        "35": 2,
        "36": 2,
        "37": 4,
        "38": 1,
        "39": 4,
        "40": 0,
        "41": 2,
        "42": 0,
        "43": 1,
        "44": 3,
        "45": 2,
        "46": 3,
        "47": 3,
        "48": 0,
        "49": 0,
        "50": 1,
        "51": 4,
        "52": 2,
        "53": 1,
        "54": 3,
        "55": 3,
        "56": 2,
        "57": 4,
        "58": 0,
        "59": 3,
        "60": 3
    },
    "lower_bound": 42.0
}