{
    "node_types": [
        "invoice",
        "sku",
        "zone"
    ],
    "edge_types": [
        "('invoice', 'requires', 'sku')",
        "('sku', 'located_at', 'zone')",
        "('sku', 'rev_requires', 'invoice')",
        "('zone', 'rev_located_at', 'sku')"
    ],
    "num_invoices": 27,
    "num_sku": 80,
    "num_zone": 5,
    "invoices": [
        [
            62,
            69,
            28,
            45,
            17,
            67
        ],
        [
            14,
            16,
            68,
            4,
            26,
            66,
            31,
            71,
            9
        ],
        [
            67,
            32,
            46,
            45,
            39
        ],
        [
            21,
            40,
            5,
            10,
            34,
            79,
            63,
            54
        ],
        [
            46,
            39,
            41,
            15,
            24,
            30,
            41
        ],
        [
            7,
            71,
            0,
            38,
            31,
            21,
            0,
            78,
            0
        ],
        [
            6,
            45,
            31,
            29
        ],
        [
            27,
            25,
            7,
            24,
            11,
            55,
            16,
            71,
            59,
            47,
            22,
            6,
            61,
            11,
            43,
            19
        ],
        [
            20,
            59,
            13,
            55,
            15,
            13,
            63,
            23,
            32,
            61,
            77,
            48,
            13,
            17
        ],
        [
            24,
            10,
            79,
            1,
            12,
            33,
            72,
            48,
            75,
            58,
            59,
            22
        ],
        [
            63,
            8,
            65,
            60,
            63,
            57
        ],
        [
            53,
            72,
            52,
            53,
            79,
            9,
            1,
            48,
            64
        ],
        [
            55,
            28,
            57,
            37
        ],
        [
            23,
            7,
            60,
            3,
            24,
            76,
            1,
            54,
            27,
            20,
            42,
            25
        ],
        [
            47,
            70,
            36,
            20,
            50
        ],
        [
            66,
            75,
            11,
            57,
            69,
            16,
            19,
            73
        ],
        [
            35,
            69,
            8,
            59,
            20,
            34,
            75,
            52,
            78
        ],
        [
            11,
            74,
            64,
            56,
            22,
            9
        ],
        [
            61,
            54,
            2,
            10,
            70,
            7,
            44
        ],
        [
            78,
            74,
            18,
            27,
            34,
            32,
            15,
            10,
            2,
            73,
            26,
            41,
            50,
            6,
            29,
            30,
            65,
            57,
            77
        ],
        [
            4,
            2,
            42,
            39,
            12,
            34,
            76,
            58,
            49,
            70,
            37,
            76,
            35,
            66,
            35,
            76,
            38
        ],
        [
            44,
            37,
            36,
            4,
            41,
            68,
            5,
            4,
            36,
            69,
            70
        ],
        [
            51,
            39,
            27,
            32,
            12,
            14
        ],
        [
            51,
            1,
            43,
            42,
            65,
            51,
            40,
            21,
            15,
            56,
            37,
            75,
            47
        ],
        [
            45,
            64,
            55,
            23,
            35,
            21,
            46
        ],
        [
            3,
            78,
            19,
            71,
            42,
            62,
            61,
            49,
            29,
            18,
            50
        ],
        [
            9,
            8,
            19,
            52,
            33,
            58
        ]
    ],
    "matching": {
        "0": 4,
        "1": 1,
        "2": 0,
        "3": 1,
        "4": 1,
        "5": 2,
        "6": 1,
        "7": 2,
        "8": 1,
        "9": 1,
        "10": 1,
        "11": 0,
        "12": 2,
        "13": 4,
        "14": 1,
        "15": 0,
        "16": 4,
        "17": 0,
        "18": 4,
        "19": 1,
        "20": 1,
        "21": 4,
        "22": 4,
        "23": 1,
        "24": 0,
        "25": 3,
        "26": 4,
        "27": 4,
        "28": 0,
        "29": 0,
        "30": 1,
        "31": 1,
        "32": 4,
        "33": 0,
        "34": 0,
        "35": 0,
        "36": 3,
        "37": 3,
        "38": 1,
        "39": 3,
        "40": 3,
        "41": 4,
        "42": 3,
        "43": 4,
        "44": 3,
        "45": 3,
        "46": 2,
        "47": 2,
        "48": 0,
        "49": 3,
        "50": 1,
        "51": 4,
        "52": 0,
        "53": 2,
        "54": 2,
        "55": 1,
        "56": 0,
        "57": 2,
        "58": 3,
        "59": 1,
        "60": 4,
        "61": 4,
        "62": 4,
        "63": 3,
        "64": 4,
        "65": 2,
        "66": 0,
        "67": 1,
        "68": 2,
        "69": 3,
        "70": 3,
        "71": 2,
        "72": 0,
        "73": 2,
        "74": 0,
        "75": 1,
        "76": 3,
        "77": 2,
        "78": 1,
        "79": 3
    },
    "lower_bound": 69.0
}