{
    "node_types": [
        "invoice",
        "sku",
        "zone"
    ],
    "edge_types": [
        "('invoice', 'requires', 'sku')",
        "('sku', 'located_at', 'zone')",
        "('sku', 'rev_requires', 'invoice')",
        "('zone', 'rev_located_at', 'sku')"
    ],
    "num_invoices": 34,
    "num_sku": 97,
    "num_zone": 5,
    "invoices": [
        [
            74,
            43,
            62,
            55,
            75,
            69,
            43,
            41,
            13,
            63,
            73,
            38,
            48
        ],
        [
            14,
            89,
            16,
            91,
            28,
            57,
            4,
            26,
            59
        ],
        [
            32,
            48,
            79,
            55,
            77,
            35,
            40,
            53,
            15,
            37,
            7
        ],
        [
            41,
            47,
            57,
            10,
            17,
            48,
            68
        ],
        [
            9,
            82,
            34,
            83,
            62,
            81,
            80,
            35
        ],
        [
            1,
            66,
            54,
            51,
            12,
            96,
            14
        ],
        [
            89,
            74,
            55,
            56,
            5,
            18,
            44
        ],
        [
            54,
            83,
            50,
            19,
            91,
            93,
            86,
            65,
            27,
            57,
            87,
            34,
            24,
            32,
            0
        ],
        [
            50,
            87,
            39,
            86,
            8,
            38,
            93,
            91,
            70
        ],
        [
            62,
            92,
            29,
            20,
            79,
            11,
            81,
            80
        ],
        [
            44,
            8,
            60,
            75,
            0
        ],
        [
            39,
            94,
            23,
            89,
            73,
            45,
            57,
            67,
            25
        ],
        [
            8,
            35,
            45,
            51,
            10,
            6,
            49,
            22
        ],
        [
            77,
            26,
            66,
            61,
            40,
            59,
            64,
            24,
            52,
            40
        ],
        [
            11,
            91,
            62,
            33,
            33,
            58,
            4,
            90,
            25
        ],
        [
            22,
            69,
            21,
            42,
            22
        ],
        [
            70,
            82,
            20,
            37,
            95,
            47
        ],
        [
            55,
            8,
            96,
            13,
            2,
            86,
            73,
            20,
            64,
            63
        ],
        [
            15,
            2,
            42,
            87,
            69,
            95,
            72,
            3,
            65,
            0,
            18,
            3,
            78,
            72,
            52,
            74
        ],
        [
            40,
            78,
            75,
            45,
            46,
            46
        ],
        [
            3,
            85,
            36,
            37,
            83,
            39,
            69
        ],
        [
            52,
            30,
            31,
            16,
            27,
            49
        ],
        [
            80,
            13,
            26,
            70,
            82,
            60,
            79,
            88
        ],
        [
            75,
            46,
            0,
            66,
            6,
            12,
            67,
            90,
            35
        ],
        [
            56,
            53,
            26,
            76,
            14,
            36,
            58,
            51,
            5,
            31,
            59,
            29
        ],
        [
            17,
            21
        ],
        [
            41,
            78,
            22,
            42,
            68
        ],
        [
            34,
            88,
            84,
            48,
            27,
            90,
            9
        ],
        [
            68,
            46,
            23,
            51,
            73,
            20,
            96,
            76,
            47,
            34
        ],
        [
            38,
            17,
            16,
            63,
            71,
            60,
            9,
            52,
            28,
            7,
            86,
            85,
            17,
            89,
            77
        ],
        [
            16,
            28,
            84,
            64,
            19,
            30,
            94,
            87
        ],
        [
            92,
            76,
            15,
            71
        ],
        [
            84,
            42,
            6,
            25,
            19,
            61,
            32,
            70
        ],
        [
            66,
            50,
            31,
            1,
            21,
            45,
            96,
            53,
            81,
            78,
            5,
            14,
            6
        ]
    ],
    "matching": {
        "0": 3,
        "1": 0,
        "2": 1,
        "3": 4,
        "4": 2,
        "5": 0,
        "6": 3,
        "7": 4,
        "8": 2,
        "9": 0,
        "10": 0,
        "11": 3,
        "12": 3,
        "13": 2,
        "14": 2,
        "15": 2,
        "16": 2,
        "17": 4,
        "18": 2,
        "19": 4,
        "20": 0,
        "21": 1,
        "22": 1,
        "23": 1,
        "24": 4,
        "25": 2,
        "26": 1,
        "27": 0,
        "28": 0,
        "29": 2,
        "30": 4,
        "31": 1,
        "32": 4,
        "33": 3,
        "34": 2,
        "35": 1,
        "36": 4,
        "37": 3,
        "38": 2,
        "39": 3,
        "40": 3,
        "41": 2,
        "42": 0,
        "43": 4,
        "44": 1,
        "45": 0,
        "46": 0,
        "47": 4,
        "48": 4,
        "49": 1,
        "50": 2,
        "51": 2,
        "52": 3,
        "53": 3,
        "54": 1,
        "55": 2,
        "56": 1,
        "57": 0,
        "58": 2,
        "59": 2,
        "60": 3,
        "61": 1,
        "62": 2,
        "63": 3,
        "64": 0,
        "65": 1,
        "66": 2,
        "67": 3,
        "68": 4,
        "69": 2,
        "70": 1,
        "71": 2,
        "72": 4,
        "73": 2,
        "74": 2,
        "75": 2,
        "76": 0,
        "77": 0,
        "78": 3,
        "79": 2,
        "80": 3,
        "81": 2,
        "82": 4,
        "83": 3,
        "84": 3,
        "85": 2,
        "86": 0,
        "87": 1,
        "88": 0,
        "89": 0,
        "90": 4,
        "91": 3,
        "92": 0,
        "93": 2,
        "94": 4,
        "95": 3,
        "96": 3
    },
    "lower_bound": 60.0
}