{
    "node_types": [
        "invoice",
        "sku",
        "zone"
    ],
    "edge_types": [
        "('invoice', 'requires', 'sku')",
        "('sku', 'located_at', 'zone')",
        "('sku', 'rev_requires', 'invoice')",
        "('zone', 'rev_located_at', 'sku')"
    ],
    "num_invoices": 29,
    "num_sku": 64,
    "num_zone": 5,
    "invoices": [
        [
            39,
            40,
            55,
            21,
            32,
            48,
            36
        ],
        [
            34,
            37,
            12,
            24,
            27,
            39
        ],
        [
            45,
            43,
            62,
            60,
            10
        ],
        [
            6,
            15,
            41,
            46,
            14,
            51
        ],
        [
            27,
            35,
            0,
            39
        ],
        [
            24,
            25,
            38,
            47,
            42,
            26,
            56,
            12
        ],
        [
            53,
            34,
            57,
            63,
            46,
            26,
            21
        ],
        [
            49,
            12,
            52,
            38,
            24,
            52,
            38,
            60
        ],
        [
            6,
            23,
            26,
            57,
            45,
            59
        ],
        [
            50,
            20,
            47,
            11,
            25,
            33,
            54,
            13,
            35,
            5,
            17,
            7,
            51
        ],
        [
            42,
            33,
            62,
            43
        ],
        [
            59,
            4,
            18,
            15,
            49,
            15,
            13,
            8
        ],
        [
            50,
            31,
            3,
            46,
            5,
            51,
            7,
            28,
            1
        ],
        [
            40,
            37,
            13,
            19,
            37,
            52,
            47,
            10,
            3,
            20
        ],
        [
            19,
            54
        ],
        [
            61,
            1,
            49,
            36,
            11
        ],
        [
            4,
            61,
            59,
            53,
            6,
            50,
            9,
            16
        ],
        [
            14,
            34,
            62,
            33,
            30
        ],
        [
            0,
            57,
            32,
            8,
            10,
            48
        ],
        [
            12,
            32,
            30,
            15,
            2,
            23,
            58,
            31,
            41
        ],
        [
            56,
            48,
            16,
            63
        ],
        [
            55,
            3,
            29,
            58,
            25,
            11,
            42,
            59
        ],
        [
            9,
            42,
            16,
            50,
            44,
            16,
            20
        ],
        [
            29,
            26,
            60,
            2,
            5,
            33
        ],
        [
            23,
            44,
            17,
            32,
            22
        ],
        [
            51,
            53,
            46,
            18
        ],
        [
            44,
            19,
            43,
            47,
            0
        ],
        [
            52,
            45,
            39,
            22,
            28
        ],
        [
            10,
            28,
            2,
            6,
            14,
            57
        ]
    ],
    "matching": {
        "0": 3,
        "1": 2,
        "2": 0,
        "3": 0,
        "4": 1,
        "5": 1,
        "6": 2,
        "7": 2,
        "8": 0,
        "9": 4,
        "10": 0,
        "11": 2,
        "12": 4,
        "13": 1,
        "14": 3,
        "15": 0,
        "16": 1,
        "17": 3,
        "18": 1,
        "19": 1,
        "20": 3,
        "21": 4,
        "22": 1,
        "23": 3,
        "24": 0,
        "25": 2,
        "26": 4,
        "27": 0,
        "28": 3,
        "29": 1,
        "30": 4,
        "31": 1,
        "32": 1,
        "33": 2,
        "34": 1,
        "35": 3,
        "36": 2,
        "37": 1,
        "38": 4,
        "39": 4,
        "40": 1,
        "41": 4,
        "42": 1,
        "43": 1,
        "44": 0,
        "45": 2,
        "46": 1,
        "47": 2,
        "48": 1,
        "49": 0,
        "50": 3,
        "51": 2,
        "52": 4,
        "53": 3,
        "54": 0,
        "55": 2,
        "56": 3,
        "57": 2,
        "58": 2,
        "59": 2,
        "60": 1,
        "61": 0,
        "62": 3,
        "63": 3
    },
    "lower_bound": 51.0
}