{
    "node_types": [
        "invoice",
        "sku",
        "zone"
    ],
    "edge_types": [
        "('invoice', 'requires', 'sku')",
        "('sku', 'located_at', 'zone')",
        "('sku', 'rev_requires', 'invoice')",
        "('zone', 'rev_located_at', 'sku')"
    ],
    "num_invoices": 34,
    "num_sku": 83,
    "num_zone": 5,
    "invoices": [
        [
            16,
            19,
            6
        ],
        [
            78,
            54,
            7,
            38,
            22,
            66,
            56,
            60,
            23,
            66
        ],
        [
            78,
            42,
            78,
            12,
            5,
            1,
            49
        ],
        [
            28,
            75,
            9,
            50,
            60,
            72
        ],
        [
            37,
            30,
            25,
            62,
            69
        ],
        [
            44,
            53,
            23,
            65
        ],
        [
            8,
            57,
            43,
            15,
            72,
            40,
            15,
            26,
            36,
            35,
            48
        ],
        [
            43,
            19,
            43,
            45,
            51,
            18,
            46,
            47,
            53
        ],
        [
            29,
            8,
            61,
            4,
            36,
            30,
            42
        ],
        [
            9,
            66
        ],
        [
            65,
            50,
            10,
            46,
            79,
            28,
            62
        ],
        [
            4,
            47,
            67,
            22,
            76,
            72,
            22,
            25
        ],
        [
            62,
            80
        ],
        [
            64,
            37,
            13,
            7,
            3
        ],
        [
            82,
            58,
            48,
            57,
            1,
            14,
            59,
            41,
            55,
            5
        ],
        [
            27,
            63,
            81,
            77,
            26,
            25
        ],
        [
            25,
            23,
            52,
            73,
            53,
            68,
            29
        ],
        [
            38,
            7,
            14,
            71,
            21,
            67,
            47,
            76,
            19
        ],
        [
            29,
            16,
            0,
            79,
            17
        ],
        [
            31,
            2,
            65,
            79,
            40,
            34,
            44,
            33,
            21,
            73,
            34
        ],
        [
            27,
            59,
            30,
            35,
            54,
            39,
            18,
            68,
            74
        ],
        [
            57,
            2,
            72,
            4,
            24,
            15,
            64,
            51,
            32,
            74,
            18
        ],
        [
            18,
            11,
            67,
            61,
            52,
            12
        ],
        [
            11,
            27,
            23,
            33,
            63,
            81,
            81,
            55,
            33,
            49,
            81
        ],
        [
            5,
            41,
            71,
            40,
            65,
            26,
            9,
            70
        ],
        [
            7,
            29,
            69,
            20,
            15,
            20,
            10,
            69,
            78
        ],
        [
            32,
            45,
            57,
            70,
            77,
            20
        ],
        [
            79,
            33,
            3,
            34,
            49,
            75,
            13
        ],
        [
            11,
            1,
            67,
            75,
            63,
            56
        ],
        [
            24,
            2,
            31,
            80,
            69,
            46,
            3,
            52
        ],
        [
            0,
            62,
            6,
            70,
            8,
            64,
            77,
            76,
            36,
            82
        ],
        [
            30,
            50,
            82,
            21,
            22,
            6
        ],
        [
            27,
            45,
            13,
            77,
            26,
            10,
            39
        ],
        [
            82,
            58,
            64,
            17,
            28,
            28,
            61,
            20,
            34
        ]
    ],
    "matching": {
        "0": 2,
        "1": 3,
        "2": 0,
        "3": 3,
        "4": 4,
        "5": 0,
        "6": 4,
        "7": 2,
        "8": 0,
        "9": 3,
        "10": 4,
        "11": 2,
        "12": 2,
        "13": 2,
        "14": 1,
        "15": 2,
        "16": 4,
        "17": 2,
        "18": 4,
        "19": 2,
        "20": 1,
        "21": 1,
        "22": 2,
        "23": 3,
        "24": 3,
        "25": 3,
        "26": 4,
        "27": 1,
        "28": 3,
        "29": 3,
        "30": 1,
        "31": 4,
        "32": 2,
        "33": 3,
        "34": 1,
        "35": 4,
        "36": 2,
        "37": 0,
        "38": 1,
        "39": 3,
        "40": 1,
        "41": 0,
        "42": 0,
        "43": 1,
        "44": 0,
        "45": 3,
        "46": 4,
        "47": 4,
        "48": 0,
        "49": 4,
        "50": 3,
        "51": 3,
        "52": 0,
        "53": 4,
        "54": 1,
        "55": 3,
        "56": 1,
        "57": 1,
        "58": 0,
        "59": 4,
        "60": 1,
        "61": 4,
        "62": 4,
        "63": 0,
        "64": 3,
        "65": 4,
        "66": 3,
        "67": 1,
        "68": 2,
        "69": 1,
        "70": 2,
        "71": 4,
        "72": 3,
        "73": 4,
        "74": 3,
        "75": 1,
        "76": 1,
        "77": 1,
        "78": 0,
        "79": 3,
        "80": 4,
        "81": 1,
        "82": 0
    },
    "lower_bound": 45.0
}