{
    "node_types": [
        "invoice",
        "sku",
        "zone"
    ],
    "edge_types": [
        "('invoice', 'requires', 'sku')",
        "('sku', 'located_at', 'zone')",
        "('sku', 'rev_requires', 'invoice')",
        "('zone', 'rev_located_at', 'sku')"
    ],
    "num_invoices": 28,
    "num_sku": 94,
    "num_zone": 5,
    "invoices": [
        [
            20,
            33,
            58,
            26,
            32,
            73,
            24
        ],
        [
            82,
            68,
            23,
            18,
            71,
            83,
            0,
            79,
            64,
            91,
            80,
            57,
            42,
            47,
            5,
            11,
            2,
            42,
            3,
            52
        ],
        [
            74,
            53,
            15,
            67,
            28,
            58,
            89,
            52,
            22,
            78,
            58,
            72,
            4
        ],
        [
            67,
            82,
            21,
            75,
            40,
            44,
            66,
            56
        ],
        [
            48,
            6,
            58,
            14,
            54
        ],
        [
            80,
            27,
            12,
            62,
            62,
            4,
            74
        ],
        [
            33,
            67,
            31,
            44,
            16,
            41,
            92,
            1,
            71,
            83,
            77,
            9,
            93,
            70
        ],
        [
            10,
            84,
            8,
            76,
            86,
            19,
            0,
            0,
            82,
            18,
            13
        ],
        [
            40,
            26,
            29,
            9,
            75,
            80,
            28,
            70
        ],
        [
            12,
            14,
            11,
            88,
            84,
            75,
            15,
            51,
            6,
            60,
            86,
            54,
            38
        ],
        [
            69,
            49,
            37,
            69,
            1,
            30,
            34
        ],
        [
            78,
            63,
            80,
            34,
            79,
            39,
            87,
            65,
            53,
            83,
            25,
            64,
            36
        ],
        [
            46,
            5,
            12,
            92,
            10,
            20,
            38,
            45,
            46,
            59
        ],
        [
            63,
            84,
            77,
            54,
            15,
            69
        ],
        [
            27,
            40,
            86,
            2,
            39,
            61,
            41,
            50,
            49,
            22,
            4,
            40,
            71
        ],
        [
            11,
            85,
            3,
            20,
            2,
            88,
            37,
            30,
            91
        ],
        [
            87,
            27,
            57,
            76,
            75,
            87,
            43
        ],
        [
            55,
            2,
            81,
            82,
            23,
            90,
            46,
            16,
            43,
            34,
            36,
            60,
            8,
            45,
            88
        ],
        [
            9,
            66,
            81,
            13,
            93,
            14,
            89,
            48,
            5,
            50
        ],
        [
            43,
            1,
            92,
            7,
            63,
            47,
            51,
            29
        ],
        [
            76,
            63,
            7,
            10,
            14,
            92,
            59,
            4,
            55
        ],
        [
            13,
            49,
            19,
            56,
            43,
            26,
            13,
            55,
            84,
            6,
            76,
            26
        ],
        [
            88,
            3,
            42,
            56,
            17,
            70,
            66,
            91,
            77
        ],
        [
            7,
            49,
            17,
            68,
            73,
            11,
            93,
            16
        ],
        [
            25,
            93,
            65,
            35,
            73,
            24,
            72,
            21,
            85,
            19,
            90,
            19
        ],
        [
            27,
            70,
            16,
            1,
            0
        ],
        [
            20,
            45,
            25,
            35,
            9
        ],
        [
            89,
            85,
            83,
            31,
            32,
            68,
            29,
            61,
            15,
            64,
            5
        ]
    ],
    "matching": {
        "0": 3,
        "1": 0,
        "2": 1,
        "3": 3,
        "4": 3,
        "5": 4,
        "6": 4,
        "7": 4,
        "8": 1,
        "9": 0,
        "10": 0,
        "11": 1,
        "12": 2,
        "13": 2,
        "14": 3,
        "15": 0,
        "16": 2,
        "17": 4,
        "18": 3,
        "19": 3,
        "20": 1,
        "21": 2,
        "22": 1,
        "23": 2,
        "24": 2,
        "25": 4,
        "26": 0,
        "27": 0,
        "28": 2,
        "29": 4,
        "30": 3,
        "31": 0,
        "32": 2,
        "33": 1,
        "34": 4,
        "35": 1,
        "36": 0,
        "37": 2,
        "38": 0,
        "39": 4,
        "40": 0,
        "41": 3,
        "42": 0,
        "43": 1,
        "44": 4,
        "45": 3,
        "46": 0,
        "47": 1,
        "48": 1,
        "49": 3,
        "50": 2,
        "51": 4,
        "52": 0,
        "53": 0,
        "54": 0,
        "55": 3,
        "56": 3,
        "57": 2,
        "58": 2,
        "59": 0,
        "60": 1,
        "61": 3,
        "62": 3,
        "63": 0,
        "64": 2,
        "65": 3,
        "66": 3,
        "67": 1,
        "68": 4,
        "69": 3,
        "70": 1,
        "71": 2,
        "72": 2,
        "73": 3,
        "74": 4,
        "75": 2,
        "76": 3,
        "77": 0,
        "78": 1,
        "79": 0,
        "80": 0,
        "81": 2,
        "82": 2,
        "83": 0,
        "84": 3,
        "85": 4,
        "86": 4,
        "87": 1,
        "88": 4,
        "89": 3,
        "90": 1,
        "91": 0,
        "92": 1,
        "93": 2
    },
    "lower_bound": 72.0
}