{
    "node_types": [
        "invoice",
        "sku",
        "zone"
    ],
    "edge_types": [
        "('invoice', 'requires', 'sku')",
        "('sku', 'located_at', 'zone')",
        "('sku', 'rev_requires', 'invoice')",
        "('zone', 'rev_located_at', 'sku')"
    ],
    "num_invoices": 31,
    "num_sku": 84,
    "num_zone": 5,
    "invoices": [
        [
            6,
            7,
            49,
            72,
            4,
            59,
            42,
            18
        ],
        [
            52,
            24,
            21,
            16,
            23,
            72,
            66
        ],
        [
            28,
            25,
            1,
            56,
            46,
            62,
            8,
            55,
            68,
            82,
            17,
            16
        ],
        [
            17,
            26,
            3,
            58,
            54,
            67,
            36,
            32,
            41,
            82
        ],
        [
            62,
            5,
            50,
            51,
            68
        ],
        [
            16,
            21,
            62,
            76,
            73,
            60
        ],
        [
            53,
            50,
            34,
            26,
            7,
            32,
            12
        ],
        [
            11,
            82,
            73,
            48,
            33,
            35,
            13
        ],
        [
            23,
            0,
            71,
            8,
            59
        ],
        [
            41,
            57,
            52,
            2,
            81,
            27,
            19
        ],
        [
            47,
            75,
            70,
            14,
            6,
            47,
            48,
            78,
            37
        ],
        [
            31,
            67,
            32,
            10,
            79,
            78,
            35,
            61
        ],
        [
            13,
            29,
            26,
            55,
            63,
            12,
            15,
            28,
            60,
            70,
            46
        ],
        [
            2,
            33,
            39,
            21,
            65,
            25,
            48
        ],
        [
            38,
            81,
            19,
            76,
            68
        ],
        [
            17,
            28,
            21,
            44,
            30,
            65,
            9,
            28
        ],
        [
            24,
            3,
            27,
            55,
            22,
            40,
            77,
            70,
            80,
            60,
            58,
            40
        ],
        [
            15,
            6,
            65,
            56
        ],
        [
            31,
            31,
            63,
            25,
            22,
            56,
            3,
            64,
            33,
            51,
            71
        ],
        [
            29,
            54,
            80,
            11,
            44,
            38,
            49,
            67,
            53,
            63
        ],
        [
            20,
            20,
            0,
            62,
            63
        ],
        [
            26,
            54,
            71,
            59,
            22,
            77,
            75,
            69,
            68,
            33,
            2,
            69,
            30
        ],
        [
            66,
            5,
            45,
            61,
            7,
            36
        ],
        [
            19,
            50,
            60,
            53,
            42
        ],
        [
            23,
            36,
            42,
            73,
            9,
            61,
            80,
            17,
            41
        ],
        [
            80,
            13,
            74,
            57,
            57,
            42
        ],
        [
            53,
            3,
            41,
            14,
            35,
            74,
            38,
            29
        ],
        [
            61,
            57,
            5,
            64,
            58,
            36,
            77,
            13
        ],
        [
            10,
            0,
            40,
            69,
            7,
            4,
            37,
            6,
            34,
            39,
            83,
            31,
            43,
            70
        ],
        [
            32,
            79,
            24,
            2,
            83,
            22
        ],
        [
            51,
            1,
            16,
            18,
            73,
            45,
            81,
            75,
            43,
            25
        ]
    ],
    "matching": {
        "0": 1,
        "1": 1,
        "2": 2,
        "3": 3,
        "4": 1,
        "5": 1,
        "6": 1,
        "7": 1,
        "8": 0,
        "9": 2,
        "10": 1,
        "11": 4,
        "12": 3,
        "13": 4,
        "14": 2,
        "15": 4,
        "16": 0,
        "17": 1,
        "18": 4,
        "19": 1,
        "20": 1,
        "21": 4,
        "22": 1,
        "23": 4,
        "24": 4,
        "25": 3,
        "26": 1,
        "27": 0,
        "28": 1,
        "29": 0,
        "30": 2,
        "31": 0,
        "32": 2,
        "33": 2,
        "34": 3,
        "35": 4,
        "36": 2,
        "37": 0,
        "38": 1,
        "39": 4,
        "40": 3,
        "41": 1,
        "42": 3,
        "43": 0,
        "44": 2,
        "45": 2,
        "46": 0,
        "47": 3,
        "48": 2,
        "49": 4,
        "50": 3,
        "51": 0,
        "52": 0,
        "53": 0,
        "54": 0,
        "55": 0,
        "56": 1,
        "57": 1,
        "58": 1,
        "59": 3,
        "60": 1,
        "61": 1,
        "62": 4,
        "63": 4,
        "64": 3,
        "65": 2,
        "66": 0,
        "67": 4,
        "68": 0,
        "69": 2,
        "70": 2,
        "71": 4,
        "72": 3,
        "73": 4,
        "74": 3,
        "75": 4,
        "76": 1,
        "77": 2,
        "78": 2,
        "79": 4,
        "80": 3,
        "81": 4,
        "82": 2,
        "83": 3
    },
    "lower_bound": 54.0
}