{
    "node_types": [
        "invoice",
        "sku",
        "zone"
    ],
    "edge_types": [
        "('invoice', 'requires', 'sku')",
        "('sku', 'located_at', 'zone')",
        "('sku', 'rev_requires', 'invoice')",
        "('zone', 'rev_located_at', 'sku')"
    ],
    "num_invoices": 34,
    "num_sku": 85,
    "num_zone": 5,
    "invoices": [
        [
            0,
            81,
            8,
            33,
            38
        ],
        [
            53,
            68,
            69,
            37,
            76,
            61,
            7,
            9,
            66,
            3
        ],
        [
            27,
            55,
            48,
            18,
            32,
            74,
            64,
            9,
            68,
            35
        ],
        [
            26,
            75,
            45,
            4,
            70,
            10,
            61,
            50,
            17
        ],
        [
            42,
            18,
            46,
            69,
            25,
            51,
            80,
            15
        ],
        [
            30,
            9,
            30,
            62,
            77,
            16
        ],
        [
            57,
            84,
            73
        ],
        [
            36,
            14,
            78,
            67,
            36,
            33,
            33
        ],
        [
            3,
            58,
            1,
            67,
            43,
            1,
            47,
            35,
            5,
            6,
            16
        ],
        [
            19,
            72,
            39,
            6,
            32,
            26
        ],
        [
            65,
            26,
            41,
            84,
            81,
            34,
            51,
            62
        ],
        [
            4,
            28,
            23,
            7,
            17
        ],
        [
            24,
            82,
            54,
            40,
            44,
            11
        ],
        [
            45,
            42,
            22,
            72,
            27,
            39,
            41,
            62,
            13,
            66,
            68,
            40
        ],
        [
            20,
            17,
            0,
            73,
            49,
            52,
            25,
            20,
            37
        ],
        [
            29,
            71,
            11,
            63,
            43,
            83
        ],
        [
            67,
            78,
            35,
            45,
            38
        ],
        [
            1,
            13,
            16,
            23,
            59,
            71,
            66,
            12,
            82,
            49,
            24,
            12
        ],
        [
            22,
            24,
            2,
            70,
            68,
            54
        ],
        [
            58,
            32,
            14,
            36,
            56,
            69,
            10,
            64,
            15
        ],
        [
            24,
            40,
            8,
            19,
            73,
            61,
            55,
            47
        ],
        [
            45,
            52,
            0
        ],
        [
            25,
            58,
            46,
            30,
            5,
            15,
            77,
            61,
            59,
            80
        ],
        [
            65,
            59,
            48,
            57,
            39,
            46,
            53,
            52,
            49
        ],
        [
            64,
            35,
            1,
            50,
            77,
            56,
            53,
            56,
            82
        ],
        [
            4,
            49,
            58,
            67,
            74,
            83,
            29
        ],
        [
            60,
            10,
            75,
            47,
            77,
            26,
            8
        ],
        [
            2,
            56,
            41,
            10
        ],
        [
            11,
            28,
            55,
            63,
            55,
            69,
            44
        ],
        [
            22,
            3,
            39,
            79,
            60,
            59,
            31,
            2,
            44,
            79,
            13,
            20,
            76
        ],
        [
            21,
            37,
            9,
            21,
            81,
            31,
            37,
            83
        ],
        [
            74,
            65,
            18,
            14,
            12,
            82,
            64,
            42
        ],
        [
            22,
            44,
            50,
            13,
            8,
            76,
            51,
            34,
            78
        ],
        [
            30,
            38,
            73,
            0
        ]
    ],
    "matching": {
        "0": 3,
        "1": 3,
        "2": 3,
        "3": 2,
        "4": 2,
        "5": 2,
        "6": 4,
        "7": 0,
        "8": 3,
        "9": 3,
        "10": 0,
        "11": 3,
        "12": 0,
        "13": 3,
        "14": 3,
        "15": 1,
        "16": 4,
        "17": 2,
        "18": 1,
        "19": 1,
        "20": 1,
        "21": 2,
        "22": 1,
        "23": 4,
        "24": 4,
        "25": 3,
        "26": 4,
        "27": 3,
        "28": 1,
        "29": 1,
        "30": 2,
        "31": 2,
        "32": 4,
        "33": 4,
        "34": 0,
        "35": 3,
        "36": 2,
        "37": 1,
        "38": 2,
        "39": 1,
        "40": 4,
        "41": 3,
        "42": 0,
        "43": 2,
        "44": 2,
        "45": 1,
        "46": 4,
        "47": 3,
        "48": 0,
        "49": 4,
        "50": 0,
        "51": 2,
        "52": 1,
        "53": 2,
        "54": 1,
        "55": 0,
        "56": 1,
        "57": 3,
        "58": 4,
        "59": 3,
        "60": 2,
        "61": 0,
        "62": 0,
        "63": 1,
        "64": 0,
        "65": 4,
        "66": 1,
        "67": 0,
        "68": 1,
        "69": 4,
        "70": 0,
        "71": 3,
        "72": 1,
        "73": 0,
        "74": 0,
        "75": 1,
        "76": 1,
        "77": 1,
        "78": 1,
        "79": 0,
        "80": 4,
        "81": 4,
        "82": 2,
        "83": 0,
        "84": 3
    },
    "lower_bound": 51.0
}