{
    "node_types": [
        "invoice",
        "sku",
        "zone"
    ],
    "edge_types": [
        "('invoice', 'requires', 'sku')",
        "('sku', 'located_at', 'zone')",
        "('sku', 'rev_requires', 'invoice')",
        "('zone', 'rev_located_at', 'sku')"
    ],
    "num_invoices": 27,
    "num_sku": 90,
    "num_zone": 5,
    "invoices": [
        [
            83,
            5,
            74,
            63,
            64,
            3,
            67,
            17,
            53
        ],
        [
            46,
            43,
            48,
            21,
            55,
            28,
            58,
            26,
            8,
            87,
            74,
            15,
            45
        ],
        [
            65,
            4,
            22,
            9,
            67,
            78,
            38,
            81,
            56,
            39,
            53
        ],
        [
            7,
            80,
            77,
            1,
            36,
            5,
            88,
            73,
            28,
            7
        ],
        [
            39,
            23,
            20,
            77,
            81,
            78,
            37,
            75,
            77,
            33,
            38,
            35,
            43,
            0,
            5,
            5
        ],
        [
            56,
            51,
            23,
            11,
            57,
            57,
            37,
            89,
            50,
            82,
            45
        ],
        [
            23,
            16,
            71,
            26,
            70,
            73,
            16
        ],
        [
            84,
            17,
            45,
            76,
            69,
            0,
            78,
            38,
            55,
            63,
            27
        ],
        [
            75,
            41,
            30,
            70,
            48
        ],
        [
            86,
            24,
            66,
            35,
            89,
            73,
            47,
            42,
            53
        ],
        [
            54,
            41,
            72,
            52,
            31,
            40,
            80,
            3,
            68,
            15
        ],
        [
            52,
            9,
            75,
            62,
            58,
            14,
            14,
            26,
            59,
            61,
            61,
            38,
            33,
            68
        ],
        [
            72,
            68,
            12,
            2,
            49,
            51,
            25,
            66,
            50,
            62,
            32,
            80,
            20,
            60,
            18,
            2
        ],
        [
            36,
            82,
            12,
            11,
            44,
            32,
            4
        ],
        [
            13,
            47,
            64,
            11,
            19,
            84,
            56,
            24,
            8,
            44,
            58,
            71
        ],
        [
            18,
            30,
            74,
            27,
            29,
            10,
            52,
            21,
            57,
            82
        ],
        [
            44,
            66,
            11,
            87,
            88,
            59,
            77,
            85,
            34
        ],
        [
            67,
            7,
            42,
            39,
            19,
            40,
            32,
            29,
            78,
            62,
            84,
            29,
            21
        ],
        [
            3,
            30,
            17,
            60,
            6,
            83
        ],
        [
            48,
            69,
            22,
            18,
            34,
            28,
            61,
            6,
            26,
            45,
            2
        ],
        [
            79,
            30,
            31,
            10,
            19,
            49,
            25,
            2,
            88,
            58
        ],
        [
            46,
            43,
            33,
            10,
            34,
            7,
            76,
            56,
            24,
            82,
            18
        ],
        [
            85,
            37,
            50,
            54,
            74,
            57,
            40,
            37,
            55,
            13,
            22,
            70
        ],
        [
            61,
            52,
            67,
            53,
            47,
            79,
            39,
            19,
            22
        ],
        [
            32,
            20,
            62,
            89,
            25,
            9,
            3,
            4
        ],
        [
            60,
            4,
            6,
            36,
            36,
            55,
            48,
            81,
            76,
            1,
            86
        ],
        [
            88,
            84,
            69,
            14,
            24,
            65,
            20
        ]
    ],
    "matching": {
        "0": 3,
        "1": 3,
        "2": 0,
        "3": 4,
        "4": 3,
        "5": 3,
        "6": 0,
        "7": 3,
        "8": 4,
        "9": 1,
        "10": 2,
        "11": 1,
        "12": 1,
        "13": 2,
        "14": 0,
        "15": 2,
        "16": 0,
        "17": 3,
        "18": 1,
        "19": 0,
        "20": 0,
        "21": 1,
        "22": 3,
        "23": 4,
        "24": 4,
        "25": 3,
        "26": 3,
        "27": 1,
        "28": 3,
        "29": 0,
        "30": 0,
        "31": 3,
        "32": 3,
        "33": 4,
        "34": 2,
        "35": 1,
        "36": 1,
        "37": 1,
        "38": 3,
        "39": 3,
        "40": 0,
        "41": 0,
        "42": 4,
        "43": 3,
        "44": 2,
        "45": 3,
        "46": 2,
        "47": 3,
        "48": 3,
        "49": 1,
        "50": 1,
        "51": 2,
        "52": 4,
        "53": 0,
        "54": 3,
        "55": 4,
        "56": 1,
        "57": 2,
        "58": 3,
        "59": 1,
        "60": 4,
        "61": 4,
        "62": 1,
        "63": 0,
        "64": 2,
        "65": 1,
        "66": 1,
        "67": 4,
        "68": 1,
        "69": 0,
        "70": 3,
        "71": 0,
        "72": 0,
        "73": 1,
        "74": 1,
        "75": 2,
        "76": 2,
        "77": 0,
        "78": 0,
        "79": 0,
        "80": 4,
        "81": 4,
        "82": 1,
        "83": 3,
        "84": 1,
        "85": 3,
        "86": 3,
        "87": 2,
        "88": 1,
        "89": 2
    },
    "lower_bound": 60.0
}