{
    "node_types": [
        "invoice",
        "sku",
        "zone"
    ],
    "edge_types": [
        "('invoice', 'requires', 'sku')",
        "('sku', 'located_at', 'zone')",
        "('sku', 'rev_requires', 'invoice')",
        "('zone', 'rev_located_at', 'sku')"
    ],
    "num_invoices": 29,
    "num_sku": 51,
    "num_zone": 5,
    "invoices": [
        [
            3,
            12,
            27,
            32,
            43
        ],
        [
            50,
            47,
            33,
            46,
            40
        ],
        [
            14
        ],
        [
            2,
            19,
            16,
            41,
            28
        ],
        [
            0,
            9,
            14,
            22
        ],
        [
            7,
            2,
            19,
            44,
            28,
            21
        ],
        [
            1,
            23,
            21,
            19,
            6
        ],
        [
            10,
            26,
            8,
            12,
            23,
            4,
            36
        ],
        [
            38,
            17,
            15,
            50,
            33,
            50
        ],
        [
            10,
            49,
            26,
            46,
            35,
            47,
            45,
            31,
            20,
            47,
            44,
            36,
            39
        ],
        [
            4,
            18,
            43,
            5,
            6
        ],
        [
            16,
            14,
            4,
            20
        ],
        [
            13,
            8,
            22,
            41,
            33,
            27
        ],
        [
            12,
            21,
            35,
            28,
            18,
            1
        ],
        [
            35,
            11,
            46,
            37,
            42
        ],
        [
            46,
            36,
            34,
            30
        ],
        [
            49,
            32,
            34,
            31,
            0,
            33,
            34,
            43,
            37,
            34,
            24
        ],
        [
            7,
            0,
            14,
            7,
            48,
            40,
            29
        ],
        [
            11,
            47,
            29
        ],
        [
            21,
            23,
            30,
            20
        ],
        [
            39,
            44
        ],
        [
            2,
            22
        ],
        [
            48,
            45,
            41
        ],
        [
            17,
            17,
            0
        ],
        [
            45,
            15,
            28,
            1
        ],
        [
            15,
            13,
            20,
            38,
            32,
            25
        ],
        [
            38,
            37,
            3,
            2,
            36,
            27,
            9,
            30
        ],
        [
            19,
            40,
            13,
            25,
            18,
            42,
            35,
            5,
            45,
            3
        ],
        [
            8,
            22,
            24
        ]
    ],
    "matching": {
        "0": 0,
        "1": 1,
        "2": 0,
        "3": 3,
        "4": 0,
        "5": 3,
        "6": 3,
        "7": 1,
        "8": 0,
        "9": 3,
        "10": 3,
        "11": 4,
        "12": 2,
        "13": 3,
        "14": 0,
        "15": 3,
        "16": 1,
        "17": 0,
        "18": 4,
        "19": 3,
        "20": 3,
        "21": 3,
        "22": 0,
        "23": 3,
        "24": 1,
        "25": 1,
        "26": 1,
        "27": 0,
        "28": 3,
        "29": 4,
        "30": 4,
        "31": 1,
        "32": 2,
        "33": 1,
        "34": 0,
        "35": 3,
        "36": 2,
        "37": 1,
        "38": 3,
        "39": 4,
        "40": 2,
        "41": 0,
        "42": 0,
        "43": 1,
        "44": 2,
        "45": 2,
        "46": 4,
        "47": 4,
        "48": 0,
        "49": 4,
        "50": 3
    },
    "lower_bound": 51.0
}