{
    "node_types": [
        "invoice",
        "sku",
        "zone"
    ],
    "edge_types": [
        "('invoice', 'requires', 'sku')",
        "('sku', 'located_at', 'zone')",
        "('sku', 'rev_requires', 'invoice')",
        "('zone', 'rev_located_at', 'sku')"
    ],
    "num_invoices": 33,
    "num_sku": 91,
    "num_zone": 5,
    "invoices": [
        [
            38,
            24,
            61,
            55,
            84,
            22,
            44,
            56
        ],
        [
            19,
            25,
            58,
            8,
            76,
            16,
            1,
            13,
            90,
            67,
            43,
            80,
            82,
            75,
            63
        ],
        [
            70,
            2,
            69,
            29,
            53,
            38
        ],
        [
            7,
            36,
            8,
            61,
            30,
            52,
            35
        ],
        [
            82,
            26,
            73,
            21,
            45,
            36,
            34
        ],
        [
            0,
            26,
            77,
            30,
            18,
            54,
            18,
            84,
            4,
            90,
            90,
            52,
            3
        ],
        [
            29,
            27,
            65,
            78
        ],
        [
            27,
            18,
            11,
            72,
            66,
            32,
            44,
            29
        ],
        [
            0,
            17,
            63,
            12,
            54,
            33
        ],
        [
            15,
            59,
            12,
            71,
            17,
            55,
            85,
            25,
            35,
            54
        ],
        [
            73,
            57,
            33,
            12,
            74,
            7,
            55,
            86
        ],
        [
            45,
            20,
            4,
            62,
            64,
            50,
            81,
            49,
            66,
            73,
            42
        ],
        [
            49,
            80,
            2,
            40,
            28,
            26,
            46,
            48,
            38,
            19
        ],
        [
            2,
            78,
            8,
            53,
            88,
            82,
            87,
            73,
            53,
            24,
            79
        ],
        [
            8,
            38,
            3,
            84,
            59
        ],
        [
            20,
            71,
            55,
            9,
            13
        ],
        [
            85,
            50,
            57,
            14,
            57,
            43,
            34,
            66,
            64,
            56,
            42,
            66,
            86
        ],
        [
            37,
            63,
            75,
            75,
            87,
            50,
            36,
            83,
            88
        ],
        [
            81,
            32,
            32,
            33,
            42,
            79,
            16,
            16,
            22
        ],
        [
            68,
            74,
            67,
            46
        ],
        [
            47,
            70,
            30,
            64,
            9,
            31,
            39,
            25,
            5,
            13,
            49
        ],
        [
            83,
            87,
            72,
            21,
            10,
            79,
            6,
            81,
            46,
            80
        ],
        [
            78,
            9,
            90,
            13
        ],
        [
            20,
            71,
            89,
            15,
            67,
            48,
            19,
            1
        ],
        [
            11,
            60,
            47,
            5,
            51,
            58,
            49,
            3
        ],
        [
            83,
            12,
            37,
            2,
            37,
            10,
            31,
            42,
            39
        ],
        [
            62,
            41,
            52
        ],
        [
            61,
            15,
            10,
            5,
            41,
            51
        ],
        [
            62,
            72,
            76,
            48,
            68,
            30,
            6
        ],
        [
            16,
            89,
            24,
            11,
            11,
            23,
            82,
            14
        ],
        [
            80,
            70,
            40,
            37,
            69,
            69,
            32,
            83,
            86,
            52,
            20,
            28
        ],
        [
            79,
            23,
            17,
            86
        ],
        [
            3,
            65,
            77,
            60,
            25,
            5,
            41,
            76,
            87
        ]
    ],
    "matching": {
        "0": 2,
        "1": 0,
        "2": 2,
        "3": 0,
        "4": 1,
        "5": 3,
        "6": 3,
        "7": 0,
        "8": 0,
        "9": 0,
        "10": 4,
        "11": 2,
        "12": 2,
        "13": 4,
        "14": 3,
        "15": 3,
        "16": 3,
        "17": 2,
        "18": 3,
        "19": 4,
        "20": 4,
        "21": 0,
        "22": 3,
        "23": 4,
        "24": 4,
        "25": 1,
        "26": 0,
        "27": 2,
        "28": 1,
        "29": 2,
        "30": 0,
        "31": 1,
        "32": 2,
        "33": 2,
        "34": 0,
        "35": 3,
        "36": 3,
        "37": 0,
        "38": 4,
        "39": 1,
        "40": 1,
        "41": 0,
        "42": 1,
        "43": 1,
        "44": 3,
        "45": 2,
        "46": 1,
        "47": 2,
        "48": 1,
        "49": 2,
        "50": 0,
        "51": 3,
        "52": 0,
        "53": 4,
        "54": 1,
        "55": 2,
        "56": 3,
        "57": 1,
        "58": 3,
        "59": 1,
        "60": 3,
        "61": 4,
        "62": 2,
        "63": 1,
        "64": 2,
        "65": 0,
        "66": 2,
        "67": 2,
        "68": 4,
        "69": 4,
        "70": 1,
        "71": 2,
        "72": 2,
        "73": 3,
        "74": 3,
        "75": 2,
        "76": 3,
        "77": 2,
        "78": 0,
        "79": 3,
        "80": 1,
        "81": 2,
        "82": 4,
        "83": 1,
        "84": 1,
        "85": 0,
        "86": 4,
        "87": 1,
        "88": 4,
        "89": 1,
        "90": 3
    },
    "lower_bound": 57.0
}