{
    "node_types": [
        "invoice",
        "sku",
        "zone"
    ],
    "edge_types": [
        "('invoice', 'requires', 'sku')",
        "('sku', 'located_at', 'zone')",
        "('sku', 'rev_requires', 'invoice')",
        "('zone', 'rev_located_at', 'sku')"
    ],
    "num_invoices": 33,
    "num_sku": 80,
    "num_zone": 5,
    "invoices": [
        [
            49,
            57,
            67,
            71,
            21,
            44
        ],
        [
            61,
            52,
            65
        ],
        [
            1,
            43,
            22,
            8,
            18,
            46,
            17
        ],
        [
            69,
            64,
            71,
            13
        ],
        [
            17,
            21,
            54,
            36,
            40,
            20,
            19,
            29,
            39
        ],
        [
            61,
            73,
            74,
            4,
            35,
            47,
            60,
            21
        ],
        [
            45,
            15,
            62,
            36,
            32,
            11,
            67,
            50,
            23
        ],
        [
            67,
            58,
            61,
            38,
            61,
            14,
            5
        ],
        [
            0,
            24,
            24,
            63,
            59,
            42
        ],
        [
            55,
            5,
            16,
            19,
            76,
            11,
            26,
            79,
            50
        ],
        [
            5,
            75,
            60,
            38,
            4,
            22,
            24,
            2
        ],
        [
            10,
            66,
            68,
            18
        ],
        [
            30,
            75,
            14,
            56,
            63
        ],
        [
            15,
            57,
            45,
            74
        ],
        [
            72,
            1,
            20,
            9,
            36,
            37,
            42,
            40,
            67,
            43
        ],
        [
            2,
            44,
            22,
            62,
            0,
            30,
            50,
            12,
            13,
            65
        ],
        [
            71,
            60,
            41
        ],
        [
            66,
            40,
            68,
            4,
            1,
            62
        ],
        [
            9,
            53,
            32,
            35,
            19,
            22,
            46,
            78,
            28
        ],
        [
            29,
            9,
            6,
            74,
            37,
            54
        ],
        [
            39,
            26,
            72,
            39
        ],
        [
            75,
            72,
            5,
            3,
            31,
            33,
            42,
            27
        ],
        [
            47,
            12,
            69,
            13,
            3,
            64,
            33,
            46,
            28,
            32,
            29,
            55,
            76
        ],
        [
            9,
            18,
            78,
            7,
            21,
            73,
            16,
            6
        ],
        [
            64,
            51,
            14,
            28,
            70,
            54,
            68,
            20
        ],
        [
            76,
            25,
            46,
            59,
            68,
            52,
            14,
            29,
            77,
            10
        ],
        [
            78,
            74,
            7,
            42,
            56,
            15,
            20,
            39,
            23,
            15,
            79
        ],
        [
            18,
            78,
            49,
            33,
            34,
            49,
            48,
            31,
            66,
            51,
            48,
            53,
            43,
            65
        ],
        [
            58,
            64,
            3,
            2,
            50,
            66,
            37,
            1,
            53,
            44
        ],
        [
            77,
            2,
            41,
            8,
            3
        ],
        [
            26,
            0,
            40,
            4,
            26
        ],
        [
            70,
            10
        ],
        [
            34,
            25,
            12,
            27,
            38,
            53,
            19
        ]
    ],
    "matching": {
        "0": 4,
        "1": 0,
        "2": 0,
        "3": 0,
        "4": 1,
        "5": 1,
        "6": 4,
        "7": 4,
        "8": 3,
        "9": 4,
        "10": 4,
        "11": 1,
        "12": 4,
        "13": 0,
        "14": 0,
        "15": 0,
        "16": 1,
        "17": 0,
        "18": 4,
        "19": 3,
        "20": 0,
        "21": 3,
        "22": 2,
        "23": 3,
        "24": 2,
        "25": 0,
        "26": 1,
        "27": 3,
        "28": 2,
        "29": 4,
        "30": 4,
        "31": 3,
        "32": 3,
        "33": 4,
        "34": 3,
        "35": 0,
        "36": 3,
        "37": 3,
        "38": 0,
        "39": 2,
        "40": 2,
        "41": 0,
        "42": 4,
        "43": 1,
        "44": 1,
        "45": 2,
        "46": 4,
        "47": 4,
        "48": 1,
        "49": 4,
        "50": 3,
        "51": 0,
        "52": 3,
        "53": 2,
        "54": 4,
        "55": 0,
        "56": 4,
        "57": 3,
        "58": 2,
        "59": 0,
        "60": 0,
        "61": 1,
        "62": 4,
        "63": 4,
        "64": 0,
        "65": 1,
        "66": 4,
        "67": 0,
        "68": 2,
        "69": 0,
        "70": 4,
        "71": 1,
        "72": 3,
        "73": 3,
        "74": 1,
        "75": 0,
        "76": 2,
        "77": 2,
        "78": 4,
        "79": 1
    },
    "lower_bound": 54.0
}