{
    "node_types": [
        "invoice",
        "sku",
        "zone"
    ],
    "edge_types": [
        "('invoice', 'requires', 'sku')",
        "('sku', 'located_at', 'zone')",
        "('sku', 'rev_requires', 'invoice')",
        "('zone', 'rev_located_at', 'sku')"
    ],
    "num_invoices": 25,
    "num_sku": 66,
    "num_zone": 5,
    "invoices": [
        [
            37,
            50,
            28
        ],
        [
            4,
            20,
            53,
            16,
            47,
            44,
            60
        ],
        [
            31,
            6,
            30,
            31,
            3,
            2,
            29,
            42,
            64,
            45,
            27
        ],
        [
            37,
            65,
            34,
            14,
            39,
            15,
            37,
            17,
            11,
            27,
            11,
            38
        ],
        [
            42,
            13,
            19,
            49,
            7,
            8,
            51,
            2,
            16
        ],
        [
            1,
            14,
            55,
            17
        ],
        [
            44,
            10,
            42
        ],
        [
            32,
            51,
            31,
            50,
            61,
            33,
            53,
            65,
            25
        ],
        [
            6,
            35,
            34,
            3,
            45,
            57,
            24,
            18,
            56,
            38
        ],
        [
            1,
            55,
            13,
            12,
            7,
            50,
            40,
            54
        ],
        [
            36,
            58,
            8,
            8,
            46,
            20,
            22,
            22,
            21,
            60,
            43
        ],
        [
            30,
            32,
            20,
            52,
            7,
            11,
            5,
            49,
            27
        ],
        [
            22,
            9,
            63,
            35,
            52
        ],
        [
            5,
            51,
            5,
            6,
            26
        ],
        [
            58,
            39,
            56
        ],
        [
            48,
            29,
            31,
            6,
            55,
            61,
            10,
            20,
            16
        ],
        [
            43,
            0,
            46,
            25,
            56,
            10,
            18
        ],
        [
            33,
            19,
            43,
            3,
            26,
            9,
            62,
            4,
            24,
            60,
            13
        ],
        [
            24,
            14,
            28,
            15,
            42,
            23
        ],
        [
            41,
            19,
            34,
            1,
            49,
            45,
            0,
            48
        ],
        [
            64,
            32,
            39,
            50,
            1,
            24,
            47
        ],
        [
            37,
            14,
            3,
            62,
            48,
            33,
            44,
            25,
            54
        ],
        [
            17,
            36,
            61,
            51,
            40,
            28,
            65,
            59,
            41
        ],
        [
            43,
            41,
            54,
            59,
            62,
            57,
            17,
            2,
            10,
            48,
            32,
            23,
            27,
            57
        ],
        [
            45,
            63,
            21,
            12
        ]
    ],
    "matching": {
        "0": 1,
        "1": 2,
        "2": 1,
        "3": 0,
        "4": 1,
        "5": 1,
        "6": 4,
        "7": 1,
        "8": 4,
        "9": 4,
        "10": 0,
        "11": 0,
        "12": 3,
        "13": 2,
        "14": 4,
        "15": 1,
        "16": 0,
        "17": 0,
        "18": 3,
        "19": 4,
        "20": 0,
        "21": 4,
        "22": 2,
        "23": 0,
        "24": 0,
        "25": 3,
        "26": 3,
        "27": 3,
        "28": 4,
        "29": 1,
        "30": 2,
        "31": 3,
        "32": 4,
        "33": 4,
        "34": 0,
        "35": 2,
        "36": 4,
        "37": 3,
        "38": 0,
        "39": 4,
        "40": 3,
        "41": 3,
        "42": 4,
        "43": 3,
        "44": 1,
        "45": 4,
        "46": 1,
        "47": 0,
        "48": 4,
        "49": 0,
        "50": 1,
        "51": 4,
        "52": 1,
        "53": 1,
        "54": 3,
        "55": 1,
        "56": 3,
        "57": 4,
        "58": 2,
        "59": 2,
        "60": 2,
        "61": 1,
        "62": 4,
        "63": 1,
        "64": 1,
        "65": 2
    },
    "lower_bound": 54.0
}