{
    "node_types": [
        "invoice",
        "sku",
        "zone"
    ],
    "edge_types": [
        "('invoice', 'requires', 'sku')",
        "('sku', 'located_at', 'zone')",
        "('sku', 'rev_requires', 'invoice')",
        "('zone', 'rev_located_at', 'sku')"
    ],
    "num_invoices": 26,
    "num_sku": 62,
    "num_zone": 5,
    "invoices": [
        [
            52,
            14,
            13,
            25,
            10,
            30,
            49,
            61
        ],
        [
            45,
            58,
            37,
            17,
            61
        ],
        [
            44,
            14,
            58,
            21,
            7
        ],
        [
            13,
            50,
            8,
            12,
            18,
            43,
            7,
            49
        ],
        [
            50,
            57,
            16,
            59,
            7,
            42,
            44,
            28,
            37,
            43
        ],
        [
            34,
            57,
            49,
            10
        ],
        [
            22,
            25,
            4,
            50,
            20
        ],
        [
            5,
            34,
            1,
            54,
            7,
            8,
            33
        ],
        [
            2,
            31,
            15,
            24,
            0
        ],
        [
            16,
            9,
            54,
            14,
            24,
            21,
            55,
            26
        ],
        [
            42,
            26,
            37,
            41,
            56,
            3,
            3,
            46,
            2,
            35
        ],
        [
            19,
            41,
            1,
            35,
            31
        ],
        [
            18,
            45,
            23,
            28,
            0,
            42
        ],
        [
            29,
            5,
            53,
            17,
            12
        ],
        [
            53,
            55,
            0,
            52,
            36,
            38,
            60,
            15
        ],
        [
            44,
            58,
            40,
            19,
            35,
            28,
            11,
            53,
            47,
            55,
            40,
            12,
            46,
            0,
            17
        ],
        [
            41,
            8,
            30
        ],
        [
            1,
            51,
            27,
            10,
            48,
            12,
            13,
            32,
            47
        ],
        [
            25,
            39,
            9,
            23,
            30,
            39,
            44
        ],
        [
            56,
            4,
            30,
            46,
            15,
            27,
            59,
            9,
            4
        ],
        [
            60,
            47,
            42,
            56,
            20,
            32,
            24,
            1,
            18,
            54
        ],
        [
            41,
            28,
            38,
            56,
            6,
            32,
            6,
            40,
            3,
            51,
            48,
            14,
            39
        ],
        [
            11,
            4,
            36,
            51,
            58,
            16
        ],
        [
            15,
            29,
            53,
            32
        ],
        [
            34,
            24,
            22,
            55,
            27,
            17
        ],
        [
            10,
            25,
            35,
            33,
            50,
            13,
            40
        ]
    ],
    "matching": {
        "0": 1,
        "1": 4,
        "2": 0,
        "3": 4,
        "4": 1,
        "5": 2,
        "6": 4,
        "7": 1,
        "8": 3,
        "9": 0,
        "10": 3,
        "11": 2,
        "12": 2,
        "13": 2,
        "14": 4,
        "15": 4,
        "16": 4,
        "17": 4,
        "18": 1,
        "19": 0,
        "20": 1,
        "21": 2,
        "22": 4,
        "23": 4,
        "24": 3,
        "25": 4,
        "26": 3,
        "27": 3,
        "28": 1,
        "29": 2,
        "30": 3,
        "31": 1,
        "32": 3,
        "33": 4,
        "34": 4,
        "35": 2,
        "36": 1,
        "37": 0,
        "38": 4,
        "39": 4,
        "40": 1,
        "41": 0,
        "42": 2,
        "43": 0,
        "44": 1,
        "45": 2,
        "46": 2,
        "47": 3,
        "48": 0,
        "49": 4,
        "50": 3,
        "51": 0,
        "52": 1,
        "53": 1,
        "54": 4,
        "55": 0,
        "56": 4,
        "57": 3,
        "58": 1,
        "59": 1,
        "60": 2,
        "61": 4
    },
    "lower_bound": 57.0
}