{
    "node_types": [
        "invoice",
        "sku",
        "zone"
    ],
    "edge_types": [
        "('invoice', 'requires', 'sku')",
        "('sku', 'located_at', 'zone')",
        "('sku', 'rev_requires', 'invoice')",
        "('zone', 'rev_located_at', 'sku')"
    ],
    "num_invoices": 32,
    "num_sku": 84,
    "num_zone": 5,
    "invoices": [
        [
            52,
            73,
            43,
            35,
            47,
            20
        ],
        [
            23,
            24,
            17,
            18
        ],
        [
            41,
            7,
            0,
            15,
            62,
            79,
            65,
            29,
            62,
            20,
            58,
            45
        ],
        [
            55,
            48,
            75,
            76,
            47,
            76,
            3,
            8
        ],
        [
            32,
            42,
            58,
            69,
            24,
            60,
            63,
            21
        ],
        [
            50,
            82,
            57,
            37,
            40,
            77,
            50,
            41,
            1,
            73,
            78,
            75,
            15,
            29,
            78,
            43,
            77
        ],
        [
            68,
            21,
            41,
            2,
            30
        ],
        [
            72,
            60,
            43,
            68,
            35,
            60,
            21,
            5
        ],
        [
            19,
            66,
            2,
            7,
            69,
            48
        ],
        [
            71,
            80,
            70,
            28,
            20,
            27,
            17,
            6,
            83,
            25,
            52,
            16
        ],
        [
            13,
            82,
            10,
            61,
            2
        ],
        [
            82,
            34,
            33,
            53,
            34,
            32,
            13
        ],
        [
            38,
            12,
            17,
            27,
            56,
            60,
            48,
            50,
            0,
            25,
            5
        ],
        [
            78,
            52,
            46,
            65,
            57,
            3,
            5,
            28,
            45
        ],
        [
            77,
            12,
            65,
            14
        ],
        [
            80,
            42,
            18,
            42,
            13,
            59,
            39,
            8,
            54
        ],
        [
            14,
            26,
            59,
            32,
            31,
            62,
            74,
            15,
            75,
            45,
            1
        ],
        [
            25,
            55,
            61,
            69,
            62,
            48,
            46,
            71
        ],
        [
            83,
            6,
            37,
            74,
            72,
            4,
            66,
            74,
            51
        ],
        [
            38,
            26,
            68,
            26,
            81,
            44,
            22,
            18,
            67,
            79,
            30,
            64
        ],
        [
            47,
            67,
            4,
            4,
            6,
            11,
            18,
            25,
            8,
            23,
            9,
            76,
            41,
            74
        ],
        [
            4,
            46,
            15,
            54,
            30
        ],
        [
            40,
            81,
            63,
            22,
            6
        ],
        [
            36,
            36,
            77,
            3,
            11,
            69,
            16,
            30
        ],
        [
            80,
            49,
            10,
            21,
            76,
            72
        ],
        [
            46,
            82,
            12,
            26,
            51,
            17,
            14,
            23,
            80
        ],
        [
            16,
            64,
            49,
            19,
            61,
            70
        ],
        [
            67,
            9,
            38,
            70,
            39,
            65,
            73,
            31,
            68
        ],
        [
            28,
            8,
            20,
            37,
            53,
            56,
            13,
            78,
            71,
            19,
            1
        ],
        [
            33,
            23
        ],
        [
            38,
            0,
            11,
            67,
            7,
            56,
            44,
            27,
            53
        ],
        [
            37,
            58,
            42,
            32,
            50,
            73
        ]
    ],
    "matching": {
        "0": 0,
        "1": 4,
        "2": 0,
        "3": 2,
        "4": 0,
        "5": 4,
        "6": 4,
        "7": 0,
        "8": 1,
        "9": 1,
        "10": 0,
        "11": 4,
        "12": 1,
        "13": 1,
        "14": 1,
        "15": 0,
        "16": 0,
        "17": 1,
        "18": 1,
        "19": 4,
        "20": 4,
        "21": 4,
        "22": 2,
        "23": 1,
        "24": 0,
        "25": 0,
        "26": 4,
        "27": 4,
        "28": 0,
        "29": 4,
        "30": 0,
        "31": 0,
        "32": 2,
        "33": 3,
        "34": 4,
        "35": 3,
        "36": 4,
        "37": 1,
        "38": 1,
        "39": 3,
        "40": 2,
        "41": 3,
        "42": 4,
        "43": 1,
        "44": 2,
        "45": 3,
        "46": 4,
        "47": 0,
        "48": 4,
        "49": 2,
        "50": 2,
        "51": 0,
        "52": 2,
        "53": 1,
        "54": 1,
        "55": 4,
        "56": 4,
        "57": 2,
        "58": 4,
        "59": 4,
        "60": 0,
        "61": 2,
        "62": 1,
        "63": 2,
        "64": 0,
        "65": 2,
        "66": 2,
        "67": 4,
        "68": 1,
        "69": 1,
        "70": 2,
        "71": 0,
        "72": 3,
        "73": 3,
        "74": 3,
        "75": 1,
        "76": 2,
        "77": 2,
        "78": 1,
        "79": 3,
        "80": 3,
        "81": 3,
        "82": 0,
        "83": 2
    },
    "lower_bound": 63.0
}