{
    "node_types": [
        "invoice",
        "sku",
        "zone"
    ],
    "edge_types": [
        "('invoice', 'requires', 'sku')",
        "('sku', 'located_at', 'zone')",
        "('sku', 'rev_requires', 'invoice')",
        "('zone', 'rev_located_at', 'sku')"
    ],
    "num_invoices": 33,
    "num_sku": 72,
    "num_zone": 5,
    "invoices": [
        [
            24,
            60,
            57,
            21
        ],
        [
            15,
            37,
            61,
            12,
            3,
            5,
            23,
            24,
            7,
            39,
            58
        ],
        [
            49,
            64,
            50,
            66,
            50,
            51,
            41
        ],
        [
            25,
            39,
            18,
            42,
            69,
            11,
            21,
            64
        ],
        [
            7,
            25
        ],
        [
            61,
            65,
            43,
            27,
            44,
            48,
            37,
            48
        ],
        [
            4,
            63,
            1,
            69,
            2
        ],
        [
            70,
            39,
            32,
            38,
            46
        ],
        [
            20
        ],
        [
            17,
            24
        ],
        [
            62,
            29,
            67,
            12,
            24,
            0,
            3,
            50
        ],
        [
            5,
            58,
            8,
            43,
            6,
            67,
            31,
            57
        ],
        [
            34,
            53,
            54
        ],
        [
            51,
            68,
            27,
            28,
            70,
            44,
            31,
            17,
            40,
            39,
            13
        ],
        [
            43,
            42,
            23,
            4,
            54,
            25
        ],
        [
            11,
            64,
            28,
            22,
            17,
            56,
            15,
            71
        ],
        [
            8,
            33,
            54,
            19,
            52,
            56,
            2,
            66
        ],
        [
            47,
            32,
            12,
            9,
            26
        ],
        [
            47,
            5,
            60,
            55,
            20,
            14
        ],
        [
            22,
            16,
            26,
            71,
            35,
            46,
            10,
            66
        ],
        [
            18,
            30,
            61,
            21,
            8,
            26,
            48,
            59,
            2,
            12
        ],
        [
            27,
            54,
            9,
            65,
            48,
            71
        ],
        [
            14,
            49,
            35,
            52,
            38,
            64,
            55,
            18,
            45
        ],
        [
            41,
            20,
            60,
            0
        ],
        [
            22,
            30,
            9,
            55
        ],
        [
            58,
            57,
            51,
            29,
            26,
            19,
            68,
            47
        ],
        [
            40,
            36,
            23,
            67,
            10
        ],
        [
            0,
            10,
            70,
            62,
            20,
            1,
            60,
            69
        ],
        [
            31,
            32,
            17,
            35,
            47
        ],
        [
            68,
            19,
            40,
            53,
            6,
            40,
            45,
            34,
            25,
            63
        ],
        [
            53,
            55,
            27,
            9,
            50,
            36,
            44,
            33
        ],
        [
            56,
            66,
            52,
            3,
            34,
            13,
            34,
            59,
            33,
            63,
            0,
            11
        ],
        [
            57,
            1,
            30,
            30,
            1,
            32,
            65,
            3,
            16,
            51,
            21
        ]
    ],
    "matching": {
        "0": 1,
        "1": 3,
        "2": 0,
        "3": 4,
        "4": 3,
        "5": 4,
        "6": 4,
        "7": 1,
        "8": 2,
        "9": 1,
        "10": 3,
        "11": 3,
        "12": 3,
        "13": 4,
        "14": 1,
        "15": 2,
        "16": 3,
        "17": 2,
        "18": 2,
        "19": 2,
        "20": 2,
        "21": 3,
        "22": 0,
        "23": 4,
        "24": 0,
        "25": 0,
        "26": 3,
        "27": 4,
        "28": 4,
        "29": 1,
        "30": 2,
        "31": 0,
        "32": 0,
        "33": 1,
        "34": 1,
        "35": 1,
        "36": 0,
        "37": 0,
        "38": 3,
        "39": 3,
        "40": 1,
        "41": 2,
        "42": 0,
        "43": 3,
        "44": 1,
        "45": 4,
        "46": 0,
        "47": 0,
        "48": 1,
        "49": 0,
        "50": 2,
        "51": 1,
        "52": 1,
        "53": 4,
        "54": 1,
        "55": 0,
        "56": 3,
        "57": 2,
        "58": 2,
        "59": 1,
        "60": 4,
        "61": 1,
        "62": 3,
        "63": 3,
        "64": 4,
        "65": 0,
        "66": 0,
        "67": 1,
        "68": 0,
        "69": 3,
        "70": 2,
        "71": 1
    },
    "lower_bound": 48.0
}