{
    "node_types": [
        "invoice",
        "sku",
        "zone"
    ],
    "edge_types": [
        "('invoice', 'requires', 'sku')",
        "('sku', 'located_at', 'zone')",
        "('sku', 'rev_requires', 'invoice')",
        "('zone', 'rev_located_at', 'sku')"
    ],
    "num_invoices": 29,
    "num_sku": 65,
    "num_zone": 5,
    "invoices": [
        [
            31,
            49,
            26,
            23,
            34,
            40,
            26,
            34
        ],
        [
            20,
            35,
            5,
            15,
            45,
            18
        ],
        [
            5,
            42,
            4
        ],
        [
            39,
            33,
            33,
            41,
            29,
            15,
            45
        ],
        [
            25,
            19,
            4,
            8,
            45
        ],
        [
            4,
            48,
            9
        ],
        [
            27,
            10,
            14,
            61
        ],
        [
            5,
            60,
            32,
            51,
            64,
            60,
            18,
            52,
            47,
            35,
            51
        ],
        [
            31,
            23
        ],
        [
            62,
            42,
            18,
            61
        ],
        [
            19,
            12,
            28,
            53,
            13,
            3,
            45,
            40,
            33,
            28,
            53
        ],
        [
            27,
            32,
            62,
            0
        ],
        [
            39,
            51,
            59,
            12,
            59,
            16,
            32
        ],
        [
            2,
            7,
            46,
            11
        ],
        [
            62,
            33,
            32,
            59,
            44,
            41,
            55,
            25,
            1
        ],
        [
            23,
            21,
            57,
            6,
            39,
            2,
            13
        ],
        [
            37,
            12,
            13,
            48,
            41,
            17,
            38
        ],
        [
            3,
            11,
            49,
            12,
            2,
            10,
            47,
            54,
            21,
            36
        ],
        [
            22,
            26,
            43,
            36,
            0,
            60,
            64
        ],
        [
            50,
            43,
            9,
            24,
            59,
            20,
            21,
            62
        ],
        [
            29,
            64,
            50,
            63,
            10,
            10,
            54
        ],
        [
            48,
            63,
            52,
            1,
            36,
            60,
            24,
            61,
            56
        ],
        [
            6,
            36,
            7,
            46,
            55,
            22,
            3,
            8
        ],
        [
            5,
            53,
            54,
            41,
            58,
            3,
            25,
            48,
            22
        ],
        [
            44,
            30,
            42,
            6,
            58,
            9,
            40,
            24,
            30,
            37
        ],
        [
            21,
            25,
            14,
            57,
            13,
            17
        ],
        [
            50,
            56,
            64,
            38,
            63,
            16
        ],
        [
            7,
            20
        ],
        [
            23,
            20,
            28,
            17
        ]
    ],
    "matching": {
        "0": 4,
        "1": 3,
        "2": 4,
        "3": 3,
        "4": 2,
        "5": 3,
        "6": 4,
        "7": 4,
        "8": 2,
        "9": 1,
        "10": 0,
        "11": 3,
        "12": 3,
        "13": 3,
        "14": 1,
        "15": 3,
        "16": 2,
        "17": 2,
        "18": 0,
        "19": 4,
        "20": 1,
        "21": 1,
        "22": 0,
        "23": 2,
        "24": 1,
        "25": 3,
        "26": 1,
        "27": 3,
        "28": 2,
        "29": 0,
        "30": 3,
        "31": 1,
        "32": 0,
        "33": 3,
        "34": 0,
        "35": 4,
        "36": 4,
        "37": 3,
        "38": 2,
        "39": 1,
        "40": 3,
        "41": 2,
        "42": 4,
        "43": 4,
        "44": 1,
        "45": 3,
        "46": 0,
        "47": 2,
        "48": 1,
        "49": 1,
        "50": 0,
        "51": 4,
        "52": 4,
        "53": 4,
        "54": 4,
        "55": 3,
        "56": 3,
        "57": 1,
        "58": 4,
        "59": 1,
        "60": 0,
        "61": 4,
        "62": 1,
        "63": 4,
        "64": 1
    },
    "lower_bound": 45.0
}