{
    "node_types": [
        "invoice",
        "sku",
        "zone"
    ],
    "edge_types": [
        "('invoice', 'requires', 'sku')",
        "('sku', 'located_at', 'zone')",
        "('sku', 'rev_requires', 'invoice')",
        "('zone', 'rev_located_at', 'sku')"
    ],
    "num_invoices": 26,
    "num_sku": 62,
    "num_zone": 5,
    "invoices": [
        [
            18,
            37,
            6,
            19
        ],
        [
            55,
            31,
            53,
            48,
            61,
            43,
            20,
            15,
            58,
            33
        ],
        [
            58,
            37,
            13,
            11
        ],
        [
            48,
            54,
            29,
            27,
            56,
            30,
            50,
            42,
            1,
            13,
            27,
            31,
            8
        ],
        [
            20,
            21,
            54,
            8,
            50
        ],
        [
            28,
            12,
            39,
            1,
            33,
            1,
            35,
            15,
            41,
            49,
            18,
            38
        ],
        [
            14,
            22,
            56,
            52,
            45,
            10
        ],
        [
            50,
            40,
            12,
            21,
            59,
            24,
            2,
            54
        ],
        [
            30,
            0,
            32,
            60,
            13,
            5
        ],
        [
            0,
            48,
            25,
            14,
            25,
            16,
            57,
            40,
            44,
            17,
            31
        ],
        [
            23,
            36,
            46,
            3
        ],
        [
            9,
            36,
            48
        ],
        [
            40,
            52,
            2,
            7,
            24,
            35,
            3,
            28,
            3,
            44
        ],
        [
            23,
            47,
            1,
            34,
            61
        ],
        [
            40,
            33,
            34,
            7
        ],
        [
            61,
            27,
            11,
            22,
            18,
            10,
            47,
            38
        ],
        [
            44,
            50,
            53,
            56,
            45
        ],
        [
            34,
            39,
            52,
            17,
            32,
            34,
            41,
            36,
            12,
            59,
            43
        ],
        [
            14,
            26,
            42,
            16,
            53,
            41
        ],
        [
            31,
            8,
            35,
            32,
            61,
            5,
            41,
            21,
            6
        ],
        [
            26,
            23,
            10,
            39,
            60,
            3,
            0,
            14
        ],
        [
            35,
            51,
            22,
            37,
            6,
            29
        ],
        [
            30,
            52,
            32,
            59,
            60,
            5,
            16
        ],
        [
            58,
            26,
            19,
            30,
            57,
            27,
            10
        ],
        [
            51,
            9,
            53,
            55,
            56,
            22
        ],
        [
            9,
            58,
            49,
            4,
            28,
            46,
            4,
            39
        ]
    ],
    "matching": {
        "0": 0,
        "1": 3,
        "2": 4,
        "3": 4,
        "4": 1,
        "5": 1,
        "6": 2,
        "7": 3,
        "8": 2,
        "9": 3,
        "10": 2,
        "11": 4,
        "12": 4,
        "13": 1,
        "14": 3,
        "15": 4,
        "16": 2,
        "17": 4,
        "18": 0,
        "19": 0,
        "20": 0,
        "21": 2,
        "22": 3,
        "23": 2,
        "24": 4,
        "25": 2,
        "26": 2,
        "27": 0,
        "28": 4,
        "29": 3,
        "30": 1,
        "31": 3,
        "32": 2,
        "33": 4,
        "34": 4,
        "35": 3,
        "36": 1,
        "37": 3,
        "38": 0,
        "39": 1,
        "40": 4,
        "41": 1,
        "42": 4,
        "43": 4,
        "44": 1,
        "45": 2,
        "46": 0,
        "47": 4,
        "48": 0,
        "49": 2,
        "50": 0,
        "51": 4,
        "52": 1,
        "53": 4,
        "54": 1,
        "55": 1,
        "56": 1,
        "57": 0,
        "58": 3,
        "59": 1,
        "60": 3,
        "61": 2
    },
    "lower_bound": 51.0
}