{
    "node_types": [
        "invoice",
        "sku",
        "zone"
    ],
    "edge_types": [
        "('invoice', 'requires', 'sku')",
        "('sku', 'located_at', 'zone')",
        "('sku', 'rev_requires', 'invoice')",
        "('zone', 'rev_located_at', 'sku')"
    ],
    "num_invoices": 30,
    "num_sku": 51,
    "num_zone": 5,
    "invoices": [
        [
            14,
            13,
            41,
            27,
            18,
            32,
            32
        ],
        [
            22,
            7,
            18,
            16,
            25
        ],
        [
            16,
            42
        ],
        [
            12,
            2,
            37,
            39,
            4
        ],
        [
            6,
            30,
            8
        ],
        [
            29,
            35,
            15,
            1,
            31,
            0
        ],
        [
            26,
            31,
            22
        ],
        [
            25,
            34,
            45,
            9
        ],
        [
            50,
            5,
            50
        ],
        [
            8,
            28,
            7,
            49,
            34
        ],
        [
            40,
            1,
            5,
            28,
            12
        ],
        [
            28,
            38,
            26,
            50,
            20,
            0,
            1,
            24,
            25
        ],
        [
            41,
            14
        ],
        [
            32,
            30,
            21,
            6,
            10,
            7
        ],
        [
            31,
            34,
            46,
            33,
            33
        ],
        [
            47,
            43,
            43,
            9,
            30
        ],
        [
            12,
            35,
            11,
            19,
            49,
            17,
            34,
            23,
            44,
            42,
            19
        ],
        [
            36,
            27,
            31,
            36,
            38,
            7
        ],
        [
            35,
            23
        ],
        [
            28,
            50,
            24,
            5,
            45
        ],
        [
            36,
            25,
            23,
            20,
            4,
            39,
            3
        ],
        [
            44,
            29,
            6,
            49,
            11
        ],
        [
            48,
            2,
            24,
            33
        ],
        [
            5,
            27,
            17,
            29
        ],
        [
            20,
            29,
            19,
            45,
            15
        ],
        [
            13,
            15,
            49,
            40,
            15,
            10,
            46,
            37,
            48,
            11
        ],
        [
            27,
            3,
            3,
            21,
            30,
            42,
            18
        ],
        [
            4,
            40,
            35,
            41,
            47,
            11
        ],
        [
            47,
            37,
            22,
            6,
            10
        ],
        [
            43,
            17,
            12,
            41,
            10,
            18
        ]
    ],
    "matching": {
        "0": 3,
        "1": 0,
        "2": 1,
        "3": 4,
        "4": 0,
        "5": 3,
        "6": 3,
        "7": 2,
        "8": 1,
        "9": 3,
        "10": 3,
        "11": 0,
        "12": 1,
        "13": 0,
        "14": 4,
        "15": 0,
        "16": 0,
        "17": 4,
        "18": 3,
        "19": 0,
        "20": 4,
        "21": 0,
        "22": 4,
        "23": 0,
        "24": 3,
        "25": 3,
        "26": 1,
        "27": 3,
        "28": 1,
        "29": 3,
        "30": 1,
        "31": 2,
        "32": 3,
        "33": 3,
        "34": 0,
        "35": 3,
        "36": 4,
        "37": 4,
        "38": 2,
        "39": 1,
        "40": 3,
        "41": 4,
        "42": 2,
        "43": 3,
        "44": 1,
        "45": 1,
        "46": 2,
        "47": 1,
        "48": 3,
        "49": 2,
        "50": 3
    },
    "lower_bound": 45.0
}