{
    "node_types": [
        "invoice",
        "sku",
        "zone"
    ],
    "edge_types": [
        "('invoice', 'requires', 'sku')",
        "('sku', 'located_at', 'zone')",
        "('sku', 'rev_requires', 'invoice')",
        "('zone', 'rev_located_at', 'sku')"
    ],
    "num_invoices": 34,
    "num_sku": 74,
    "num_zone": 5,
    "invoices": [
        [
            47,
            26,
            63,
            64,
            19
        ],
        [
            55,
            4,
            62,
            26,
            29,
            4
        ],
        [
            54,
            24,
            47
        ],
        [
            65,
            58,
            72,
            1,
            40,
            41,
            23
        ],
        [
            73,
            0,
            12,
            42,
            67,
            49,
            10
        ],
        [
            33,
            2,
            22,
            2,
            13,
            50,
            45,
            28,
            48,
            5,
            45
        ],
        [
            71,
            68,
            7,
            0,
            71,
            15,
            49
        ],
        [
            70,
            41,
            55
        ],
        [
            3,
            29,
            33,
            23
        ],
        [
            53,
            40,
            43,
            67
        ],
        [
            58,
            68,
            63,
            71,
            7,
            19,
            15
        ],
        [
            46,
            18,
            60,
            54
        ],
        [
            10,
            65,
            70,
            51,
            13,
            8,
            29,
            15
        ],
        [
            69,
            11,
            6,
            12,
            6,
            45,
            9,
            25
        ],
        [
            17,
            38,
            48,
            47,
            35,
            37,
            58,
            52,
            59,
            40
        ],
        [
            26,
            32,
            57,
            21,
            38,
            30
        ],
        [
            21,
            20,
            16,
            36
        ],
        [
            42,
            1,
            62,
            25,
            44
        ],
        [
            18,
            59,
            27,
            27,
            17,
            39
        ],
        [
            18,
            8,
            66,
            22,
            3
        ],
        [
            9,
            41,
            30,
            4,
            33,
            32,
            72,
            5,
            60,
            11,
            13,
            38
        ],
        [
            62,
            7
        ],
        [
            32,
            16,
            31
        ],
        [
            60,
            34,
            50,
            22,
            24,
            58,
            22,
            50,
            13
        ],
        [
            9,
            35,
            43,
            69,
            16,
            15,
            39,
            8,
            51,
            31
        ],
        [
            70,
            32,
            44,
            25,
            36,
            6,
            14,
            28
        ],
        [
            46,
            45,
            34,
            53,
            39,
            24,
            29,
            47
        ],
        [
            56,
            60,
            4,
            25,
            27,
            23
        ],
        [
            72,
            37,
            16,
            73,
            48
        ],
        [
            52,
            42,
            35,
            2,
            61,
            5
        ],
        [
            73,
            20,
            31,
            57
        ],
        [
            66,
            66,
            9,
            34,
            61,
            71,
            48,
            0,
            70,
            20,
            28
        ],
        [
            64,
            1,
            5,
            41,
            63,
            61
        ],
        [
            14,
            34,
            33,
            69,
            42,
            11,
            10,
            56
        ]
    ],
    "matching": {
        "0": 4,
        "1": 0,
        "2": 1,
        "3": 2,
        "4": 4,
        "5": 3,
        "6": 0,
        "7": 2,
        "8": 3,
        "9": 3,
        "10": 2,
        "11": 3,
        "12": 0,
        "13": 0,
        "14": 3,
        "15": 3,
        "16": 2,
        "17": 3,
        "18": 2,
        "19": 2,
        "20": 0,
        "21": 0,
        "22": 0,
        "23": 2,
        "24": 0,
        "25": 2,
        "26": 0,
        "27": 1,
        "28": 2,
        "29": 1,
        "30": 3,
        "31": 0,
        "32": 0,
        "33": 3,
        "34": 2,
        "35": 3,
        "36": 3,
        "37": 4,
        "38": 1,
        "39": 3,
        "40": 4,
        "41": 2,
        "42": 4,
        "43": 2,
        "44": 1,
        "45": 1,
        "46": 0,
        "47": 2,
        "48": 2,
        "49": 4,
        "50": 4,
        "51": 0,
        "52": 1,
        "53": 1,
        "54": 4,
        "55": 3,
        "56": 1,
        "57": 3,
        "58": 3,
        "59": 2,
        "60": 0,
        "61": 4,
        "62": 0,
        "63": 0,
        "64": 2,
        "65": 2,
        "66": 0,
        "67": 2,
        "68": 3,
        "69": 3,
        "70": 4,
        "71": 2,
        "72": 4,
        "73": 2
    },
    "lower_bound": 48.0
}