{
    "node_types": [
        "invoice",
        "sku",
        "zone"
    ],
    "edge_types": [
        "('invoice', 'requires', 'sku')",
        "('sku', 'located_at', 'zone')",
        "('sku', 'rev_requires', 'invoice')",
        "('zone', 'rev_located_at', 'sku')"
    ],
    "num_invoices": 28,
    "num_sku": 50,
    "num_zone": 5,
    "invoices": [
        [
            10,
            37,
            48
        ],
        [
            18,
            11
        ],
        [
            22,
            3
        ],
        [
            35,
            39,
            24,
            37
        ],
        [
            24,
            16,
            33
        ],
        [
            9,
            39,
            21,
            26,
            44,
            25,
            28,
            26,
            41
        ],
        [
            29,
            9,
            0,
            20,
            15,
            27,
            40,
            23,
            48
        ],
        [
            19,
            40,
            39,
            31,
            42,
            1
        ],
        [
            0
        ],
        [
            5,
            49,
            8,
            1
        ],
        [
            11,
            35,
            18,
            32
        ],
        [
            45,
            10,
            9,
            46,
            43,
            30,
            41,
            17
        ],
        [
            46,
            41,
            15,
            2,
            25,
            32
        ],
        [
            14,
            8,
            27,
            14,
            10
        ],
        [
            26,
            47,
            35,
            20,
            27
        ],
        [
            38,
            23,
            22,
            46,
            35,
            17,
            28,
            49
        ],
        [
            26,
            43
        ],
        [
            46,
            24,
            34,
            8
        ],
        [
            45,
            42,
            4,
            42,
            34,
            37,
            13
        ],
        [
            14,
            21,
            10,
            41,
            3,
            30,
            34,
            17,
            29
        ],
        [
            4
        ],
        [
            30,
            5,
            19,
            36,
            5,
            13,
            9
        ],
        [
            12,
            40,
            16,
            24,
            31,
            16,
            20,
            47,
            7
        ],
        [
            25,
            12,
            22,
            22,
            23,
            39
        ],
        [
            11,
            40,
            48,
            7,
            33,
            45,
            6,
            32,
            2
        ],
        [
            36,
            36,
            11,
            29
        ],
        [
            25,
            36,
            44
        ],
        [
            45,
            38,
            15,
            8,
            49,
            6
        ]
    ],
    "matching": {
        "0": 0,
        "1": 1,
        "2": 3,
        "3": 0,
        "4": 0,
        "5": 3,
        "6": 3,
        "7": 3,
        "8": 2,
        "9": 3,
        "10": 3,
        "11": 3,
        "12": 4,
        "13": 0,
        "14": 1,
        "15": 2,
        "16": 1,
        "17": 3,
        "18": 0,
        "19": 4,
        "20": 4,
        "21": 3,
        "22": 1,
        "23": 1,
        "24": 3,
        "25": 4,
        "26": 0,
        "27": 1,
        "28": 3,
        "29": 2,
        "30": 1,
        "31": 4,
        "32": 4,
        "33": 4,
        "34": 3,
        "35": 1,
        "36": 0,
        "37": 1,
        "38": 4,
        "39": 3,
        "40": 4,
        "41": 4,
        "42": 4,
        "43": 3,
        "44": 1,
        "45": 2,
        "46": 3,
        "47": 3,
        "48": 1,
        "49": 2
    },
    "lower_bound": 39.0
}