{
    "node_types": [
        "invoice",
        "sku",
        "zone"
    ],
    "edge_types": [
        "('invoice', 'requires', 'sku')",
        "('sku', 'located_at', 'zone')",
        "('sku', 'rev_requires', 'invoice')",
        "('zone', 'rev_located_at', 'sku')"
    ],
    "num_invoices": 31,
    "num_sku": 50,
    "num_zone": 5,
    "invoices": [
        [
            34,
            12,
            25,
            35
        ],
        [
            48,
            13,
            18,
            40,
            7
        ],
        [
            29,
            4,
            22,
            37,
            15,
            38
        ],
        [
            4,
            19
        ],
        [
            8,
            11,
            19,
            26,
            34,
            41,
            20,
            38,
            30,
            49
        ],
        [
            11,
            18,
            42
        ],
        [
            28,
            43,
            14
        ],
        [
            47,
            30,
            23,
            5,
            39,
            49
        ],
        [
            19,
            8,
            15,
            45,
            7,
            21,
            0
        ],
        [
            8,
            32,
            42
        ],
        [
            45,
            46,
            39,
            14,
            37
        ],
        [
            1,
            7,
            35,
            6,
            2,
            31,
            35
        ],
        [
            10,
            12,
            34,
            4
        ],
        [
            17,
            47,
            6,
            24,
            39,
            32
        ],
        [
            3,
            14,
            44,
            36,
            10
        ],
        [
            46,
            1,
            46,
            31,
            5,
            36
        ],
        [
            21,
            11,
            20,
            33,
            19
        ],
        [
            16,
            29,
            35
        ],
        [
            16,
            2,
            40
        ],
        [
            4,
            42,
            45,
            9,
            32,
            14
        ],
        [
            29
        ],
        [
            42,
            48,
            48
        ],
        [
            16,
            30,
            11,
            31,
            20
        ],
        [
            49
        ],
        [
            24,
            37
        ],
        [
            26,
            17,
            25
        ],
        [
            33,
            38,
            27,
            22,
            25,
            2,
            0,
            23
        ],
        [
            9,
            22,
            34,
            41,
            27,
            2
        ],
        [
            29,
            13,
            36,
            3,
            10,
            43,
            41
        ],
        [
            40,
            32,
            21,
            5
        ],
        [
            44,
            28
        ]
    ],
    "matching": {
        "0": 2,
        "1": 0,
        "2": 2,
        "3": 2,
        "4": 3,
        "5": 4,
        "6": 3,
        "7": 0,
        "8": 0,
        "9": 0,
        "10": 3,
        "11": 2,
        "12": 1,
        "13": 4,
        "14": 1,
        "15": 0,
        "16": 4,
        "17": 1,
        "18": 1,
        "19": 3,
        "20": 3,
        "21": 3,
        "22": 2,
        "23": 2,
        "24": 4,
        "25": 3,
        "26": 0,
        "27": 2,
        "28": 3,
        "29": 4,
        "30": 0,
        "31": 4,
        "32": 3,
        "33": 0,
        "34": 4,
        "35": 2,
        "36": 4,
        "37": 4,
        "38": 2,
        "39": 0,
        "40": 1,
        "41": 0,
        "42": 2,
        "43": 3,
        "44": 2,
        "45": 3,
        "46": 4,
        "47": 4,
        "48": 3,
        "49": 1
    },
    "lower_bound": 42.0
}