{
    "node_types": [
        "invoice",
        "sku",
        "zone"
    ],
    "edge_types": [
        "('invoice', 'requires', 'sku')",
        "('sku', 'located_at', 'zone')",
        "('sku', 'rev_requires', 'invoice')",
        "('zone', 'rev_located_at', 'sku')"
    ],
    "num_invoices": 32,
    "num_sku": 68,
    "num_zone": 5,
    "invoices": [
        [
            49,
            6,
            54,
            11,
            4,
            44,
            11,
            24,
            34,
            62
        ],
        [
            53,
            19,
            13,
            5,
            39,
            32
        ],
        [
            0,
            2,
            38,
            51,
            24,
            4
        ],
        [
            8,
            40,
            9,
            7,
            49,
            48,
            22,
            46,
            27,
            47
        ],
        [
            3,
            9
        ],
        [
            20,
            24,
            33,
            25,
            61,
            12,
            45,
            40,
            31
        ],
        [
            43,
            64
        ],
        [
            18,
            55,
            19
        ],
        [
            42,
            59,
            4,
            34,
            33,
            61,
            52,
            31,
            30
        ],
        [
            36,
            57,
            14,
            58,
            12,
            29,
            19,
            8,
            28
        ],
        [
            15,
            5,
            24,
            0,
            30
        ],
        [
            36,
            56,
            3,
            66,
            17,
            21,
            17
        ],
        [
            40,
            18,
            25,
            26,
            51,
            22,
            33
        ],
        [
            39,
            27,
            59,
            23,
            65,
            30,
            35,
            64
        ],
        [
            48,
            41,
            51,
            41,
            19,
            13
        ],
        [
            7,
            53,
            52,
            35,
            55
        ],
        [
            26,
            32,
            67,
            53,
            17,
            54
        ],
        [
            31,
            29,
            16,
            54,
            6,
            62
        ],
        [
            64,
            67,
            45,
            34
        ],
        [
            10,
            45,
            37,
            37,
            23,
            55,
            32,
            52,
            46
        ],
        [
            46,
            3,
            12,
            66,
            1,
            47,
            57,
            63
        ],
        [
            42,
            4,
            62
        ],
        [
            29,
            43,
            50,
            16,
            31,
            17,
            62
        ],
        [
            37,
            54,
            47,
            36,
            49,
            46,
            60
        ],
        [
            50,
            29
        ],
        [
            20,
            28,
            43,
            15
        ],
        [
            47,
            14,
            42,
            66,
            44,
            7,
            6
        ],
        [
            2,
            27,
            52,
            10,
            3,
            42,
            56,
            1,
            60
        ],
        [
            20,
            7,
            43,
            25,
            34,
            58,
            8
        ],
        [
            66,
            55,
            58,
            21,
            65
        ],
        [
            53,
            33,
            11,
            38,
            0,
            38
        ],
        [
            35,
            51,
            63,
            56,
            28,
            37
        ]
    ],
    "matching": {
        "0": 3,
        "1": 0,
        "2": 0,
        "3": 0,
        "4": 4,
        "5": 2,
        "6": 2,
        "7": 0,
        "8": 4,
        "9": 4,
        "10": 0,
        "11": 2,
        "12": 3,
        "13": 4,
        "14": 1,
        "15": 2,
        "16": 2,
        "17": 2,
        "18": 2,
        "19": 0,
        "20": 0,
        "21": 2,
        "22": 0,
        "23": 3,
        "24": 0,
        "25": 4,
        "26": 0,
        "27": 2,
        "28": 1,
        "29": 0,
        "30": 3,
        "31": 3,
        "32": 0,
        "33": 0,
        "34": 0,
        "35": 0,
        "36": 2,
        "37": 1,
        "38": 4,
        "39": 0,
        "40": 1,
        "41": 4,
        "42": 2,
        "43": 0,
        "44": 4,
        "45": 4,
        "46": 2,
        "47": 4,
        "48": 4,
        "49": 2,
        "50": 0,
        "51": 2,
        "52": 0,
        "53": 0,
        "54": 3,
        "55": 1,
        "56": 3,
        "57": 4,
        "58": 1,
        "59": 1,
        "60": 2,
        "61": 3,
        "62": 4,
        "63": 0,
        "64": 4,
        "65": 2,
        "66": 1,
        "67": 1
    },
    "lower_bound": 42.0
}