{
    "node_types": [
        "invoice",
        "sku",
        "zone"
    ],
    "edge_types": [
        "('invoice', 'requires', 'sku')",
        "('sku', 'located_at', 'zone')",
        "('sku', 'rev_requires', 'invoice')",
        "('zone', 'rev_located_at', 'sku')"
    ],
    "num_invoices": 31,
    "num_sku": 71,
    "num_zone": 5,
    "invoices": [
        [
            6,
            40,
            67,
            62,
            62,
            15
        ],
        [
            35,
            50,
            46,
            26,
            24,
            47
        ],
        [
            45,
            63,
            8,
            5,
            49,
            65,
            46,
            10
        ],
        [
            34,
            70,
            18,
            6,
            10
        ],
        [
            43,
            31,
            1,
            57,
            65,
            5,
            28,
            39,
            52
        ],
        [
            26,
            26,
            18,
            69,
            35,
            38,
            40,
            1,
            48,
            31
        ],
        [
            64,
            13,
            56,
            63,
            65,
            3,
            19,
            66
        ],
        [
            44,
            62,
            10,
            21
        ],
        [
            64,
            33,
            52,
            52,
            0,
            37,
            60,
            44,
            4,
            50,
            67
        ],
        [
            62,
            23,
            42
        ],
        [
            19,
            47,
            56,
            39,
            31,
            66,
            30
        ],
        [
            14,
            47,
            67,
            29,
            34,
            9,
            2,
            54,
            26
        ],
        [
            7,
            41,
            42,
            25,
            70,
            12,
            16,
            27
        ],
        [
            69,
            11,
            24,
            34,
            41,
            47,
            12
        ],
        [
            55,
            61,
            59,
            33,
            13,
            27,
            57,
            4,
            21
        ],
        [
            29,
            23,
            1,
            51,
            16
        ],
        [
            38,
            53,
            63,
            59,
            55,
            39,
            0,
            15,
            25
        ],
        [
            18,
            35,
            68
        ],
        [
            44,
            18,
            44,
            9,
            22,
            42,
            36,
            67,
            63
        ],
        [
            61,
            21,
            51,
            32,
            6,
            41,
            2,
            28
        ],
        [
            23,
            53,
            36,
            0,
            16,
            4,
            36
        ],
        [
            46,
            30,
            60,
            51,
            22,
            41,
            20,
            58,
            43,
            68
        ],
        [
            19,
            48,
            36,
            3,
            54,
            58,
            2
        ],
        [
            64,
            61,
            20,
            39,
            24,
            8,
            37
        ],
        [
            57,
            30,
            9,
            32,
            13,
            43,
            45,
            59,
            30
        ],
        [
            24,
            5,
            49,
            17,
            7,
            29
        ],
        [
            53
        ],
        [
            14,
            28,
            11,
            70,
            55,
            50,
            32,
            51,
            59,
            66
        ],
        [
            8,
            5,
            3
        ],
        [
            7,
            61,
            55,
            7,
            21,
            0,
            69,
            16
        ],
        [
            11,
            4,
            53,
            70,
            42,
            58,
            17
        ]
    ],
    "matching": {
        "0": 0,
        "1": 1,
        "2": 4,
        "3": 0,
        "4": 0,
        "5": 1,
        "6": 3,
        "7": 2,
        "8": 3,
        "9": 3,
        "10": 4,
        "11": 4,
        "12": 2,
        "13": 2,
        "14": 4,
        "15": 2,
        "16": 1,
        "17": 1,
        "18": 2,
        "19": 3,
        "20": 0,
        "21": 0,
        "22": 4,
        "23": 0,
        "24": 0,
        "25": 2,
        "26": 2,
        "27": 4,
        "28": 1,
        "29": 0,
        "30": 3,
        "31": 3,
        "32": 0,
        "33": 4,
        "34": 0,
        "35": 1,
        "36": 4,
        "37": 2,
        "38": 3,
        "39": 2,
        "40": 3,
        "41": 1,
        "42": 0,
        "43": 4,
        "44": 3,
        "45": 2,
        "46": 2,
        "47": 2,
        "48": 0,
        "49": 3,
        "50": 3,
        "51": 1,
        "52": 3,
        "53": 4,
        "54": 2,
        "55": 3,
        "56": 1,
        "57": 0,
        "58": 4,
        "59": 3,
        "60": 0,
        "61": 4,
        "62": 1,
        "63": 4,
        "64": 4,
        "65": 3,
        "66": 4,
        "67": 0,
        "68": 4,
        "69": 4,
        "70": 1
    },
    "lower_bound": 45.0
}