{
    "node_types": [
        "invoice",
        "sku",
        "zone"
    ],
    "edge_types": [
        "('invoice', 'requires', 'sku')",
        "('sku', 'located_at', 'zone')",
        "('sku', 'rev_requires', 'invoice')",
        "('zone', 'rev_located_at', 'sku')"
    ],
    "num_invoices": 33,
    "num_sku": 97,
    "num_zone": 5,
    "invoices": [
        [
            53,
            32,
            19,
            48,
            46,
            88,
            41,
            30,
            54
        ],
        [
            76,
            64,
            82,
            81,
            38,
            14,
            41,
            5,
            78,
            72,
            27,
            83
        ],
        [
            33,
            79,
            21
        ],
        [
            17,
            82,
            40,
            89,
            5,
            31,
            42,
            2
        ],
        [
            77,
            0,
            23,
            53,
            26,
            13,
            93,
            88,
            93,
            96
        ],
        [
            31,
            58,
            8,
            41,
            92,
            87,
            5,
            24,
            94,
            81,
            63
        ],
        [
            3,
            81,
            90,
            94,
            79,
            96,
            6
        ],
        [
            86,
            55,
            60,
            43,
            51,
            74,
            68,
            52,
            46,
            23,
            42,
            14,
            75,
            91
        ],
        [
            63,
            11,
            13,
            34,
            29,
            36
        ],
        [
            36,
            84,
            37,
            95,
            57
        ],
        [
            45,
            16,
            22,
            8,
            50,
            0
        ],
        [
            9,
            73,
            12
        ],
        [
            6,
            18,
            42,
            33,
            61,
            67,
            39,
            58
        ],
        [
            90,
            14,
            55,
            4,
            58,
            26
        ],
        [
            77,
            50,
            82,
            39,
            9,
            85,
            36,
            77,
            1,
            87,
            20,
            92
        ],
        [
            77,
            3,
            95,
            28
        ],
        [
            74,
            56,
            47,
            69,
            69,
            29,
            75,
            0,
            68
        ],
        [
            52,
            10,
            44,
            44,
            7,
            22
        ],
        [
            16,
            26,
            70,
            93,
            59,
            17,
            16,
            62,
            43,
            35,
            56,
            39,
            9
        ],
        [
            41,
            37,
            25,
            86,
            65,
            74,
            12,
            73,
            24,
            10,
            76
        ],
        [
            76,
            18,
            73,
            95,
            87,
            11,
            49,
            94
        ],
        [
            69,
            33,
            46,
            90,
            5,
            32,
            70,
            83
        ],
        [
            20,
            25,
            47,
            40,
            69,
            40
        ],
        [
            32,
            21,
            85,
            38,
            28,
            96,
            48,
            49,
            61,
            66,
            95
        ],
        [
            47,
            17,
            60,
            71,
            51,
            2,
            87,
            89,
            78,
            60,
            58,
            30
        ],
        [
            44,
            30,
            34,
            78,
            65,
            59,
            61,
            13,
            89,
            93
        ],
        [
            1,
            90,
            74,
            4,
            88,
            8,
            72,
            79,
            24,
            19,
            3,
            26,
            25,
            63,
            45,
            83,
            92,
            55
        ],
        [
            50,
            21,
            13,
            38,
            84,
            43,
            35,
            7,
            70,
            20,
            21,
            64
        ],
        [
            32,
            73,
            17,
            62,
            67,
            8,
            78
        ],
        [
            92,
            22,
            14,
            37,
            20,
            85,
            94,
            24,
            61,
            3
        ],
        [
            80,
            83,
            66,
            50,
            22,
            15,
            23,
            84
        ],
        [
            42,
            53,
            91,
            25,
            82,
            27,
            72,
            57,
            16,
            68
        ],
        [
            66,
            45,
            40,
            43,
            38,
            54,
            15,
            60,
            80,
            71
        ]
    ],
    "matching": {
        "0": 0,
        "1": 4,
        "2": 2,
        "3": 2,
        "4": 4,
        "5": 4,
        "6": 1,
        "7": 3,
        "8": 4,
        "9": 0,
        "10": 4,
        "11": 4,
        "12": 1,
        "13": 2,
        "14": 0,
        "15": 4,
        "16": 3,
        "17": 2,
        "18": 1,
        "19": 4,
        "20": 1,
        "21": 0,
        "22": 3,
        "23": 1,
        "24": 0,
        "25": 2,
        "26": 1,
        "27": 0,
        "28": 1,
        "29": 3,
        "30": 1,
        "31": 4,
        "32": 1,
        "33": 3,
        "34": 3,
        "35": 1,
        "36": 3,
        "37": 2,
        "38": 3,
        "39": 2,
        "40": 1,
        "41": 4,
        "42": 2,
        "43": 4,
        "44": 1,
        "45": 3,
        "46": 2,
        "47": 4,
        "48": 4,
        "49": 3,
        "50": 4,
        "51": 3,
        "52": 4,
        "53": 0,
        "54": 3,
        "55": 3,
        "56": 1,
        "57": 2,
        "58": 1,
        "59": 3,
        "60": 4,
        "61": 4,
        "62": 3,
        "63": 0,
        "64": 2,
        "65": 3,
        "66": 2,
        "67": 3,
        "68": 0,
        "69": 1,
        "70": 2,
        "71": 3,
        "72": 2,
        "73": 3,
        "74": 2,
        "75": 2,
        "76": 4,
        "77": 1,
        "78": 0,
        "79": 0,
        "80": 0,
        "81": 4,
        "82": 3,
        "83": 4,
        "84": 3,
        "85": 4,
        "86": 1,
        "87": 0,
        "88": 0,
        "89": 2,
        "90": 4,
        "91": 4,
        "92": 0,
        "93": 2,
        "94": 3,
        "95": 1,
        "96": 1
    },
    "lower_bound": 66.0
}