{
    "node_types": [
        "invoice",
        "sku",
        "zone"
    ],
    "edge_types": [
        "('invoice', 'requires', 'sku')",
        "('sku', 'located_at', 'zone')",
        "('sku', 'rev_requires', 'invoice')",
        "('zone', 'rev_located_at', 'sku')"
    ],
    "num_invoices": 26,
    "num_sku": 83,
    "num_zone": 5,
    "invoices": [
        [
            0,
            81,
            13,
            68,
            71,
            74,
            49,
            24,
            80,
            66,
            44
        ],
        [
            11,
            54,
            52,
            42,
            53,
            77,
            46,
            8,
            38,
            63
        ],
        [
            37,
            37,
            25,
            46,
            76,
            16,
            10,
            11,
            19
        ],
        [
            63,
            19,
            53,
            14,
            55,
            17,
            9,
            45,
            42,
            62
        ],
        [
            65,
            35,
            45,
            72,
            76,
            49,
            19,
            45
        ],
        [
            69,
            6,
            13,
            43,
            62,
            41,
            35,
            61,
            29
        ],
        [
            55,
            23,
            67,
            33,
            51,
            23,
            58,
            71,
            4,
            66,
            56,
            22
        ],
        [
            69,
            59,
            82,
            48,
            33
        ],
        [
            37,
            77,
            81,
            2,
            10,
            31,
            75,
            21,
            7,
            46,
            22
        ],
        [
            3,
            29,
            9,
            26,
            17,
            68,
            44,
            82,
            76,
            38,
            24,
            35,
            81
        ],
        [
            8,
            64,
            59,
            61,
            60,
            27,
            79,
            29,
            59,
            75,
            30,
            42,
            32,
            43
        ],
        [
            50,
            53,
            51,
            41,
            51,
            6,
            36,
            22,
            73,
            63,
            70,
            79,
            73,
            38,
            47,
            54
        ],
        [
            20,
            32,
            23,
            36,
            13,
            72,
            46
        ],
        [
            36,
            0,
            21,
            30,
            50,
            5,
            16,
            57,
            50,
            70
        ],
        [
            58,
            18,
            55,
            8,
            49,
            53,
            82,
            18,
            5,
            80
        ],
        [
            6,
            45,
            71,
            63,
            26,
            52,
            39,
            39,
            23,
            5
        ],
        [
            31,
            78,
            57,
            47,
            39,
            56,
            28,
            40,
            41,
            67,
            22,
            18,
            21,
            78
        ],
        [
            80,
            64,
            71,
            42,
            72,
            12,
            34,
            31,
            37,
            25,
            65
        ],
        [
            72,
            0,
            77,
            9,
            7,
            14,
            60,
            20
        ],
        [
            12,
            73,
            28,
            75,
            78,
            13,
            33,
            2,
            30,
            33
        ],
        [
            0,
            1,
            43,
            3,
            60,
            48,
            35,
            62
        ],
        [
            11,
            8,
            49,
            44,
            25,
            69,
            15,
            60
        ],
        [
            80,
            18,
            67,
            65,
            7,
            31,
            25,
            52,
            1
        ],
        [
            51,
            29,
            27,
            10,
            5
        ],
        [
            15,
            47,
            68,
            43,
            2,
            47,
            64,
            40,
            10,
            79
        ],
        [
            81,
            73,
            74,
            34,
            61,
            12,
            19,
            4
        ]
    ],
    "matching": {
        "0": 1,
        "1": 0,
        "2": 2,
        "3": 1,
        "4": 1,
        "5": 4,
        "6": 4,
        "7": 0,
        "8": 1,
        "9": 1,
        "10": 0,
        "11": 3,
        "12": 4,
        "13": 4,
        "14": 1,
        "15": 0,
        "16": 1,
        "17": 2,
        "18": 0,
        "19": 3,
        "20": 1,
        "21": 0,
        "22": 0,
        "23": 4,
        "24": 2,
        "25": 2,
        "26": 2,
        "27": 1,
        "28": 3,
        "29": 3,
        "30": 0,
        "31": 0,
        "32": 2,
        "33": 1,
        "34": 0,
        "35": 1,
        "36": 3,
        "37": 1,
        "38": 3,
        "39": 3,
        "40": 1,
        "41": 1,
        "42": 0,
        "43": 2,
        "44": 2,
        "45": 3,
        "46": 2,
        "47": 1,
        "48": 2,
        "49": 4,
        "50": 0,
        "51": 1,
        "52": 1,
        "53": 2,
        "54": 2,
        "55": 0,
        "56": 0,
        "57": 0,
        "58": 3,
        "59": 2,
        "60": 3,
        "61": 0,
        "62": 3,
        "63": 2,
        "64": 3,
        "65": 3,
        "66": 2,
        "67": 2,
        "68": 0,
        "69": 4,
        "70": 4,
        "71": 3,
        "72": 3,
        "73": 0,
        "74": 2,
        "75": 1,
        "76": 0,
        "77": 2,
        "78": 4,
        "79": 3,
        "80": 4,
        "81": 1,
        "82": 2
    },
    "lower_bound": 60.0
}