{
    "node_types": [
        "invoice",
        "sku",
        "zone"
    ],
    "edge_types": [
        "('invoice', 'requires', 'sku')",
        "('sku', 'located_at', 'zone')",
        "('sku', 'rev_requires', 'invoice')",
        "('zone', 'rev_located_at', 'sku')"
    ],
    "num_invoices": 31,
    "num_sku": 64,
    "num_zone": 5,
    "invoices": [
        [
            7,
            36,
            51,
            35,
            41,
            44,
            37,
            39,
            35
        ],
        [
            27,
            11,
            30,
            35,
            63,
            20,
            60,
            42,
            2,
            10,
            12,
            9
        ],
        [
            55,
            18,
            7,
            44,
            3,
            42,
            21
        ],
        [
            32,
            41,
            1,
            53,
            53,
            5
        ],
        [
            19,
            16,
            8,
            13,
            2
        ],
        [
            49,
            43,
            38,
            39,
            13,
            29,
            17
        ],
        [
            25,
            20,
            31,
            51,
            59
        ],
        [
            21,
            45,
            28,
            57,
            32,
            35,
            14,
            25
        ],
        [
            29,
            45,
            17,
            58,
            56,
            4,
            50
        ],
        [
            0,
            6,
            46,
            55,
            59,
            39,
            61,
            38
        ],
        [
            43,
            21,
            33,
            12,
            34
        ],
        [
            36,
            41,
            11
        ],
        [
            36,
            16
        ],
        [
            30,
            19,
            52,
            12,
            62,
            43
        ],
        [
            17,
            33,
            6,
            48,
            29
        ],
        [
            1,
            62,
            53,
            39,
            22
        ],
        [
            27,
            48,
            5,
            59,
            9,
            1,
            52
        ],
        [
            10,
            50,
            27,
            44,
            8
        ],
        [
            58,
            40,
            48
        ],
        [
            19,
            45,
            15,
            62
        ],
        [
            28,
            23,
            46
        ],
        [
            34,
            15,
            51,
            54,
            53,
            18,
            61
        ],
        [
            44,
            34,
            31,
            57,
            24,
            25,
            63
        ],
        [
            13,
            4,
            2,
            60,
            60,
            18,
            38,
            27,
            9,
            46,
            21,
            54
        ],
        [
            40,
            40,
            22,
            38,
            11,
            52,
            14,
            47,
            56
        ],
        [
            49,
            56,
            26
        ],
        [
            59,
            3,
            55,
            25,
            26,
            18
        ],
        [
            55,
            54,
            24,
            23,
            36,
            0,
            2,
            28,
            52,
            60,
            34,
            17,
            50
        ],
        [
            7,
            19,
            47,
            37
        ],
        [
            30,
            31,
            62,
            26,
            22,
            48
        ],
        [
            12,
            47,
            61,
            16,
            54,
            49,
            24
        ]
    ],
    "matching": {
        "0": 0,
        "1": 3,
        "2": 2,
        "3": 0,
        "4": 3,
        "5": 0,
        "6": 0,
        "7": 3,
        "8": 0,
        "9": 2,
        "10": 3,
        "11": 0,
        "12": 4,
        "13": 2,
        "14": 3,
        "15": 0,
        "16": 2,
        "17": 3,
        "18": 1,
        "19": 3,
        "20": 1,
        "21": 0,
        "22": 1,
        "23": 1,
        "24": 4,
        "25": 3,
        "26": 2,
        "27": 2,
        "28": 3,
        "29": 0,
        "30": 3,
        "31": 0,
        "32": 3,
        "33": 4,
        "34": 4,
        "35": 4,
        "36": 3,
        "37": 1,
        "38": 3,
        "39": 2,
        "40": 0,
        "41": 2,
        "42": 4,
        "43": 0,
        "44": 4,
        "45": 1,
        "46": 0,
        "47": 1,
        "48": 3,
        "49": 3,
        "50": 4,
        "51": 0,
        "52": 3,
        "53": 3,
        "54": 4,
        "55": 4,
        "56": 4,
        "57": 3,
        "58": 2,
        "59": 4,
        "60": 0,
        "61": 1,
        "62": 2,
        "63": 0
    },
    "lower_bound": 51.0
}