{
    "node_types": [
        "invoice",
        "sku",
        "zone"
    ],
    "edge_types": [
        "('invoice', 'requires', 'sku')",
        "('sku', 'located_at', 'zone')",
        "('sku', 'rev_requires', 'invoice')",
        "('zone', 'rev_located_at', 'sku')"
    ],
    "num_invoices": 29,
    "num_sku": 71,
    "num_zone": 5,
    "invoices": [
        [
            31,
            67,
            12,
            48,
            31,
            4,
            29
        ],
        [
            51,
            61,
            52,
            51,
            34,
            13,
            55
        ],
        [
            69,
            63,
            64,
            58,
            50,
            33,
            38,
            23,
            18,
            27,
            61
        ],
        [
            25,
            44,
            52,
            14,
            47,
            18,
            41
        ],
        [
            54,
            2,
            49,
            70,
            27,
            54,
            69
        ],
        [
            24,
            7,
            14,
            10,
            35,
            65,
            4,
            19
        ],
        [
            15,
            65,
            43,
            8,
            1,
            46,
            10,
            13,
            44,
            47,
            17,
            47
        ],
        [
            41,
            3,
            18,
            19,
            45,
            38,
            5,
            8,
            32
        ],
        [
            37,
            6,
            48,
            33,
            64,
            66
        ],
        [
            23,
            34
        ],
        [
            39,
            11,
            16,
            53,
            28,
            44,
            62,
            19,
            12
        ],
        [
            45,
            36,
            16,
            3,
            53,
            0,
            70,
            25
        ],
        [
            7,
            66,
            62,
            6,
            37
        ],
        [
            56,
            14,
            70,
            57,
            32,
            62,
            30,
            26
        ],
        [
            20,
            61,
            66,
            68,
            60,
            19,
            5,
            68,
            37,
            27
        ],
        [
            7,
            30,
            18,
            38,
            42,
            65,
            12,
            10,
            43,
            24,
            3
        ],
        [
            15,
            66,
            34,
            3,
            23,
            8
        ],
        [
            9,
            9,
            40,
            17,
            63,
            70,
            2,
            10,
            16,
            1
        ],
        [
            2,
            64,
            43,
            20,
            22,
            21,
            20,
            42,
            45,
            58
        ],
        [
            52,
            45,
            38,
            55,
            29,
            57,
            64,
            53,
            59,
            55
        ],
        [
            67,
            22,
            24,
            69,
            39,
            50,
            17,
            9,
            50,
            21,
            56
        ],
        [
            52,
            58,
            49,
            7,
            6,
            35
        ],
        [
            59,
            36,
            40,
            31,
            28,
            0
        ],
        [
            48,
            65,
            55,
            39,
            5
        ],
        [
            46,
            24,
            68,
            68,
            60,
            33,
            20,
            27,
            58
        ],
        [
            35,
            26,
            22,
            26,
            34,
            35,
            56,
            37
        ],
        [
            16,
            54,
            53,
            0,
            42
        ],
        [
            2
        ],
        [
            11,
            17,
            43,
            0,
            13,
            57
        ]
    ],
    "matching": {
        "0": 2,
        "1": 4,
        "2": 4,
        "3": 4,
        "4": 3,
        "5": 1,
        "6": 1,
        "7": 1,
        "8": 1,
        "9": 1,
        "10": 3,
        "11": 4,
        "12": 4,
        "13": 2,
        "14": 3,
        "15": 0,
        "16": 1,
        "17": 0,
        "18": 2,
        "19": 3,
        "20": 0,
        "21": 2,
        "22": 1,
        "23": 0,
        "24": 2,
        "25": 1,
        "26": 1,
        "27": 0,
        "28": 1,
        "29": 0,
        "30": 2,
        "31": 0,
        "32": 2,
        "33": 2,
        "34": 2,
        "35": 2,
        "36": 0,
        "37": 3,
        "38": 4,
        "39": 2,
        "40": 2,
        "41": 1,
        "42": 3,
        "43": 2,
        "44": 0,
        "45": 2,
        "46": 1,
        "47": 0,
        "48": 4,
        "49": 0,
        "50": 3,
        "51": 1,
        "52": 3,
        "53": 1,
        "54": 4,
        "55": 1,
        "56": 0,
        "57": 1,
        "58": 3,
        "59": 4,
        "60": 0,
        "61": 2,
        "62": 3,
        "63": 2,
        "64": 2,
        "65": 1,
        "66": 4,
        "67": 1,
        "68": 0,
        "69": 3,
        "70": 3
    },
    "lower_bound": 48.0
}