{
    "node_types": [
        "invoice",
        "sku",
        "zone"
    ],
    "edge_types": [
        "('invoice', 'requires', 'sku')",
        "('sku', 'located_at', 'zone')",
        "('sku', 'rev_requires', 'invoice')",
        "('zone', 'rev_located_at', 'sku')"
    ],
    "num_invoices": 35,
    "num_sku": 73,
    "num_zone": 5,
    "invoices": [
        [
            58,
            15,
            28,
            43,
            38,
            53,
            58
        ],
        [
            67,
            49,
            60,
            40,
            23
        ],
        [
            43,
            63,
            64,
            68
        ],
        [
            11,
            26,
            55,
            70,
            0,
            65,
            24,
            57,
            29,
            36
        ],
        [
            9,
            16,
            34,
            46,
            65,
            6
        ],
        [
            17,
            48,
            59,
            18,
            61,
            12,
            17
        ],
        [
            50,
            51,
            0,
            5,
            22,
            16,
            2,
            8,
            24,
            17
        ],
        [
            35,
            12,
            26,
            62
        ],
        [
            35,
            54,
            61,
            39,
            8,
            25,
            34,
            60,
            43
        ],
        [
            28,
            37,
            1,
            32,
            9,
            3,
            53,
            45
        ],
        [
            25,
            1,
            47
        ],
        [
            3,
            47
        ],
        [
            7,
            46,
            57,
            35,
            66,
            49
        ],
        [
            60,
            44,
            51,
            50,
            44,
            56,
            38
        ],
        [
            13,
            49,
            20,
            56,
            0,
            19,
            37,
            46
        ],
        [
            0,
            10,
            66,
            37,
            51,
            13,
            45,
            68
        ],
        [
            17,
            40,
            63,
            4,
            39
        ],
        [
            62,
            31,
            24,
            18
        ],
        [
            55,
            52,
            53,
            32,
            45,
            4
        ],
        [
            71,
            59,
            42,
            58,
            34,
            23,
            3,
            51,
            20
        ],
        [
            10,
            44,
            23,
            25,
            19,
            54
        ],
        [
            18,
            31
        ],
        [
            63,
            56,
            53,
            72,
            25,
            57,
            33
        ],
        [
            30,
            62,
            42,
            7,
            7,
            36,
            20,
            5,
            45,
            2
        ],
        [
            36,
            55,
            13,
            41,
            48
        ],
        [
            27,
            64,
            39,
            40,
            72,
            15,
            7
        ],
        [
            31,
            29,
            60
        ],
        [
            14,
            52,
            20,
            18,
            22,
            21,
            11
        ],
        [
            59,
            8,
            70,
            5,
            69,
            38,
            5
        ],
        [
            54,
            65,
            33,
            65,
            26,
            2,
            16,
            30,
            6,
            68,
            66,
            6
        ],
        [
            48,
            34,
            69,
            27,
            40,
            46,
            57
        ],
        [
            36,
            52,
            14,
            61,
            67,
            61,
            2
        ],
        [
            56,
            6,
            41,
            69
        ],
        [
            11,
            24,
            69,
            33,
            28,
            23,
            71,
            58
        ],
        [
            21,
            21,
            3
        ]
    ],
    "matching": {
        "0": 4,
        "1": 4,
        "2": 4,
        "3": 0,
        "4": 1,
        "5": 4,
        "6": 4,
        "7": 4,
        "8": 4,
        "9": 2,
        "10": 1,
        "11": 1,
        "12": 2,
        "13": 0,
        "14": 0,
        "15": 2,
        "16": 1,
        "17": 4,
        "18": 4,
        "19": 1,
        "20": 0,
        "21": 0,
        "22": 4,
        "23": 2,
        "24": 4,
        "25": 4,
        "26": 0,
        "27": 2,
        "28": 2,
        "29": 2,
        "30": 3,
        "31": 4,
        "32": 3,
        "33": 2,
        "34": 1,
        "35": 4,
        "36": 3,
        "37": 4,
        "38": 4,
        "39": 3,
        "40": 4,
        "41": 2,
        "42": 1,
        "43": 3,
        "44": 4,
        "45": 4,
        "46": 3,
        "47": 0,
        "48": 2,
        "49": 4,
        "50": 4,
        "51": 2,
        "52": 0,
        "53": 0,
        "54": 2,
        "55": 3,
        "56": 2,
        "57": 4,
        "58": 4,
        "59": 1,
        "60": 1,
        "61": 0,
        "62": 3,
        "63": 1,
        "64": 1,
        "65": 1,
        "66": 2,
        "67": 1,
        "68": 2,
        "69": 4,
        "70": 0,
        "71": 3,
        "72": 3
    },
    "lower_bound": 48.0
}