{
    "node_types": [
        "invoice",
        "sku",
        "zone"
    ],
    "edge_types": [
        "('invoice', 'requires', 'sku')",
        "('sku', 'located_at', 'zone')",
        "('sku', 'rev_requires', 'invoice')",
        "('zone', 'rev_located_at', 'sku')"
    ],
    "num_invoices": 28,
    "num_sku": 68,
    "num_zone": 5,
    "invoices": [
        [
            37,
            64,
            7,
            34
        ],
        [
            36,
            38,
            57,
            52,
            59,
            51,
            57
        ],
        [
            66,
            39,
            22,
            4,
            16,
            63,
            10,
            33,
            39,
            14,
            25,
            58,
            37
        ],
        [
            59,
            62,
            12,
            53,
            51,
            14,
            26
        ],
        [
            42,
            47,
            62,
            13,
            67
        ],
        [
            5,
            28,
            50,
            34,
            43,
            33,
            15,
            3
        ],
        [
            8,
            4,
            66,
            19
        ],
        [
            66,
            46,
            15,
            37,
            33,
            18,
            20,
            36,
            3,
            54,
            29,
            64
        ],
        [
            40,
            45,
            51,
            11,
            28,
            0,
            57,
            1
        ],
        [
            31,
            64,
            49,
            23,
            38,
            17,
            35,
            24
        ],
        [
            63,
            6,
            65,
            47,
            8
        ],
        [
            65,
            56,
            45,
            4,
            55,
            19,
            0,
            32
        ],
        [
            25,
            12,
            59,
            21,
            39,
            60
        ],
        [
            32,
            4,
            10,
            23,
            48,
            61,
            37,
            29
        ],
        [
            18,
            15,
            28,
            67,
            59,
            41,
            61
        ],
        [
            9,
            53,
            46,
            67,
            58,
            52,
            17,
            20,
            47
        ],
        [
            48,
            1,
            34,
            6,
            10,
            2,
            22,
            24
        ],
        [
            51,
            54,
            22,
            16,
            22,
            35,
            0,
            48,
            21,
            65,
            2
        ],
        [
            7,
            13,
            19,
            32,
            21,
            13
        ],
        [
            45,
            31,
            44,
            43,
            53,
            6
        ],
        [
            27,
            44,
            23,
            55,
            50,
            53,
            7,
            38,
            30
        ],
        [
            48,
            5,
            60,
            5,
            18,
            56,
            6,
            2,
            28
        ],
        [
            49,
            30,
            45,
            1,
            31
        ],
        [
            54,
            58,
            27,
            55,
            25,
            67,
            17,
            9,
            49
        ],
        [
            61,
            8,
            32,
            62
        ],
        [
            57,
            52,
            30,
            1,
            13,
            42,
            5
        ],
        [
            0,
            54,
            7,
            62,
            10,
            41,
            15,
            47,
            17
        ],
        [
            26,
            61,
            11,
            40
        ]
    ],
    "matching": {
        "0": 0,
        "1": 0,
        "2": 4,
        "3": 0,
        "4": 1,
        "5": 0,
        "6": 1,
        "7": 3,
        "8": 0,
        "9": 4,
        "10": 0,
        "11": 1,
        "12": 3,
        "13": 4,
        "14": 1,
        "15": 4,
        "16": 3,
        "17": 1,
        "18": 4,
        "19": 3,
        "20": 2,
        "21": 2,
        "22": 0,
        "23": 3,
        "24": 3,
        "25": 0,
        "26": 4,
        "27": 2,
        "28": 1,
        "29": 4,
        "30": 4,
        "31": 4,
        "32": 0,
        "33": 2,
        "34": 1,
        "35": 0,
        "36": 0,
        "37": 4,
        "38": 2,
        "39": 1,
        "40": 4,
        "41": 0,
        "42": 2,
        "43": 2,
        "44": 1,
        "45": 0,
        "46": 4,
        "47": 0,
        "48": 1,
        "49": 2,
        "50": 2,
        "51": 0,
        "52": 1,
        "53": 4,
        "54": 1,
        "55": 4,
        "56": 2,
        "57": 1,
        "58": 2,
        "59": 3,
        "60": 1,
        "61": 4,
        "62": 3,
        "63": 2,
        "64": 4,
        "65": 3,
        "66": 3,
        "67": 0
    },
    "lower_bound": 51.0
}