{
    "node_types": [
        "invoice",
        "sku",
        "zone"
    ],
    "edge_types": [
        "('invoice', 'requires', 'sku')",
        "('sku', 'located_at', 'zone')",
        "('sku', 'rev_requires', 'invoice')",
        "('zone', 'rev_located_at', 'sku')"
    ],
    "num_invoices": 25,
    "num_sku": 83,
    "num_zone": 5,
    "invoices": [
        [
            26,
            72,
            59,
            78,
            55,
            45,
            0,
            2,
            56
        ],
        [
            68,
            27,
            38,
            29,
            40,
            52,
            72,
            13,
            3,
            47,
            50,
            82,
            81
        ],
        [
            6,
            30,
            65,
            31,
            61,
            33,
            53,
            17,
            62,
            33,
            58,
            22
        ],
        [
            78,
            65,
            45,
            8,
            64,
            12,
            43,
            54
        ],
        [
            14,
            25,
            10,
            42,
            44,
            57,
            50
        ],
        [
            46,
            31,
            56,
            49,
            32,
            39,
            19,
            41,
            40,
            46,
            49
        ],
        [
            54,
            71,
            25,
            37,
            59,
            41
        ],
        [
            21,
            21,
            48,
            18,
            15,
            73,
            45,
            54,
            38,
            74,
            16,
            60
        ],
        [
            76,
            51,
            2,
            50,
            6,
            73,
            28,
            6,
            60,
            31
        ],
        [
            19,
            56,
            47,
            66,
            51,
            61,
            77
        ],
        [
            19,
            49,
            0,
            57,
            52,
            14,
            38,
            80,
            73,
            51
        ],
        [
            66,
            52,
            17,
            2,
            29,
            1,
            82,
            81
        ],
        [
            1,
            25,
            13,
            4,
            57,
            29,
            74,
            65,
            62,
            30,
            82
        ],
        [
            11,
            80,
            71,
            78,
            57,
            70,
            20,
            79,
            13,
            63,
            37,
            32,
            75,
            44,
            67,
            38,
            6,
            66,
            28
        ],
        [
            41,
            43,
            16,
            36,
            9,
            62,
            40,
            34,
            39,
            0,
            28,
            8,
            77,
            73,
            4
        ],
        [
            8,
            11,
            82,
            12,
            17,
            31,
            40,
            46
        ],
        [
            27,
            74,
            14,
            75,
            8,
            33,
            10,
            60,
            48,
            33,
            81,
            63
        ],
        [
            70,
            37,
            55,
            23,
            72,
            24,
            10,
            1,
            29,
            20
        ],
        [
            3,
            55,
            68,
            79,
            24,
            7,
            22,
            36,
            42
        ],
        [
            13,
            39,
            22,
            59,
            55,
            71,
            44,
            64,
            9,
            53,
            65
        ],
        [
            5,
            23,
            68,
            21,
            1,
            67,
            7,
            34,
            15,
            2
        ],
        [
            77,
            26,
            68,
            35,
            42,
            81,
            72,
            71,
            21,
            28,
            22,
            54,
            77,
            14
        ],
        [
            58,
            51,
            27,
            69,
            35,
            25,
            39,
            58
        ],
        [
            61,
            16,
            66,
            70,
            62,
            46,
            18,
            59,
            80,
            69,
            42,
            37,
            23,
            76,
            43
        ],
        [
            5,
            70,
            12,
            53
        ]
    ],
    "matching": {
        "0": 0,
        "1": 2,
        "2": 2,
        "3": 2,
        "4": 0,
        "5": 4,
        "6": 1,
        "7": 4,
        "8": 2,
        "9": 2,
        "10": 2,
        "11": 1,
        "12": 3,
        "13": 4,
        "14": 2,
        "15": 4,
        "16": 2,
        "17": 1,
        "18": 2,
        "19": 1,
        "20": 1,
        "21": 2,
        "22": 1,
        "23": 3,
        "24": 1,
        "25": 1,
        "26": 1,
        "27": 0,
        "28": 3,
        "29": 2,
        "30": 4,
        "31": 3,
        "32": 2,
        "33": 0,
        "34": 2,
        "35": 3,
        "36": 1,
        "37": 2,
        "38": 3,
        "39": 0,
        "40": 3,
        "41": 3,
        "42": 3,
        "43": 3,
        "44": 4,
        "45": 4,
        "46": 3,
        "47": 4,
        "48": 2,
        "49": 1,
        "50": 0,
        "51": 1,
        "52": 4,
        "53": 4,
        "54": 1,
        "55": 2,
        "56": 4,
        "57": 2,
        "58": 3,
        "59": 4,
        "60": 4,
        "61": 1,
        "62": 0,
        "63": 1,
        "64": 1,
        "65": 4,
        "66": 1,
        "67": 3,
        "68": 3,
        "69": 1,
        "70": 3,
        "71": 0,
        "72": 3,
        "73": 4,
        "74": 2,
        "75": 1,
        "76": 4,
        "77": 2,
        "78": 4,
        "79": 2,
        "80": 0,
        "81": 0,
        "82": 2
    },
    "lower_bound": 69.0
}