{
    "node_types": [
        "invoice",
        "sku",
        "zone"
    ],
    "edge_types": [
        "('invoice', 'requires', 'sku')",
        "('sku', 'located_at', 'zone')",
        "('sku', 'rev_requires', 'invoice')",
        "('zone', 'rev_located_at', 'sku')"
    ],
    "num_invoices": 33,
    "num_sku": 82,
    "num_zone": 5,
    "invoices": [
        [
            53,
            29,
            57,
            48,
            49,
            50,
            72,
            58,
            5,
            41
        ],
        [
            47,
            37,
            30,
            34,
            48,
            61,
            10,
            35,
            33,
            28,
            44,
            20,
            50,
            31
        ],
        [
            17,
            79,
            11,
            68,
            43
        ],
        [
            78,
            71,
            1,
            59,
            16,
            44,
            29,
            0,
            31,
            63
        ],
        [
            60,
            75,
            23,
            45,
            45,
            46,
            29
        ],
        [
            34,
            44,
            60,
            9,
            26,
            64,
            37,
            49,
            31
        ],
        [
            33,
            20,
            59,
            47,
            13,
            70,
            42,
            19,
            78,
            3
        ],
        [
            67,
            47,
            54,
            23,
            48,
            50,
            65,
            56
        ],
        [
            65,
            65,
            28,
            67,
            42,
            14,
            60,
            31,
            45,
            0
        ],
        [
            49,
            78,
            80,
            36
        ],
        [
            4,
            61,
            21,
            32,
            11,
            57,
            64
        ],
        [
            15,
            68,
            30,
            35,
            52,
            10,
            71
        ],
        [
            58,
            51,
            50,
            8,
            45,
            23,
            68,
            43,
            70
        ],
        [
            52,
            77,
            12,
            16,
            14,
            71
        ],
        [
            21,
            36,
            36,
            1,
            16,
            24,
            73
        ],
        [
            2,
            64,
            34,
            42,
            28,
            25,
            18,
            10,
            25
        ],
        [
            41,
            55,
            33,
            32,
            52,
            77,
            13,
            22,
            51
        ],
        [
            40,
            1,
            37,
            27,
            40,
            38,
            7,
            66,
            0,
            22,
            79,
            13
        ],
        [
            39,
            69,
            15,
            38,
            26,
            8,
            53,
            81,
            73,
            7,
            5,
            0,
            3
        ],
        [
            19,
            76,
            78,
            19,
            37,
            2
        ],
        [
            25,
            71,
            11,
            22,
            46,
            27,
            42,
            75,
            16,
            19,
            28,
            10,
            9
        ],
        [
            38,
            76,
            73
        ],
        [
            57,
            39,
            76,
            18,
            77,
            1,
            20,
            65,
            68,
            6
        ],
        [
            24
        ],
        [
            13,
            62,
            63,
            46,
            51,
            46,
            43
        ],
        [
            4,
            58,
            74,
            53,
            49,
            34,
            8,
            80,
            74,
            7
        ],
        [
            66,
            48,
            14,
            22
        ],
        [
            25,
            6,
            60,
            75,
            17,
            54
        ],
        [
            47
        ],
        [
            77,
            39,
            79,
            21,
            24
        ],
        [
            62,
            69,
            33,
            81,
            36,
            29,
            44,
            8,
            55
        ],
        [
            72,
            40,
            15,
            62,
            12,
            52,
            11,
            56,
            5
        ],
        [
            54,
            23,
            63,
            51,
            58,
            6,
            57,
            7
        ]
    ],
    "matching": {
        "0": 3,
        "1": 0,
        "2": 1,
        "3": 0,
        "4": 1,
        "5": 0,
        "6": 1,
        "7": 3,
        "8": 4,
        "9": 2,
        "10": 1,
        "11": 2,
        "12": 0,
        "13": 1,
        "14": 0,
        "15": 2,
        "16": 2,
        "17": 3,
        "18": 0,
        "19": 3,
        "20": 3,
        "21": 2,
        "22": 4,
        "23": 0,
        "24": 2,
        "25": 0,
        "26": 0,
        "27": 0,
        "28": 4,
        "29": 1,
        "30": 3,
        "31": 3,
        "32": 1,
        "33": 2,
        "34": 0,
        "35": 4,
        "36": 0,
        "37": 4,
        "38": 1,
        "39": 2,
        "40": 0,
        "41": 2,
        "42": 4,
        "43": 2,
        "44": 1,
        "45": 3,
        "46": 1,
        "47": 1,
        "48": 4,
        "49": 1,
        "50": 4,
        "51": 3,
        "52": 3,
        "53": 0,
        "54": 2,
        "55": 0,
        "56": 1,
        "57": 2,
        "58": 3,
        "59": 3,
        "60": 3,
        "61": 4,
        "62": 3,
        "63": 1,
        "64": 3,
        "65": 2,
        "66": 1,
        "67": 0,
        "68": 4,
        "69": 1,
        "70": 4,
        "71": 2,
        "72": 3,
        "73": 4,
        "74": 4,
        "75": 4,
        "76": 0,
        "77": 0,
        "78": 4,
        "79": 4,
        "80": 1,
        "81": 3
    },
    "lower_bound": 54.0
}