{
    "node_types": [
        "invoice",
        "sku",
        "zone"
    ],
    "edge_types": [
        "('invoice', 'requires', 'sku')",
        "('sku', 'located_at', 'zone')",
        "('sku', 'rev_requires', 'invoice')",
        "('zone', 'rev_located_at', 'sku')"
    ],
    "num_invoices": 28,
    "num_sku": 63,
    "num_zone": 5,
    "invoices": [
        [
            2,
            3,
            18,
            4,
            16,
            2,
            4
        ],
        [
            25,
            57,
            20,
            0,
            18,
            36,
            51
        ],
        [
            31,
            34,
            44,
            22,
            6,
            52
        ],
        [
            35,
            36,
            19,
            17
        ],
        [
            2,
            33,
            28,
            22,
            56,
            27
        ],
        [
            21,
            40,
            6,
            13,
            52,
            41,
            34,
            20,
            32,
            56
        ],
        [
            30,
            23,
            8,
            54
        ],
        [
            4,
            5,
            16,
            43
        ],
        [
            38,
            13,
            26,
            45,
            37,
            1
        ],
        [
            51,
            41,
            30,
            0,
            0,
            33,
            62,
            14,
            13,
            43
        ],
        [
            12,
            60,
            47,
            24,
            27,
            62,
            18,
            9,
            34
        ],
        [
            23,
            62,
            15,
            16,
            25,
            21,
            7,
            61,
            2
        ],
        [
            24,
            61,
            53,
            12,
            40,
            47
        ],
        [
            50,
            51,
            57,
            29
        ],
        [
            48,
            55,
            36,
            31
        ],
        [
            8,
            22,
            62,
            33,
            22,
            25,
            34,
            53,
            48,
            28
        ],
        [
            6,
            53,
            46
        ],
        [
            30,
            45,
            48,
            48,
            41,
            5,
            36,
            60,
            27
        ],
        [
            10,
            17,
            10,
            39,
            53,
            15,
            18,
            9,
            25,
            46,
            26,
            31
        ],
        [
            42,
            6,
            5,
            42,
            11,
            15,
            32
        ],
        [
            7,
            39,
            30
        ],
        [
            38,
            50,
            20,
            7,
            14,
            3,
            59,
            31
        ],
        [
            60,
            47,
            52,
            0,
            16,
            37,
            44
        ],
        [
            12,
            29,
            42,
            21,
            35,
            50,
            54,
            14,
            11,
            44
        ],
        [
            43,
            21,
            26,
            3,
            52
        ],
        [
            58,
            50,
            23,
            1,
            8,
            55
        ],
        [
            58,
            29,
            35,
            19
        ],
        [
            49,
            59,
            17,
            15,
            49
        ]
    ],
    "matching": {
        "0": 0,
        "1": 3,
        "2": 1,
        "3": 2,
        "4": 1,
        "5": 2,
        "6": 1,
        "7": 4,
        "8": 0,
        "9": 0,
        "10": 1,
        "11": 2,
        "12": 2,
        "13": 4,
        "14": 0,
        "15": 2,
        "16": 4,
        "17": 3,
        "18": 3,
        "19": 0,
        "20": 4,
        "21": 1,
        "22": 1,
        "23": 2,
        "24": 1,
        "25": 2,
        "26": 4,
        "27": 1,
        "28": 1,
        "29": 4,
        "30": 2,
        "31": 1,
        "32": 0,
        "33": 3,
        "34": 2,
        "35": 4,
        "36": 1,
        "37": 3,
        "38": 4,
        "39": 4,
        "40": 4,
        "41": 0,
        "42": 1,
        "43": 4,
        "44": 1,
        "45": 0,
        "46": 0,
        "47": 3,
        "48": 3,
        "49": 1,
        "50": 1,
        "51": 4,
        "52": 3,
        "53": 0,
        "54": 1,
        "55": 0,
        "56": 0,
        "57": 2,
        "58": 4,
        "59": 1,
        "60": 2,
        "61": 3,
        "62": 4
    },
    "lower_bound": 48.0
}