{
    "node_types": [
        "invoice",
        "sku",
        "zone"
    ],
    "edge_types": [
        "('invoice', 'requires', 'sku')",
        "('sku', 'located_at', 'zone')",
        "('sku', 'rev_requires', 'invoice')",
        "('zone', 'rev_located_at', 'sku')"
    ],
    "num_invoices": 29,
    "num_sku": 97,
    "num_zone": 5,
    "invoices": [
        [
            64,
            69,
            31,
            44,
            8,
            5
        ],
        [
            86,
            37,
            10,
            5,
            90,
            77,
            92,
            65,
            3,
            24,
            1,
            92,
            53
        ],
        [
            25,
            45,
            48,
            84,
            95,
            19,
            59,
            26,
            30,
            48,
            20,
            76,
            62,
            22,
            85
        ],
        [
            30,
            13,
            60,
            10,
            79,
            70,
            4,
            32,
            58,
            22,
            50,
            51
        ],
        [
            41,
            37,
            64,
            73,
            7,
            60,
            55,
            37,
            2,
            63
        ],
        [
            82,
            43,
            44,
            70,
            42
        ],
        [
            36,
            91,
            19,
            90,
            82,
            77,
            16,
            52,
            65,
            49,
            18,
            8,
            66
        ],
        [
            30,
            80,
            23,
            60,
            56,
            87
        ],
        [
            47,
            78,
            16,
            9,
            9,
            74,
            68,
            91,
            78,
            19,
            61,
            15
        ],
        [
            63,
            92,
            47,
            23,
            59,
            83
        ],
        [
            36,
            16,
            76,
            8,
            94,
            28,
            72,
            66,
            27
        ],
        [
            18,
            84,
            24,
            56,
            41,
            55,
            86,
            6,
            12,
            47
        ],
        [
            3,
            5,
            85,
            96,
            33,
            95,
            81,
            73,
            67,
            76
        ],
        [
            57,
            20,
            61,
            44,
            47,
            56,
            64
        ],
        [
            63,
            71,
            86,
            26,
            7,
            94,
            65,
            42,
            10
        ],
        [
            40,
            67,
            62,
            69,
            60,
            40
        ],
        [
            1,
            17,
            7,
            93,
            16,
            49,
            79,
            46,
            68
        ],
        [
            14,
            57,
            23,
            11,
            74,
            58,
            4,
            28
        ],
        [
            2,
            39,
            72,
            0,
            64,
            51,
            54,
            27,
            70,
            79,
            91,
            25,
            6
        ],
        [
            59,
            29,
            96,
            74,
            35,
            53,
            5,
            71,
            75,
            96
        ],
        [
            63,
            6,
            41,
            41,
            1,
            39,
            34,
            92,
            82,
            26,
            65,
            35
        ],
        [
            94,
            10,
            17,
            13,
            12,
            88
        ],
        [
            72,
            89,
            78,
            24,
            17
        ],
        [
            21,
            49,
            32,
            50,
            66,
            66,
            14,
            45,
            29
        ],
        [
            43,
            54,
            21,
            95,
            87,
            89,
            46
        ],
        [
            8,
            13,
            12,
            80,
            68,
            71,
            82,
            18,
            38,
            39,
            38
        ],
        [
            26,
            33,
            75,
            34,
            62,
            52,
            23,
            11,
            6,
            14,
            43,
            27
        ],
        [
            90,
            88,
            96,
            55,
            27,
            84,
            43,
            93,
            15,
            77,
            39,
            44,
            69,
            31,
            37,
            11,
            75,
            81,
            25
        ],
        [
            35,
            58,
            69,
            0,
            49,
            83,
            3
        ]
    ],
    "matching": {
        "0": 3,
        "1": 1,
        "2": 0,
        "3": 1,
        "4": 4,
        "5": 2,
        "6": 1,
        "7": 2,
        "8": 4,
        "9": 0,
        "10": 3,
        "11": 4,
        "12": 4,
        "13": 1,
        "14": 2,
        "15": 0,
        "16": 1,
        "17": 1,
        "18": 4,
        "19": 4,
        "20": 0,
        "21": 1,
        "22": 4,
        "23": 3,
        "24": 1,
        "25": 1,
        "26": 0,
        "27": 2,
        "28": 1,
        "29": 3,
        "30": 3,
        "31": 0,
        "32": 2,
        "33": 2,
        "34": 0,
        "35": 3,
        "36": 1,
        "37": 1,
        "38": 4,
        "39": 4,
        "40": 0,
        "41": 1,
        "42": 0,
        "43": 2,
        "44": 1,
        "45": 1,
        "46": 0,
        "47": 0,
        "48": 1,
        "49": 3,
        "50": 4,
        "51": 1,
        "52": 0,
        "53": 3,
        "54": 4,
        "55": 3,
        "56": 0,
        "57": 3,
        "58": 1,
        "59": 0,
        "60": 3,
        "61": 0,
        "62": 2,
        "63": 1,
        "64": 3,
        "65": 0,
        "66": 2,
        "67": 4,
        "68": 0,
        "69": 4,
        "70": 4,
        "71": 3,
        "72": 4,
        "73": 2,
        "74": 3,
        "75": 3,
        "76": 3,
        "77": 4,
        "78": 2,
        "79": 0,
        "80": 1,
        "81": 0,
        "82": 4,
        "83": 2,
        "84": 3,
        "85": 1,
        "86": 1,
        "87": 1,
        "88": 1,
        "89": 2,
        "90": 2,
        "91": 1,
        "92": 2,
        "93": 1,
        "94": 3,
        "95": 0,
        "96": 3
    },
    "lower_bound": 69.0
}