{
    "node_types": [
        "invoice",
        "sku",
        "zone"
    ],
    "edge_types": [
        "('invoice', 'requires', 'sku')",
        "('sku', 'located_at', 'zone')",
        "('sku', 'rev_requires', 'invoice')",
        "('zone', 'rev_located_at', 'sku')"
    ],
    "num_invoices": 34,
    "num_sku": 70,
    "num_zone": 5,
    "invoices": [
        [
            14,
            21,
            13,
            10
        ],
        [
            44,
            37,
            59,
            1,
            61,
            57,
            47,
            65
        ],
        [
            21,
            20,
            42,
            62,
            32,
            67,
            57
        ],
        [
            43,
            69,
            17,
            63
        ],
        [
            15,
            59,
            49,
            5,
            68,
            55,
            30,
            60,
            17
        ],
        [
            41,
            30,
            25,
            52,
            33,
            49,
            0,
            7
        ],
        [
            65,
            59,
            54,
            7,
            4,
            45,
            24,
            54,
            24,
            8
        ],
        [
            11,
            15,
            12,
            18,
            22,
            14
        ],
        [
            4,
            39,
            55
        ],
        [
            33,
            3,
            9,
            46,
            20,
            49
        ],
        [
            11,
            48,
            57,
            31,
            55
        ],
        [
            53,
            68,
            34,
            51,
            56
        ],
        [
            42,
            28,
            28,
            16,
            68,
            23,
            43
        ],
        [
            48,
            27,
            50,
            1,
            41,
            66,
            8
        ],
        [
            56,
            28,
            38,
            68,
            6,
            27
        ],
        [
            34,
            64,
            9,
            21,
            66,
            26
        ],
        [
            25,
            50,
            43,
            35
        ],
        [
            19,
            60,
            5,
            36,
            20,
            1,
            27
        ],
        [
            50,
            51,
            59,
            24,
            66,
            10,
            36,
            29
        ],
        [
            31,
            24,
            12,
            19,
            48,
            13,
            23,
            36
        ],
        [
            13,
            66,
            38,
            65,
            64
        ],
        [
            33,
            69,
            47,
            52,
            0,
            7,
            41,
            63
        ],
        [
            46,
            16,
            45,
            41,
            67,
            9,
            58,
            17,
            23,
            36
        ],
        [
            22,
            55,
            10,
            0
        ],
        [
            6,
            14,
            63,
            30,
            22,
            42
        ],
        [
            34,
            53,
            26,
            12,
            32,
            40,
            61,
            52
        ],
        [
            11,
            3,
            22,
            56
        ],
        [
            67,
            17,
            58,
            58,
            35,
            47
        ],
        [
            34,
            23,
            44,
            32,
            2,
            9,
            27,
            2,
            40
        ],
        [
            11,
            49,
            69,
            29,
            48,
            40,
            18,
            61,
            6,
            54
        ],
        [
            30,
            39,
            51,
            62
        ],
        [
            3,
            7,
            0
        ],
        [
            28,
            33,
            37,
            46,
            40,
            31,
            51
        ],
        [
            14,
            47,
            58,
            62
        ]
    ],
    "matching": {
        "0": 3,
        "1": 2,
        "2": 1,
        "3": 4,
        "4": 2,
        "5": 2,
        "6": 3,
        "7": 3,
        "8": 0,
        "9": 3,
        "10": 0,
        "11": 1,
        "12": 4,
        "13": 4,
        "14": 0,
        "15": 1,
        "16": 4,
        "17": 2,
        "18": 4,
        "19": 3,
        "20": 1,
        "21": 1,
        "22": 1,
        "23": 4,
        "24": 4,
        "25": 4,
        "26": 0,
        "27": 3,
        "28": 4,
        "29": 3,
        "30": 3,
        "31": 2,
        "32": 1,
        "33": 2,
        "34": 4,
        "35": 2,
        "36": 0,
        "37": 1,
        "38": 4,
        "39": 2,
        "40": 3,
        "41": 0,
        "42": 4,
        "43": 4,
        "44": 1,
        "45": 3,
        "46": 3,
        "47": 1,
        "48": 4,
        "49": 2,
        "50": 1,
        "51": 3,
        "52": 4,
        "53": 1,
        "54": 3,
        "55": 1,
        "56": 0,
        "57": 3,
        "58": 4,
        "59": 2,
        "60": 2,
        "61": 2,
        "62": 3,
        "63": 1,
        "64": 0,
        "65": 1,
        "66": 4,
        "67": 4,
        "68": 0,
        "69": 1
    },
    "lower_bound": 42.0
}