{
    "node_types": [
        "invoice",
        "sku",
        "zone"
    ],
    "edge_types": [
        "('invoice', 'requires', 'sku')",
        "('sku', 'located_at', 'zone')",
        "('sku', 'rev_requires', 'invoice')",
        "('zone', 'rev_located_at', 'sku')"
    ],
    "num_invoices": 27,
    "num_sku": 63,
    "num_zone": 5,
    "invoices": [
        [
            60,
            43,
            61,
            55
        ],
        [
            11,
            3,
            29,
            58,
            26,
            15,
            40
        ],
        [
            37,
            50,
            53,
            38,
            14,
            48,
            57
        ],
        [
            46,
            30,
            31,
            45,
            3,
            46
        ],
        [
            25,
            11,
            62,
            29,
            22,
            12,
            30
        ],
        [
            42,
            21,
            14,
            61,
            38,
            6,
            53,
            29,
            33
        ],
        [
            34,
            45,
            5,
            42,
            34,
            41,
            19,
            43,
            19,
            11,
            29,
            16
        ],
        [
            0,
            8,
            31,
            48,
            11
        ],
        [
            47,
            9,
            33,
            58,
            21,
            16,
            50,
            51,
            34
        ],
        [
            8,
            18,
            7,
            9,
            14,
            45,
            4,
            35
        ],
        [
            25,
            43,
            22,
            33,
            23,
            13
        ],
        [
            52,
            33,
            40,
            55,
            47,
            37
        ],
        [
            54,
            15,
            20,
            58,
            14,
            60,
            36,
            13,
            61
        ],
        [
            25,
            41,
            6,
            36,
            51,
            3
        ],
        [
            22,
            42,
            27,
            36,
            47,
            12,
            52
        ],
        [
            8,
            28,
            18,
            19
        ],
        [
            40,
            3,
            2,
            26,
            41,
            27,
            49,
            62,
            56
        ],
        [
            56,
            7,
            44,
            49,
            18,
            28,
            24,
            58,
            54
        ],
        [
            4,
            59,
            19,
            2,
            49,
            22,
            5,
            59,
            2
        ],
        [
            1,
            44,
            32,
            38,
            10
        ],
        [
            0,
            26,
            27,
            17,
            46
        ],
        [
            55,
            38,
            49,
            20,
            31,
            17,
            57
        ],
        [
            39,
            35,
            20,
            43,
            48
        ],
        [
            15,
            60,
            60,
            47,
            17,
            32,
            41,
            57,
            18,
            8,
            9,
            15
        ],
        [
            13,
            1,
            28,
            28,
            25,
            23,
            39
        ],
        [
            24,
            21,
            10,
            17,
            9
        ],
        [
            57,
            53,
            52,
            7,
            24,
            44,
            10,
            44
        ]
    ],
    "matching": {
        "0": 4,
        "1": 3,
        "2": 1,
        "3": 1,
        "4": 4,
        "5": 0,
        "6": 1,
        "7": 3,
        "8": 4,
        "9": 1,
        "10": 1,
        "11": 1,
        "12": 0,
        "13": 4,
        "14": 1,
        "15": 2,
        "16": 3,
        "17": 0,
        "18": 4,
        "19": 2,
        "20": 4,
        "21": 4,
        "22": 2,
        "23": 1,
        "24": 4,
        "25": 3,
        "26": 2,
        "27": 4,
        "28": 0,
        "29": 1,
        "30": 1,
        "31": 4,
        "32": 1,
        "33": 4,
        "34": 3,
        "35": 1,
        "36": 4,
        "37": 2,
        "38": 3,
        "39": 0,
        "40": 3,
        "41": 3,
        "42": 4,
        "43": 4,
        "44": 0,
        "45": 4,
        "46": 2,
        "47": 0,
        "48": 4,
        "49": 2,
        "50": 3,
        "51": 0,
        "52": 0,
        "53": 1,
        "54": 0,
        "55": 4,
        "56": 1,
        "57": 1,
        "58": 1,
        "59": 0,
        "60": 0,
        "61": 2,
        "62": 2
    },
    "lower_bound": 48.0
}