{
    "node_types": [
        "invoice",
        "sku",
        "zone"
    ],
    "edge_types": [
        "('invoice', 'requires', 'sku')",
        "('sku', 'located_at', 'zone')",
        "('sku', 'rev_requires', 'invoice')",
        "('zone', 'rev_located_at', 'sku')"
    ],
    "num_invoices": 30,
    "num_sku": 84,
    "num_zone": 5,
    "invoices": [
        [
            19,
            39,
            27,
            12,
            22,
            46,
            62,
            51
        ],
        [
            30,
            16,
            59,
            37,
            14,
            33,
            65,
            76,
            34,
            15,
            77,
            50
        ],
        [
            52,
            37,
            59,
            63,
            60,
            1,
            64,
            57,
            0
        ],
        [
            28,
            30,
            20,
            66,
            13,
            22,
            32,
            78
        ],
        [
            3,
            83,
            71,
            55,
            38,
            11,
            60,
            25,
            58
        ],
        [
            47,
            42,
            70,
            54,
            61,
            80,
            83
        ],
        [
            9,
            1,
            79,
            61,
            21,
            55
        ],
        [
            39,
            61,
            17,
            7,
            22
        ],
        [
            50,
            10,
            73,
            67,
            15,
            69,
            23,
            11,
            4,
            57,
            80,
            63,
            29,
            80
        ],
        [
            17,
            45,
            53,
            25,
            44,
            62,
            79,
            35,
            11
        ],
        [
            53,
            8,
            46,
            43,
            81,
            64,
            18,
            71,
            53,
            37,
            34,
            64
        ],
        [
            42,
            40,
            32,
            14,
            67,
            41,
            56,
            17,
            79,
            68
        ],
        [
            62,
            48,
            59,
            5
        ],
        [
            10,
            39,
            48,
            70,
            50,
            57,
            6,
            69,
            23,
            29,
            33
        ],
        [
            83,
            36,
            20,
            9,
            65,
            57,
            82,
            23,
            16,
            60,
            81,
            71,
            2,
            18,
            1
        ],
        [
            66,
            66,
            2,
            24,
            52,
            4,
            64,
            14
        ],
        [
            5,
            76,
            74,
            69,
            46,
            13
        ],
        [
            71,
            60,
            38,
            40,
            3
        ],
        [
            45,
            54,
            43,
            15,
            41,
            9,
            19,
            73,
            48,
            3,
            24,
            26,
            28
        ],
        [
            24,
            34,
            40,
            1,
            47,
            51,
            79,
            30,
            77,
            21,
            45,
            29,
            31
        ],
        [
            31,
            12,
            55
        ],
        [
            10,
            70,
            0,
            52,
            6,
            55,
            30,
            66,
            48
        ],
        [
            33,
            23,
            58,
            6,
            26,
            80
        ],
        [
            49,
            78
        ],
        [
            44,
            31,
            75,
            34,
            76,
            72,
            78,
            15,
            51,
            72,
            82
        ],
        [
            31,
            68,
            42,
            58,
            69,
            4
        ],
        [
            72,
            8,
            21,
            33
        ],
        [
            75,
            13,
            40,
            27,
            44,
            35,
            14,
            9
        ],
        [
            26,
            74,
            45,
            7,
            49,
            0,
            74,
            50
        ],
        [
            25,
            43,
            38,
            21,
            36,
            76,
            49,
            17,
            13,
            56,
            39
        ]
    ],
    "matching": {
        "0": 1,
        "1": 1,
        "2": 1,
        "3": 4,
        "4": 1,
        "5": 2,
        "6": 2,
        "7": 0,
        "8": 4,
        "9": 2,
        "10": 4,
        "11": 4,
        "12": 2,
        "13": 3,
        "14": 1,
        "15": 2,
        "16": 0,
        "17": 1,
        "18": 2,
        "19": 0,
        "20": 3,
        "21": 4,
        "22": 2,
        "23": 4,
        "24": 4,
        "25": 0,
        "26": 0,
        "27": 0,
        "28": 4,
        "29": 3,
        "30": 1,
        "31": 2,
        "32": 0,
        "33": 1,
        "34": 3,
        "35": 4,
        "36": 4,
        "37": 4,
        "38": 0,
        "39": 3,
        "40": 4,
        "41": 4,
        "42": 2,
        "43": 0,
        "44": 1,
        "45": 3,
        "46": 0,
        "47": 0,
        "48": 2,
        "49": 4,
        "50": 4,
        "51": 0,
        "52": 1,
        "53": 1,
        "54": 0,
        "55": 1,
        "56": 3,
        "57": 0,
        "58": 0,
        "59": 0,
        "60": 0,
        "61": 0,
        "62": 0,
        "63": 2,
        "64": 2,
        "65": 1,
        "66": 4,
        "67": 0,
        "68": 4,
        "69": 0,
        "70": 4,
        "71": 1,
        "72": 2,
        "73": 4,
        "74": 2,
        "75": 2,
        "76": 2,
        "77": 0,
        "78": 3,
        "79": 1,
        "80": 0,
        "81": 2,
        "82": 4,
        "83": 0
    },
    "lower_bound": 57.0
}