{
    "node_types": [
        "invoice",
        "sku",
        "zone"
    ],
    "edge_types": [
        "('invoice', 'requires', 'sku')",
        "('sku', 'located_at', 'zone')",
        "('sku', 'rev_requires', 'invoice')",
        "('zone', 'rev_located_at', 'sku')"
    ],
    "num_invoices": 34,
    "num_sku": 57,
    "num_zone": 5,
    "invoices": [
        [
            41,
            3,
            31,
            53,
            56,
            50,
            15,
            34,
            39,
            52
        ],
        [
            17,
            53,
            35
        ],
        [
            34,
            37,
            33,
            37,
            32,
            18
        ],
        [
            3,
            14,
            16,
            30
        ],
        [
            41,
            35,
            2,
            55,
            45,
            42
        ],
        [],
        [
            7,
            22,
            49,
            31,
            31,
            52
        ],
        [
            37,
            47,
            44,
            45,
            28
        ],
        [
            2,
            18,
            15,
            10,
            49
        ],
        [
            8,
            54,
            48,
            1,
            46
        ],
        [
            31,
            12,
            17
        ],
        [
            41,
            4,
            51
        ],
        [
            44,
            6,
            5,
            9
        ],
        [
            30,
            28,
            5,
            22,
            42,
            18,
            4,
            4
        ],
        [
            27,
            8,
            13,
            47
        ],
        [
            29,
            16,
            1,
            43
        ],
        [
            41,
            23,
            25,
            9,
            46,
            25
        ],
        [
            27,
            51,
            26,
            14,
            56
        ],
        [
            38,
            7,
            55,
            11
        ],
        [
            50,
            40,
            24,
            39,
            43
        ],
        [
            33,
            24,
            16,
            15
        ],
        [
            38,
            13
        ],
        [
            1,
            37,
            20
        ],
        [
            30,
            11,
            0,
            54
        ],
        [
            40,
            19,
            19,
            40,
            6,
            23,
            33
        ],
        [
            32,
            32,
            26,
            20,
            12,
            32
        ],
        [
            16,
            2,
            48,
            34,
            36,
            7
        ],
        [
            26,
            56,
            22
        ],
        [
            20,
            21,
            9,
            54,
            23,
            36,
            29,
            4
        ],
        [
            21,
            0,
            35,
            7,
            36,
            33,
            55
        ],
        [
            8,
            9,
            43,
            53,
            10,
            6
        ],
        [
            49,
            13,
            56,
            10,
            20,
            24
        ],
        [
            0,
            12
        ],
        [
            25,
            49,
            42,
            26,
            1
        ]
    ],
    "matching": {
        "0": 1,
        "1": 3,
        "2": 2,
        "3": 3,
        "4": 1,
        "5": 2,
        "6": 3,
        "7": 4,
        "8": 3,
        "9": 4,
        "10": 4,
        "11": 3,
        "12": 0,
        "13": 3,
        "14": 2,
        "15": 1,
        "16": 0,
        "17": 0,
        "18": 4,
        "19": 0,
        "20": 4,
        "21": 1,
        "22": 2,
        "23": 1,
        "24": 2,
        "25": 2,
        "26": 4,
        "27": 2,
        "28": 0,
        "29": 4,
        "30": 1,
        "31": 1,
        "32": 0,
        "33": 4,
        "34": 0,
        "35": 0,
        "36": 1,
        "37": 4,
        "38": 0,
        "39": 2,
        "40": 1,
        "41": 1,
        "42": 1,
        "43": 4,
        "44": 1,
        "45": 3,
        "46": 0,
        "47": 3,
        "48": 2,
        "49": 4,
        "50": 4,
        "51": 2,
        "52": 1,
        "53": 1,
        "54": 4,
        "55": 2,
        "56": 1
    },
    "lower_bound": 42.0
}