{
    "node_types": [
        "invoice",
        "sku",
        "zone"
    ],
    "edge_types": [
        "('invoice', 'requires', 'sku')",
        "('sku', 'located_at', 'zone')",
        "('sku', 'rev_requires', 'invoice')",
        "('zone', 'rev_located_at', 'sku')"
    ],
    "num_invoices": 30,
    "num_sku": 73,
    "num_zone": 5,
    "invoices": [
        [
            29,
            24,
            20
        ],
        [
            13,
            33,
            27,
            41,
            28,
            59,
            13
        ],
        [
            39,
            53,
            60,
            30
        ],
        [
            41,
            34,
            46,
            33,
            55,
            27
        ],
        [
            48,
            28,
            44,
            57,
            15,
            11
        ],
        [
            36,
            4,
            6,
            42,
            0,
            2,
            72
        ],
        [
            19,
            56,
            20,
            26,
            21,
            14,
            25,
            29,
            64
        ],
        [
            34,
            17,
            68,
            39,
            18,
            22,
            26
        ],
        [
            63,
            66,
            51,
            41,
            64,
            36,
            66,
            41,
            60,
            32,
            67
        ],
        [
            40,
            45,
            0,
            70,
            35,
            3,
            46,
            55,
            18,
            38,
            23
        ],
        [
            26,
            31,
            17,
            54,
            48,
            25
        ],
        [
            9,
            51,
            62,
            42,
            69,
            63,
            2,
            55
        ],
        [
            7,
            13
        ],
        [
            11,
            66,
            9,
            62,
            40,
            14,
            37,
            38,
            22,
            57,
            43,
            31
        ],
        [
            8,
            61,
            63,
            4,
            32,
            71,
            57,
            71,
            33
        ],
        [
            36,
            34,
            6,
            14,
            72,
            27,
            61,
            37
        ],
        [
            54,
            60,
            48,
            37,
            10,
            1,
            13,
            49,
            19
        ],
        [
            31,
            47,
            24,
            35,
            3,
            28,
            70
        ],
        [
            45,
            42,
            30,
            10,
            23
        ],
        [
            16,
            40,
            43
        ],
        [
            57,
            31,
            71,
            8,
            26,
            58,
            50,
            58
        ],
        [
            23,
            72,
            44,
            11,
            52,
            49,
            59,
            25,
            0,
            44
        ],
        [
            15,
            40,
            11,
            58,
            65,
            51,
            65,
            68,
            20,
            43,
            28,
            21,
            53,
            53,
            12
        ],
        [
            22,
            47,
            17,
            56,
            8,
            50,
            5,
            36,
            51
        ],
        [
            56,
            16,
            60,
            25,
            7,
            58,
            15,
            54,
            55,
            59,
            12,
            39
        ],
        [
            33,
            1,
            24
        ],
        [
            16
        ],
        [
            66,
            4,
            6,
            19
        ],
        [
            32,
            4,
            43,
            65,
            16,
            69,
            12,
            67,
            61
        ],
        [
            7,
            70,
            67,
            5,
            27,
            52,
            69,
            64
        ]
    ],
    "matching": {
        "0": 4,
        "1": 1,
        "2": 1,
        "3": 0,
        "4": 2,
        "5": 0,
        "6": 4,
        "7": 3,
        "8": 2,
        "9": 4,
        "10": 1,
        "11": 0,
        "12": 2,
        "13": 3,
        "14": 2,
        "15": 4,
        "16": 0,
        "17": 0,
        "18": 3,
        "19": 4,
        "20": 2,
        "21": 4,
        "22": 4,
        "23": 0,
        "24": 2,
        "25": 0,
        "26": 0,
        "27": 0,
        "28": 3,
        "29": 4,
        "30": 2,
        "31": 3,
        "32": 1,
        "33": 4,
        "34": 4,
        "35": 3,
        "36": 1,
        "37": 2,
        "38": 4,
        "39": 2,
        "40": 3,
        "41": 1,
        "42": 3,
        "43": 0,
        "44": 3,
        "45": 4,
        "46": 4,
        "47": 2,
        "48": 1,
        "49": 4,
        "50": 3,
        "51": 3,
        "52": 0,
        "53": 4,
        "54": 3,
        "55": 4,
        "56": 0,
        "57": 4,
        "58": 3,
        "59": 3,
        "60": 2,
        "61": 1,
        "62": 3,
        "63": 1,
        "64": 1,
        "65": 0,
        "66": 4,
        "67": 4,
        "68": 2,
        "69": 2,
        "70": 3,
        "71": 3,
        "72": 2
    },
    "lower_bound": 57.0
}