{
    "node_types": [
        "invoice",
        "sku",
        "zone"
    ],
    "edge_types": [
        "('invoice', 'requires', 'sku')",
        "('sku', 'located_at', 'zone')",
        "('sku', 'rev_requires', 'invoice')",
        "('zone', 'rev_located_at', 'sku')"
    ],
    "num_invoices": 33,
    "num_sku": 54,
    "num_zone": 5,
    "invoices": [
        [
            48,
            39,
            48,
            30
        ],
        [
            45,
            14,
            8
        ],
        [
            2,
            29
        ],
        [
            6,
            28,
            29,
            6,
            30,
            49,
            20
        ],
        [
            13,
            3,
            4,
            0,
            1
        ],
        [
            50,
            0,
            53,
            25,
            32,
            31,
            27,
            24,
            48
        ],
        [
            10,
            49,
            36,
            7
        ],
        [
            37,
            12,
            13,
            15
        ],
        [
            39,
            18,
            24,
            43,
            25,
            47,
            29
        ],
        [
            22,
            45
        ],
        [
            23,
            8,
            19,
            52,
            38
        ],
        [
            41,
            40,
            18,
            34,
            35,
            51,
            8
        ],
        [
            42,
            21,
            35
        ],
        [
            4,
            46,
            45,
            25,
            32
        ],
        [
            40,
            23,
            53,
            11,
            43
        ],
        [
            10,
            13,
            3,
            20,
            9,
            47,
            40,
            38,
            5
        ],
        [
            17,
            50,
            43,
            0
        ],
        [
            28,
            11,
            27
        ],
        [
            9,
            43,
            14
        ],
        [
            16,
            2,
            3,
            7,
            16
        ],
        [
            46,
            33,
            20,
            21,
            26,
            9
        ],
        [
            29,
            1,
            30,
            1,
            32,
            15
        ],
        [
            10,
            0
        ],
        [
            6,
            44,
            51
        ],
        [
            6,
            38,
            30,
            39
        ],
        [
            26,
            52,
            33,
            42,
            12
        ],
        [
            31
        ],
        [
            36,
            41,
            3,
            23,
            13,
            32
        ],
        [
            19,
            4,
            24,
            46,
            50
        ],
        [
            36,
            24,
            15,
            1,
            36,
            5,
            33,
            22,
            39
        ],
        [
            53,
            42,
            34,
            44,
            47
        ],
        [
            38,
            41,
            37,
            44,
            23
        ],
        [
            8,
            17,
            20,
            49,
            10
        ]
    ],
    "matching": {
        "0": 1,
        "1": 0,
        "2": 0,
        "3": 1,
        "4": 4,
        "5": 3,
        "6": 3,
        "7": 0,
        "8": 0,
        "9": 1,
        "10": 2,
        "11": 2,
        "12": 4,
        "13": 1,
        "14": 4,
        "15": 0,
        "16": 4,
        "17": 1,
        "18": 1,
        "19": 2,
        "20": 1,
        "21": 1,
        "22": 3,
        "23": 1,
        "24": 2,
        "25": 0,
        "26": 0,
        "27": 2,
        "28": 2,
        "29": 3,
        "30": 0,
        "31": 1,
        "32": 1,
        "33": 4,
        "34": 2,
        "35": 2,
        "36": 2,
        "37": 3,
        "38": 3,
        "39": 2,
        "40": 2,
        "41": 2,
        "42": 1,
        "43": 3,
        "44": 1,
        "45": 1,
        "46": 4,
        "47": 2,
        "48": 2,
        "49": 1,
        "50": 3,
        "51": 4,
        "52": 0,
        "53": 2
    },
    "lower_bound": 39.0
}