{
    "node_types": [
        "invoice",
        "sku",
        "zone"
    ],
    "edge_types": [
        "('invoice', 'requires', 'sku')",
        "('sku', 'located_at', 'zone')",
        "('sku', 'rev_requires', 'invoice')",
        "('zone', 'rev_located_at', 'sku')"
    ],
    "num_invoices": 32,
    "num_sku": 75,
    "num_zone": 5,
    "invoices": [
        [
            69,
            14,
            67
        ],
        [
            55,
            14,
            23,
            31,
            27,
            64,
            68,
            8,
            34
        ],
        [
            29,
            5,
            70,
            62,
            39,
            2,
            41
        ],
        [
            52,
            15,
            70,
            74,
            37,
            47,
            9
        ],
        [
            28,
            11,
            25,
            59,
            60,
            43,
            67,
            58,
            25
        ],
        [
            22,
            47,
            39,
            9,
            42,
            73,
            8,
            35
        ],
        [
            24,
            36,
            38,
            59,
            31,
            13,
            50
        ],
        [
            12,
            64,
            53,
            49,
            21,
            58
        ],
        [
            3,
            24,
            41,
            65,
            62,
            49
        ],
        [
            4,
            1
        ],
        [
            42,
            56,
            54,
            2,
            52,
            6
        ],
        [
            69,
            1,
            39,
            73,
            74,
            56,
            44,
            30
        ],
        [
            31,
            45,
            63,
            46,
            50,
            68
        ],
        [
            8,
            42,
            52,
            46,
            51
        ],
        [
            18,
            4,
            72,
            20,
            49,
            71
        ],
        [
            28,
            54,
            5,
            68,
            22,
            34,
            6,
            14,
            35
        ],
        [
            40,
            46,
            60,
            23,
            18,
            47,
            26,
            8,
            21,
            40,
            53,
            74,
            7,
            24
        ],
        [
            63,
            67,
            19,
            29,
            49,
            33
        ],
        [
            44,
            41,
            40,
            48,
            38
        ],
        [
            45,
            57,
            21,
            47,
            32,
            73,
            18
        ],
        [
            11,
            60,
            43,
            44,
            30,
            5,
            10,
            21
        ],
        [
            57,
            16,
            72,
            0,
            33,
            5
        ],
        [
            45,
            24,
            15,
            19,
            61,
            65
        ],
        [
            12,
            71,
            53,
            17,
            35,
            3,
            32,
            16
        ],
        [
            11,
            67,
            57,
            15,
            20
        ],
        [
            64,
            10,
            56,
            74,
            71,
            61,
            26
        ],
        [
            13,
            42,
            20,
            69,
            60,
            52
        ],
        [
            43,
            17,
            22,
            72,
            14,
            37,
            70,
            36
        ],
        [
            65,
            58,
            55,
            34,
            66
        ],
        [
            50,
            18,
            20,
            65,
            36,
            7,
            48,
            64,
            17
        ],
        [
            51,
            66,
            44
        ],
        [
            34,
            43,
            40,
            0,
            59,
            27
        ]
    ],
    "matching": {
        "0": 3,
        "1": 0,
        "2": 0,
        "3": 1,
        "4": 1,
        "5": 0,
        "6": 2,
        "7": 1,
        "8": 3,
        "9": 0,
        "10": 3,
        "11": 3,
        "12": 2,
        "13": 3,
        "14": 2,
        "15": 4,
        "16": 1,
        "17": 4,
        "18": 2,
        "19": 3,
        "20": 4,
        "21": 4,
        "22": 3,
        "23": 3,
        "24": 4,
        "25": 4,
        "26": 1,
        "27": 3,
        "28": 1,
        "29": 2,
        "30": 0,
        "31": 3,
        "32": 0,
        "33": 2,
        "34": 1,
        "35": 2,
        "36": 2,
        "37": 4,
        "38": 3,
        "39": 4,
        "40": 3,
        "41": 1,
        "42": 1,
        "43": 1,
        "44": 4,
        "45": 4,
        "46": 2,
        "47": 3,
        "48": 1,
        "49": 2,
        "50": 3,
        "51": 1,
        "52": 4,
        "53": 1,
        "54": 2,
        "55": 1,
        "56": 2,
        "57": 3,
        "58": 4,
        "59": 0,
        "60": 4,
        "61": 3,
        "62": 4,
        "63": 4,
        "64": 2,
        "65": 4,
        "66": 4,
        "67": 0,
        "68": 2,
        "69": 0,
        "70": 0,
        "71": 2,
        "72": 1,
        "73": 2,
        "74": 3
    },
    "lower_bound": 54.0
}