{
    "node_types": [
        "invoice",
        "sku",
        "zone"
    ],
    "edge_types": [
        "('invoice', 'requires', 'sku')",
        "('sku', 'located_at', 'zone')",
        "('sku', 'rev_requires', 'invoice')",
        "('zone', 'rev_located_at', 'sku')"
    ],
    "num_invoices": 33,
    "num_sku": 82,
    "num_zone": 5,
    "invoices": [
        [
            22,
            71,
            51,
            68
        ],
        [
            37,
            70,
            72,
            73,
            2,
            47,
            30,
            69,
            39,
            76,
            29,
            12,
            12
        ],
        [
            56,
            20,
            76,
            15,
            37,
            31,
            23,
            17,
            38,
            52
        ],
        [
            1,
            74,
            2,
            75,
            76,
            3,
            51,
            67,
            6,
            46,
            1
        ],
        [
            5,
            44,
            34,
            23,
            80,
            61,
            29,
            14
        ],
        [
            32,
            65,
            20,
            48,
            13,
            56,
            72
        ],
        [
            45,
            28,
            36,
            60,
            19,
            39,
            3,
            41
        ],
        [
            47,
            5,
            43,
            77,
            55
        ],
        [
            16,
            28,
            81,
            0,
            62,
            40,
            7,
            59,
            71
        ],
        [
            32,
            70,
            73,
            53,
            34,
            78,
            8,
            59,
            60,
            56,
            66,
            6,
            75,
            74
        ],
        [
            47,
            9,
            15,
            27,
            81
        ],
        [
            39,
            26,
            34,
            4,
            4,
            58,
            77,
            31,
            45
        ],
        [
            32,
            70,
            40,
            48,
            34,
            41,
            36,
            18,
            80,
            10,
            1,
            19,
            65,
            4
        ],
        [
            42,
            76,
            27,
            25,
            25,
            73,
            53,
            19,
            30,
            19
        ],
        [
            62,
            61,
            71,
            48,
            60,
            63,
            60,
            11
        ],
        [
            30,
            13,
            80,
            69,
            41,
            21,
            71,
            50,
            57,
            46,
            12
        ],
        [
            0,
            48,
            55,
            21,
            42,
            18
        ],
        [
            9,
            33,
            35,
            52,
            63,
            8,
            24,
            66
        ],
        [
            38,
            54,
            69
        ],
        [
            26,
            61,
            79,
            67,
            72,
            80
        ],
        [
            53,
            35,
            16,
            50
        ],
        [
            57,
            8,
            78,
            6,
            75,
            43
        ],
        [
            20,
            49,
            10,
            66
        ],
        [
            54,
            68,
            26,
            57,
            17,
            30,
            63,
            24,
            52
        ],
        [
            68,
            58,
            39,
            45,
            32,
            63,
            64,
            14
        ],
        [
            23,
            66,
            46,
            5,
            42,
            75,
            28
        ],
        [
            25,
            78,
            21,
            1,
            46,
            33
        ],
        [
            2,
            31,
            49,
            16,
            47,
            43,
            65,
            49
        ],
        [
            70,
            57,
            7,
            65,
            17,
            64
        ],
        [
            64,
            79,
            45,
            3,
            64,
            59
        ],
        [
            4,
            59,
            38,
            73,
            28,
            8,
            5
        ],
        [
            16,
            6,
            27,
            11,
            24,
            55,
            14,
            55
        ],
        [
            22,
            14,
            44,
            31,
            67
        ]
    ],
    "matching": {
        "0": 4,
        "1": 0,
        "2": 1,
        "3": 2,
        "4": 0,
        "5": 2,
        "6": 4,
        "7": 0,
        "8": 2,
        "9": 2,
        "10": 1,
        "11": 4,
        "12": 3,
        "13": 4,
        "14": 1,
        "15": 2,
        "16": 1,
        "17": 4,
        "18": 3,
        "19": 1,
        "20": 3,
        "21": 3,
        "22": 0,
        "23": 1,
        "24": 0,
        "25": 3,
        "26": 0,
        "27": 1,
        "28": 3,
        "29": 4,
        "30": 1,
        "31": 1,
        "32": 4,
        "33": 0,
        "34": 3,
        "35": 0,
        "36": 2,
        "37": 4,
        "38": 1,
        "39": 2,
        "40": 0,
        "41": 3,
        "42": 1,
        "43": 4,
        "44": 2,
        "45": 2,
        "46": 3,
        "47": 3,
        "48": 4,
        "49": 4,
        "50": 1,
        "51": 1,
        "52": 0,
        "53": 0,
        "54": 1,
        "55": 3,
        "56": 3,
        "57": 2,
        "58": 0,
        "59": 4,
        "60": 4,
        "61": 3,
        "62": 1,
        "63": 0,
        "64": 2,
        "65": 1,
        "66": 4,
        "67": 2,
        "68": 1,
        "69": 0,
        "70": 2,
        "71": 3,
        "72": 3,
        "73": 1,
        "74": 3,
        "75": 3,
        "76": 3,
        "77": 2,
        "78": 4,
        "79": 3,
        "80": 4,
        "81": 0
    },
    "lower_bound": 54.0
}