{
    "node_types": [
        "invoice",
        "sku",
        "zone"
    ],
    "edge_types": [
        "('invoice', 'requires', 'sku')",
        "('sku', 'located_at', 'zone')",
        "('sku', 'rev_requires', 'invoice')",
        "('zone', 'rev_located_at', 'sku')"
    ],
    "num_invoices": 27,
    "num_sku": 68,
    "num_zone": 5,
    "invoices": [
        [
            59,
            3,
            30,
            10,
            27,
            6,
            40
        ],
        [
            61,
            10,
            26
        ],
        [
            21,
            63,
            25,
            2,
            23,
            43,
            35
        ],
        [
            51,
            51,
            62,
            56,
            2,
            11,
            37,
            39,
            64,
            41,
            49
        ],
        [
            10,
            43,
            28,
            54,
            64,
            31,
            0,
            24,
            28,
            50,
            9,
            21,
            13
        ],
        [
            6,
            25,
            44,
            23,
            61,
            6,
            20,
            60,
            44,
            16,
            13
        ],
        [
            5,
            33,
            41,
            28,
            7,
            34,
            46,
            10,
            35
        ],
        [
            1,
            22,
            39,
            40,
            20,
            47,
            1,
            33
        ],
        [
            59,
            20,
            27,
            7,
            63,
            38,
            14,
            63
        ],
        [
            2,
            42,
            3,
            26
        ],
        [
            31,
            65,
            14,
            46,
            62
        ],
        [
            5,
            54,
            4,
            35,
            29,
            42,
            60,
            24
        ],
        [
            56,
            16,
            17,
            19,
            60,
            64,
            29,
            47,
            28,
            7,
            66
        ],
        [
            66,
            64,
            55,
            13,
            49
        ],
        [
            66,
            9,
            44
        ],
        [
            9,
            3,
            38,
            22,
            67,
            25,
            17,
            59,
            18,
            32,
            55
        ],
        [
            40,
            37,
            11,
            50,
            21,
            46,
            15,
            48,
            66,
            50,
            12,
            32,
            65
        ],
        [
            59,
            38,
            0,
            23,
            47,
            15
        ],
        [
            4,
            14,
            41,
            54,
            52,
            53,
            24,
            31,
            45
        ],
        [
            8,
            3,
            25,
            34
        ],
        [
            6,
            58,
            49,
            20,
            53,
            17,
            29,
            1,
            58,
            54
        ],
        [
            8,
            45,
            53,
            18,
            50,
            27
        ],
        [
            45,
            15,
            30,
            57,
            40
        ],
        [
            52,
            0,
            29,
            60,
            35,
            57,
            36,
            27
        ],
        [
            36,
            7,
            26,
            38,
            22,
            67
        ],
        [
            48,
            14,
            13,
            34,
            63
        ],
        [
            12,
            42,
            19,
            17,
            49,
            23
        ]
    ],
    "matching": {
        "0": 0,
        "1": 4,
        "2": 0,
        "3": 4,
        "4": 4,
        "5": 0,
        "6": 4,
        "7": 1,
        "8": 2,
        "9": 3,
        "10": 4,
        "11": 3,
        "12": 2,
        "13": 0,
        "14": 1,
        "15": 1,
        "16": 0,
        "17": 0,
        "18": 1,
        "19": 1,
        "20": 1,
        "21": 3,
        "22": 0,
        "23": 0,
        "24": 4,
        "25": 3,
        "26": 4,
        "27": 2,
        "28": 0,
        "29": 0,
        "30": 0,
        "31": 1,
        "32": 4,
        "33": 3,
        "34": 1,
        "35": 0,
        "36": 2,
        "37": 2,
        "38": 2,
        "39": 1,
        "40": 1,
        "41": 0,
        "42": 2,
        "43": 4,
        "44": 1,
        "45": 4,
        "46": 4,
        "47": 1,
        "48": 3,
        "49": 0,
        "50": 0,
        "51": 3,
        "52": 4,
        "53": 4,
        "54": 3,
        "55": 2,
        "56": 0,
        "57": 0,
        "58": 1,
        "59": 0,
        "60": 2,
        "61": 2,
        "62": 0,
        "63": 0,
        "64": 3,
        "65": 0,
        "66": 4,
        "67": 1
    },
    "lower_bound": 51.0
}