{
    "node_types": [
        "invoice",
        "sku",
        "zone"
    ],
    "edge_types": [
        "('invoice', 'requires', 'sku')",
        "('sku', 'located_at', 'zone')",
        "('sku', 'rev_requires', 'invoice')",
        "('zone', 'rev_located_at', 'sku')"
    ],
    "num_invoices": 25,
    "num_sku": 92,
    "num_zone": 5,
    "invoices": [
        [
            17,
            83,
            28,
            20,
            47,
            50,
            12,
            46,
            48,
            76,
            34,
            65,
            37,
            54
        ],
        [
            24,
            52,
            16,
            77,
            87,
            37,
            7,
            11,
            74,
            71,
            22
        ],
        [
            33,
            8,
            89,
            38,
            63,
            9,
            41,
            5,
            66,
            80,
            77,
            81,
            76
        ],
        [
            12,
            18,
            83,
            36,
            14,
            64,
            44,
            33,
            5
        ],
        [
            29,
            14,
            29,
            31,
            87,
            20,
            35,
            56
        ],
        [
            71,
            88,
            22,
            41,
            8,
            44,
            4,
            38,
            39,
            68,
            59,
            32
        ],
        [
            60,
            46,
            84,
            1,
            30,
            53,
            11,
            18,
            45,
            71,
            70
        ],
        [
            13,
            22,
            59,
            38,
            34,
            85,
            4,
            3,
            23,
            90
        ],
        [
            9,
            78,
            69,
            70,
            31,
            52,
            5,
            12,
            55,
            8,
            29,
            27,
            9,
            5
        ],
        [
            0,
            86,
            17,
            18,
            1,
            25,
            89,
            17,
            49,
            42,
            57,
            2,
            2
        ],
        [
            81,
            64,
            0,
            42,
            72,
            71,
            60,
            45,
            55,
            67
        ],
        [
            52,
            4,
            13,
            63,
            68,
            91,
            24,
            69,
            49
        ],
        [
            41,
            19,
            20,
            79,
            15,
            81,
            74,
            88,
            10,
            21,
            73
        ],
        [
            45,
            75,
            36,
            2,
            37,
            13,
            83,
            3,
            87,
            49,
            72
        ],
        [
            38,
            61,
            68,
            27,
            55,
            26,
            91,
            22,
            35,
            0,
            79
        ],
        [
            69,
            11,
            78,
            10,
            41,
            58,
            8,
            15,
            58,
            74,
            33,
            74,
            51,
            82
        ],
        [
            46,
            73,
            63,
            21,
            82,
            25,
            25,
            87,
            61,
            49,
            25,
            51,
            32,
            55,
            69
        ],
        [
            30,
            78,
            10,
            35,
            40,
            14,
            79,
            65,
            20,
            16,
            40,
            61,
            89
        ],
        [
            28,
            7,
            0,
            3,
            56,
            81,
            19,
            62,
            28
        ],
        [
            83,
            62,
            23,
            26,
            11,
            51,
            36,
            86,
            26,
            32
        ],
        [
            75,
            73,
            57,
            65,
            82,
            1,
            42
        ],
        [
            86,
            56,
            61,
            90,
            58,
            31,
            58,
            84,
            43,
            35,
            50,
            43,
            10
        ],
        [
            85,
            76,
            78,
            88,
            36,
            72,
            88,
            7,
            2,
            3,
            80,
            54,
            73,
            6
        ],
        [
            53,
            28,
            65,
            77,
            60,
            19,
            66,
            29,
            54,
            34,
            34,
            7
        ],
        [
            67,
            12,
            68,
            19,
            48,
            39,
            47,
            31,
            66,
            79,
            33,
            6,
            54,
            13,
            77
        ]
    ],
    "matching": {
        "0": 3,
        "1": 4,
        "2": 3,
        "3": 4,
        "4": 3,
        "5": 0,
        "6": 1,
        "7": 1,
        "8": 2,
        "9": 4,
        "10": 0,
        "11": 4,
        "12": 1,
        "13": 1,
        "14": 1,
        "15": 4,
        "16": 1,
        "17": 4,
        "18": 0,
        "19": 4,
        "20": 0,
        "21": 4,
        "22": 3,
        "23": 4,
        "24": 2,
        "25": 3,
        "26": 1,
        "27": 4,
        "28": 0,
        "29": 4,
        "30": 4,
        "31": 1,
        "32": 1,
        "33": 3,
        "34": 4,
        "35": 3,
        "36": 4,
        "37": 0,
        "38": 4,
        "39": 3,
        "40": 4,
        "41": 4,
        "42": 0,
        "43": 3,
        "44": 3,
        "45": 2,
        "46": 4,
        "47": 4,
        "48": 0,
        "49": 2,
        "50": 4,
        "51": 3,
        "52": 3,
        "53": 2,
        "54": 2,
        "55": 3,
        "56": 2,
        "57": 4,
        "58": 2,
        "59": 2,
        "60": 0,
        "61": 1,
        "62": 0,
        "63": 1,
        "64": 1,
        "65": 4,
        "66": 2,
        "67": 0,
        "68": 3,
        "69": 2,
        "70": 3,
        "71": 4,
        "72": 3,
        "73": 2,
        "74": 3,
        "75": 2,
        "76": 2,
        "77": 2,
        "78": 2,
        "79": 0,
        "80": 3,
        "81": 0,
        "82": 2,
        "83": 2,
        "84": 0,
        "85": 0,
        "86": 0,
        "87": 3,
        "88": 3,
        "89": 3,
        "90": 2,
        "91": 3
    },
    "lower_bound": 57.0
}