{
    "node_types": [
        "invoice",
        "sku",
        "zone"
    ],
    "edge_types": [
        "('invoice', 'requires', 'sku')",
        "('sku', 'located_at', 'zone')",
        "('sku', 'rev_requires', 'invoice')",
        "('zone', 'rev_located_at', 'sku')"
    ],
    "num_invoices": 32,
    "num_sku": 76,
    "num_zone": 5,
    "invoices": [
        [
            24,
            1,
            32,
            44,
            35,
            41,
            15,
            3,
            70,
            53
        ],
        [
            63,
            4,
            12,
            63,
            53,
            41,
            56,
            49
        ],
        [
            3,
            18,
            36,
            63,
            66
        ],
        [
            36,
            14,
            52,
            74,
            71,
            16,
            65,
            25
        ],
        [
            48,
            2,
            20,
            60,
            44,
            47
        ],
        [
            33,
            4,
            10
        ],
        [
            27,
            55,
            37,
            71,
            73,
            47
        ],
        [
            40,
            60,
            8,
            65,
            28,
            38
        ],
        [
            33,
            73,
            31,
            22,
            56,
            11,
            49,
            69,
            7,
            0
        ],
        [
            54,
            72,
            5,
            52,
            1,
            74,
            71
        ],
        [
            36,
            64,
            67,
            47,
            50,
            40,
            21
        ],
        [
            26,
            0,
            8,
            9,
            56,
            16,
            7,
            46,
            52
        ],
        [
            56,
            72,
            58
        ],
        [
            29,
            31,
            4,
            44,
            18
        ],
        [
            17,
            5,
            41,
            39,
            69,
            64,
            8,
            49,
            31
        ],
        [
            5,
            6,
            13,
            74
        ],
        [
            63,
            61,
            32,
            43,
            45,
            65,
            2
        ],
        [
            42,
            46,
            39,
            19
        ],
        [
            28,
            9,
            24,
            7
        ],
        [
            34,
            57,
            19,
            24
        ],
        [
            31,
            21,
            25,
            9,
            14,
            11,
            41,
            57
        ],
        [
            15,
            59,
            60,
            23,
            37,
            62
        ],
        [
            35,
            19,
            68,
            13,
            23,
            45,
            52,
            25,
            1,
            50
        ],
        [
            54,
            49
        ],
        [
            46,
            12,
            27,
            67,
            26,
            39,
            24,
            51,
            10,
            26,
            54,
            20,
            17
        ],
        [
            59,
            39,
            3,
            66,
            42,
            62,
            48,
            13
        ],
        [
            58,
            57,
            22,
            22,
            28,
            18,
            30,
            51
        ],
        [
            75,
            68,
            11,
            20,
            6,
            25,
            74,
            72,
            19,
            59,
            40,
            36
        ],
        [
            73,
            66,
            65,
            53,
            35,
            34,
            12,
            38,
            51,
            10,
            30
        ],
        [
            16,
            34,
            75,
            55,
            27,
            71
        ],
        [
            18,
            43,
            29,
            50
        ],
        [
            61,
            66,
            26,
            55,
            27,
            72,
            69,
            70
        ]
    ],
    "matching": {
        "0": 4,
        "1": 3,
        "2": 0,
        "3": 3,
        "4": 3,
        "5": 2,
        "6": 4,
        "7": 2,
        "8": 1,
        "9": 2,
        "10": 0,
        "11": 3,
        "12": 2,
        "13": 0,
        "14": 0,
        "15": 3,
        "16": 2,
        "17": 4,
        "18": 4,
        "19": 1,
        "20": 1,
        "21": 1,
        "22": 1,
        "23": 4,
        "24": 1,
        "25": 3,
        "26": 2,
        "27": 1,
        "28": 3,
        "29": 1,
        "30": 0,
        "31": 2,
        "32": 0,
        "33": 4,
        "34": 1,
        "35": 4,
        "36": 4,
        "37": 0,
        "38": 3,
        "39": 0,
        "40": 2,
        "41": 4,
        "42": 0,
        "43": 3,
        "44": 4,
        "45": 4,
        "46": 0,
        "47": 2,
        "48": 1,
        "49": 4,
        "50": 0,
        "51": 0,
        "52": 2,
        "53": 3,
        "54": 1,
        "55": 4,
        "56": 3,
        "57": 2,
        "58": 3,
        "59": 1,
        "60": 1,
        "61": 3,
        "62": 1,
        "63": 2,
        "64": 1,
        "65": 0,
        "66": 4,
        "67": 1,
        "68": 1,
        "69": 2,
        "70": 0,
        "71": 2,
        "72": 2,
        "73": 1,
        "74": 1,
        "75": 0
    },
    "lower_bound": 51.0
}