{
    "node_types": [
        "invoice",
        "sku",
        "zone"
    ],
    "edge_types": [
        "('invoice', 'requires', 'sku')",
        "('sku', 'located_at', 'zone')",
        "('sku', 'rev_requires', 'invoice')",
        "('zone', 'rev_located_at', 'sku')"
    ],
    "num_invoices": 27,
    "num_sku": 65,
    "num_zone": 5,
    "invoices": [
        [
            56,
            5,
            60,
            10,
            20,
            42,
            24,
            61
        ],
        [
            32,
            47,
            51,
            1,
            47,
            59,
            42,
            29
        ],
        [
            56,
            49,
            23,
            9,
            25,
            18
        ],
        [
            27,
            22,
            12,
            51,
            55,
            5,
            45,
            20,
            7,
            22,
            6,
            37
        ],
        [
            63,
            46,
            16,
            47,
            16,
            60,
            24,
            6,
            35,
            55,
            11
        ],
        [
            24,
            44,
            36,
            29,
            0
        ],
        [
            12,
            18,
            32,
            62,
            49,
            15,
            52,
            31,
            14,
            12
        ],
        [
            53,
            39,
            36,
            19,
            51,
            57,
            28,
            18,
            33
        ],
        [
            9,
            35,
            63
        ],
        [
            45,
            59,
            57,
            6,
            48
        ],
        [
            7,
            60,
            63,
            39,
            8
        ],
        [
            10,
            26,
            21,
            13,
            11,
            43,
            8
        ],
        [
            1,
            37,
            41
        ],
        [
            49,
            2,
            5,
            44,
            11,
            40
        ],
        [
            40,
            62,
            26,
            40,
            2,
            25,
            50,
            26,
            64,
            54
        ],
        [
            21,
            4,
            41,
            58,
            52,
            3,
            23,
            58,
            11,
            28
        ],
        [
            7,
            33,
            17,
            28,
            38,
            42,
            44
        ],
        [
            1,
            32,
            7,
            40,
            2,
            5,
            31,
            27,
            50
        ],
        [
            43,
            53,
            27,
            52,
            61,
            50,
            15,
            63
        ],
        [
            38,
            30,
            3,
            42,
            3,
            59,
            20,
            34
        ],
        [
            46,
            35,
            10,
            4,
            46,
            1,
            44,
            17,
            57,
            54,
            61
        ],
        [
            51,
            31,
            37,
            43,
            6,
            30,
            45,
            3
        ],
        [
            58,
            39,
            14,
            55
        ],
        [
            62,
            0,
            21,
            12
        ],
        [
            20,
            30,
            47,
            49,
            19,
            29
        ],
        [
            27,
            17,
            34,
            14,
            46
        ],
        [
            48,
            10,
            52,
            64,
            43,
            13
        ]
    ],
    "matching": {
        "0": 4,
        "1": 2,
        "2": 1,
        "3": 4,
        "4": 4,
        "5": 3,
        "6": 1,
        "7": 1,
        "8": 2,
        "9": 2,
        "10": 4,
        "11": 2,
        "12": 0,
        "13": 1,
        "14": 1,
        "15": 1,
        "16": 4,
        "17": 1,
        "18": 4,
        "19": 3,
        "20": 4,
        "21": 4,
        "22": 3,
        "23": 0,
        "24": 0,
        "25": 0,
        "26": 3,
        "27": 3,
        "28": 3,
        "29": 0,
        "30": 0,
        "31": 2,
        "32": 4,
        "33": 3,
        "34": 3,
        "35": 4,
        "36": 1,
        "37": 2,
        "38": 2,
        "39": 4,
        "40": 2,
        "41": 0,
        "42": 0,
        "43": 1,
        "44": 3,
        "45": 1,
        "46": 1,
        "47": 1,
        "48": 4,
        "49": 1,
        "50": 1,
        "51": 1,
        "52": 4,
        "53": 2,
        "54": 0,
        "55": 2,
        "56": 0,
        "57": 3,
        "58": 2,
        "59": 1,
        "60": 3,
        "61": 1,
        "62": 3,
        "63": 1,
        "64": 1
    },
    "lower_bound": 48.0
}