{
    "node_types": [
        "invoice",
        "sku",
        "zone"
    ],
    "edge_types": [
        "('invoice', 'requires', 'sku')",
        "('sku', 'located_at', 'zone')",
        "('sku', 'rev_requires', 'invoice')",
        "('zone', 'rev_located_at', 'sku')"
    ],
    "num_invoices": 27,
    "num_sku": 78,
    "num_zone": 5,
    "invoices": [
        [
            70,
            57,
            0,
            69,
            76,
            71,
            34,
            39,
            7,
            34,
            72,
            16
        ],
        [
            57,
            58,
            43,
            65,
            8,
            68,
            4,
            38,
            75,
            65
        ],
        [
            27,
            30,
            41,
            24,
            62,
            73
        ],
        [
            18,
            17,
            54,
            63,
            12,
            70,
            26,
            1,
            59,
            20,
            15,
            43,
            39,
            31
        ],
        [
            28,
            48,
            30,
            28,
            29,
            15,
            6,
            9,
            60,
            6
        ],
        [
            29,
            33,
            64,
            28
        ],
        [
            40,
            34,
            64,
            29,
            49,
            56,
            58,
            26,
            44,
            69,
            51,
            66
        ],
        [
            69,
            40,
            29,
            35
        ],
        [
            27,
            36,
            35,
            0,
            2,
            25,
            63,
            12,
            10,
            52,
            59
        ],
        [
            4,
            38,
            51,
            72,
            19,
            32,
            62
        ],
        [
            7,
            33,
            54,
            64,
            58,
            30,
            39,
            71,
            47,
            48
        ],
        [
            68,
            3,
            4,
            22,
            68,
            49,
            67,
            14,
            37,
            67
        ],
        [
            38,
            60,
            21,
            17,
            45,
            23,
            0,
            5,
            32,
            56,
            61,
            0,
            26
        ],
        [
            40,
            24,
            42,
            61,
            32,
            68,
            19,
            52,
            23
        ],
        [
            71,
            14,
            24,
            55,
            21
        ],
        [
            43,
            30,
            23,
            57,
            67,
            50,
            5,
            27,
            1,
            77,
            18,
            9,
            73
        ],
        [
            16,
            47,
            8,
            51,
            17,
            10,
            10,
            75,
            12
        ],
        [
            74,
            76,
            66,
            53,
            55,
            21,
            69,
            62
        ],
        [
            47,
            71,
            18,
            48,
            3
        ],
        [
            44,
            8,
            75,
            77,
            53,
            74,
            53,
            31,
            25
        ],
        [
            76,
            40,
            42,
            15,
            35,
            1,
            41
        ],
        [
            42,
            60,
            20,
            25,
            10,
            44,
            42
        ],
        [
            26,
            11,
            6,
            7,
            11,
            55,
            76,
            44,
            65,
            16
        ],
        [
            23,
            37,
            46,
            67,
            50,
            13,
            21,
            46
        ],
        [
            57,
            51,
            2,
            9,
            36,
            37,
            45,
            31,
            73
        ],
        [
            12,
            59,
            41,
            62,
            22,
            1,
            41
        ],
        [
            24,
            52,
            13,
            77,
            39,
            20,
            34,
            50,
            5,
            14,
            15,
            61
        ]
    ],
    "matching": {
        "0": 1,
        "1": 2,
        "2": 0,
        "3": 1,
        "4": 3,
        "5": 1,
        "6": 1,
        "7": 2,
        "8": 3,
        "9": 4,
        "10": 1,
        "11": 3,
        "12": 1,
        "13": 4,
        "14": 0,
        "15": 1,
        "16": 3,
        "17": 3,
        "18": 4,
        "19": 1,
        "20": 0,
        "21": 1,
        "22": 1,
        "23": 3,
        "24": 1,
        "25": 1,
        "26": 3,
        "27": 4,
        "28": 4,
        "29": 0,
        "30": 3,
        "31": 4,
        "32": 3,
        "33": 1,
        "34": 0,
        "35": 4,
        "36": 0,
        "37": 4,
        "38": 3,
        "39": 1,
        "40": 2,
        "41": 3,
        "42": 2,
        "43": 4,
        "44": 4,
        "45": 3,
        "46": 4,
        "47": 3,
        "48": 0,
        "49": 2,
        "50": 4,
        "51": 3,
        "52": 3,
        "53": 2,
        "54": 1,
        "55": 2,
        "56": 3,
        "57": 0,
        "58": 2,
        "59": 1,
        "60": 3,
        "61": 0,
        "62": 2,
        "63": 3,
        "64": 1,
        "65": 4,
        "66": 4,
        "67": 0,
        "68": 4,
        "69": 4,
        "70": 1,
        "71": 4,
        "72": 4,
        "73": 0,
        "74": 1,
        "75": 2,
        "76": 1,
        "77": 4
    },
    "lower_bound": 54.0
}