{
    "node_types": [
        "invoice",
        "sku",
        "zone"
    ],
    "edge_types": [
        "('invoice', 'requires', 'sku')",
        "('sku', 'located_at', 'zone')",
        "('sku', 'rev_requires', 'invoice')",
        "('zone', 'rev_located_at', 'sku')"
    ],
    "num_invoices": 32,
    "num_sku": 64,
    "num_zone": 5,
    "invoices": [
        [
            42,
            63,
            0,
            14,
            9,
            5,
            45,
            43
        ],
        [
            44,
            30,
            6,
            49,
            53,
            38
        ],
        [
            55,
            5,
            28
        ],
        [
            60,
            62,
            19,
            55,
            6
        ],
        [
            10,
            35,
            25
        ],
        [
            8,
            49,
            0,
            49
        ],
        [
            9,
            60,
            58,
            13,
            42
        ],
        [
            32,
            48,
            0,
            59,
            7,
            29,
            12,
            1,
            33,
            22
        ],
        [
            1,
            3,
            26,
            33
        ],
        [
            35,
            17,
            18,
            59,
            25,
            34
        ],
        [
            40,
            10,
            23,
            8,
            46,
            39,
            4,
            30,
            21,
            24
        ],
        [
            56,
            58,
            12,
            37,
            54,
            54,
            51,
            8,
            3,
            27,
            23,
            30
        ],
        [
            2,
            4,
            31,
            49,
            61,
            42,
            6
        ],
        [
            19
        ],
        [
            55,
            1,
            11,
            30,
            15,
            40
        ],
        [
            31,
            11
        ],
        [
            47,
            44,
            16,
            23,
            27,
            10,
            12
        ],
        [
            48,
            20,
            52,
            50,
            61
        ],
        [
            11,
            56,
            54,
            43,
            48
        ],
        [
            16,
            24,
            50,
            1
        ],
        [
            9,
            47,
            7,
            22,
            37,
            34
        ],
        [
            23,
            38,
            36,
            46,
            3,
            13,
            32,
            3,
            20
        ],
        [
            61,
            14,
            56,
            45,
            52,
            36,
            56,
            5
        ],
        [
            28,
            53,
            53,
            47,
            57,
            39
        ],
        [
            14,
            28,
            8,
            46,
            39,
            37
        ],
        [
            40,
            28,
            32,
            57,
            21,
            26,
            38,
            17,
            54,
            58
        ],
        [
            2,
            15,
            20,
            22,
            35,
            48,
            57
        ],
        [
            22,
            17,
            0,
            39
        ],
        [
            40,
            46,
            18,
            52,
            51,
            45,
            29
        ],
        [
            53,
            62,
            31,
            63,
            6,
            41
        ],
        [
            34,
            52,
            34,
            18,
            62,
            16,
            35,
            41
        ],
        [
            26,
            62,
            20,
            11,
            16
        ]
    ],
    "matching": {
        "0": 3,
        "1": 1,
        "2": 0,
        "3": 4,
        "4": 0,
        "5": 2,
        "6": 1,
        "7": 3,
        "8": 4,
        "9": 4,
        "10": 4,
        "11": 0,
        "12": 2,
        "13": 1,
        "14": 0,
        "15": 2,
        "16": 2,
        "17": 0,
        "18": 4,
        "19": 3,
        "20": 3,
        "21": 4,
        "22": 0,
        "23": 0,
        "24": 2,
        "25": 2,
        "26": 3,
        "27": 2,
        "28": 1,
        "29": 3,
        "30": 4,
        "31": 1,
        "32": 3,
        "33": 3,
        "34": 2,
        "35": 4,
        "36": 3,
        "37": 3,
        "38": 0,
        "39": 4,
        "40": 3,
        "41": 2,
        "42": 0,
        "43": 2,
        "44": 0,
        "45": 3,
        "46": 2,
        "47": 3,
        "48": 4,
        "49": 1,
        "50": 0,
        "51": 2,
        "52": 0,
        "53": 2,
        "54": 4,
        "55": 4,
        "56": 4,
        "57": 3,
        "58": 2,
        "59": 0,
        "60": 4,
        "61": 4,
        "62": 4,
        "63": 0
    },
    "lower_bound": 48.0
}