{
    "node_types": [
        "invoice",
        "sku",
        "zone"
    ],
    "edge_types": [
        "('invoice', 'requires', 'sku')",
        "('sku', 'located_at', 'zone')",
        "('sku', 'rev_requires', 'invoice')",
        "('zone', 'rev_located_at', 'sku')"
    ],
    "num_invoices": 30,
    "num_sku": 65,
    "num_zone": 5,
    "invoices": [
        [
            53,
            16,
            50,
            51
        ],
        [
            47,
            61,
            23,
            23
        ],
        [
            0,
            28,
            63,
            46,
            6,
            43,
            58
        ],
        [
            57,
            56,
            63,
            34,
            32
        ],
        [
            25,
            22,
            27,
            10,
            23,
            27,
            54,
            59,
            3,
            55,
            59
        ],
        [
            27,
            42,
            6,
            40,
            34,
            57,
            33,
            24,
            31,
            14,
            54
        ],
        [
            22,
            32,
            2,
            18,
            43,
            21,
            61,
            11
        ],
        [
            25,
            26,
            62
        ],
        [
            29,
            16,
            51,
            39,
            3,
            43
        ],
        [
            11,
            35,
            33,
            38,
            31,
            63
        ],
        [
            59,
            64,
            19,
            15,
            0,
            52,
            31,
            50,
            60
        ],
        [
            45,
            61,
            4,
            49,
            13,
            15
        ],
        [
            1,
            56,
            17,
            7,
            52,
            41,
            44,
            52,
            23
        ],
        [
            53,
            38,
            17,
            45
        ],
        [
            42,
            28,
            34,
            27
        ],
        [
            28,
            56,
            8,
            32,
            18,
            13,
            49,
            18,
            29,
            24
        ],
        [
            18,
            48,
            13,
            26
        ],
        [
            12,
            14,
            15,
            47,
            54,
            0,
            0,
            12,
            9,
            20,
            15,
            30
        ],
        [
            9,
            9,
            50,
            58,
            62
        ],
        [
            8,
            42,
            57,
            37
        ],
        [
            40,
            60,
            24,
            40,
            31,
            55,
            28,
            24
        ],
        [
            22,
            16,
            36,
            11,
            20,
            10,
            5,
            58
        ],
        [
            42
        ],
        [
            10,
            26,
            46,
            22,
            48,
            34,
            36
        ],
        [
            38,
            19,
            39,
            45,
            45
        ],
        [
            12,
            38,
            4,
            53,
            63,
            44,
            58,
            35,
            54
        ],
        [
            6,
            64,
            30,
            17,
            33,
            59,
            21,
            1,
            7
        ],
        [
            55,
            53,
            1,
            8,
            2,
            16,
            13
        ],
        [
            19,
            1,
            32,
            57,
            30,
            44,
            37,
            5
        ],
        [
            41,
            47,
            46
        ]
    ],
    "matching": {
        "0": 1,
        "1": 0,
        "2": 1,
        "3": 3,
        "4": 3,
        "5": 1,
        "6": 2,
        "7": 4,
        "8": 2,
        "9": 1,
        "10": 0,
        "11": 4,
        "12": 0,
        "13": 0,
        "14": 0,
        "15": 2,
        "16": 4,
        "17": 4,
        "18": 4,
        "19": 1,
        "20": 0,
        "21": 2,
        "22": 0,
        "23": 2,
        "24": 3,
        "25": 4,
        "26": 0,
        "27": 4,
        "28": 2,
        "29": 3,
        "30": 3,
        "31": 4,
        "32": 4,
        "33": 1,
        "34": 3,
        "35": 1,
        "36": 4,
        "37": 3,
        "38": 2,
        "39": 0,
        "40": 1,
        "41": 2,
        "42": 1,
        "43": 1,
        "44": 2,
        "45": 1,
        "46": 1,
        "47": 3,
        "48": 1,
        "49": 2,
        "50": 4,
        "51": 0,
        "52": 3,
        "53": 4,
        "54": 4,
        "55": 2,
        "56": 4,
        "57": 0,
        "58": 0,
        "59": 0,
        "60": 2,
        "61": 0,
        "62": 2,
        "63": 2,
        "64": 3
    },
    "lower_bound": 48.0
}