{
    "node_types": [
        "invoice",
        "sku",
        "zone"
    ],
    "edge_types": [
        "('invoice', 'requires', 'sku')",
        "('sku', 'located_at', 'zone')",
        "('sku', 'rev_requires', 'invoice')",
        "('zone', 'rev_located_at', 'sku')"
    ],
    "num_invoices": 28,
    "num_sku": 75,
    "num_zone": 5,
    "invoices": [
        [
            38,
            49,
            29,
            0,
            26,
            4,
            62,
            68
        ],
        [
            74,
            14,
            33,
            68,
            34,
            43,
            19,
            68
        ],
        [
            58,
            41,
            15,
            73,
            35
        ],
        [
            38,
            30,
            67,
            30,
            14,
            40,
            26,
            17
        ],
        [
            17,
            57,
            69,
            10,
            37,
            52,
            24,
            63,
            41
        ],
        [
            33,
            21,
            10
        ],
        [
            52,
            46,
            49,
            54,
            51,
            42
        ],
        [
            44,
            40,
            40,
            39,
            43,
            12,
            51
        ],
        [
            45,
            35,
            27,
            66,
            32,
            4,
            2,
            50,
            26
        ],
        [
            71,
            21,
            7,
            16,
            53,
            53,
            32,
            28,
            45,
            22,
            36,
            1,
            30,
            52,
            5
        ],
        [
            72,
            1,
            5,
            43,
            63
        ],
        [
            60,
            24,
            22,
            73,
            14,
            19,
            11,
            6,
            17,
            39,
            48,
            55,
            22,
            38,
            36,
            18
        ],
        [
            61,
            60,
            38,
            31,
            71,
            16,
            70
        ],
        [
            24,
            3,
            25,
            44,
            19,
            59,
            47,
            31,
            54,
            39
        ],
        [
            0,
            35,
            42,
            57,
            74,
            56,
            40,
            41
        ],
        [
            55,
            0,
            13,
            7,
            37,
            18,
            69,
            28,
            70,
            15,
            62,
            50,
            9
        ],
        [
            23
        ],
        [
            36,
            25,
            66,
            3,
            27,
            2
        ],
        [
            6,
            7,
            55,
            52,
            73,
            73
        ],
        [
            33,
            62,
            2,
            13,
            8,
            23,
            50,
            8,
            47
        ],
        [
            29,
            62,
            17,
            51,
            8,
            48,
            20,
            71,
            67
        ],
        [
            20,
            47,
            55,
            70,
            74,
            64,
            65
        ],
        [
            6,
            3,
            57,
            9
        ],
        [
            39,
            13,
            25,
            59,
            3,
            20,
            26,
            74,
            47,
            21,
            31
        ],
        [
            7,
            12,
            24,
            22,
            60,
            63,
            1,
            49,
            21
        ],
        [
            20,
            54,
            59,
            10,
            58,
            61,
            67,
            32,
            35
        ],
        [
            33,
            28,
            2,
            1,
            56,
            34,
            65,
            8,
            46,
            12
        ],
        [
            4,
            11,
            50,
            64,
            70,
            72,
            31,
            15
        ]
    ],
    "matching": {
        "0": 1,
        "1": 1,
        "2": 1,
        "3": 2,
        "4": 2,
        "5": 3,
        "6": 3,
        "7": 2,
        "8": 0,
        "9": 4,
        "10": 2,
        "11": 3,
        "12": 4,
        "13": 4,
        "14": 3,
        "15": 0,
        "16": 2,
        "17": 4,
        "18": 0,
        "19": 0,
        "20": 3,
        "21": 2,
        "22": 3,
        "23": 0,
        "24": 4,
        "25": 0,
        "26": 0,
        "27": 4,
        "28": 3,
        "29": 0,
        "30": 0,
        "31": 3,
        "32": 0,
        "33": 2,
        "34": 3,
        "35": 3,
        "36": 0,
        "37": 4,
        "38": 2,
        "39": 4,
        "40": 2,
        "41": 0,
        "42": 4,
        "43": 0,
        "44": 2,
        "45": 2,
        "46": 0,
        "47": 0,
        "48": 4,
        "49": 2,
        "50": 3,
        "51": 4,
        "52": 0,
        "53": 4,
        "54": 0,
        "55": 4,
        "56": 2,
        "57": 4,
        "58": 1,
        "59": 3,
        "60": 2,
        "61": 2,
        "62": 0,
        "63": 3,
        "64": 0,
        "65": 0,
        "66": 4,
        "67": 3,
        "68": 0,
        "69": 2,
        "70": 1,
        "71": 0,
        "72": 3,
        "73": 2,
        "74": 1
    },
    "lower_bound": 60.0
}