{
    "node_types": [
        "invoice",
        "sku",
        "zone"
    ],
    "edge_types": [
        "('invoice', 'requires', 'sku')",
        "('sku', 'located_at', 'zone')",
        "('sku', 'rev_requires', 'invoice')",
        "('zone', 'rev_located_at', 'sku')"
    ],
    "num_invoices": 32,
    "num_sku": 87,
    "num_zone": 5,
    "invoices": [
        [
            56,
            63,
            35,
            73,
            75,
            5,
            17
        ],
        [
            11,
            73,
            26,
            40,
            47,
            82,
            82,
            39,
            22
        ],
        [
            78,
            59,
            15,
            21,
            40
        ],
        [
            36,
            20,
            58,
            72,
            43
        ],
        [
            55,
            36,
            20,
            83,
            16,
            7,
            22
        ],
        [
            4,
            38,
            20,
            48,
            3,
            85
        ],
        [
            30,
            54,
            76
        ],
        [
            8,
            72,
            83,
            78,
            34,
            25
        ],
        [
            78,
            17,
            46,
            49,
            13,
            77,
            3
        ],
        [
            6,
            49,
            50,
            59,
            69,
            48,
            69,
            25,
            5
        ],
        [
            14,
            86,
            42,
            64,
            22,
            61,
            67,
            42,
            11
        ],
        [
            34,
            11,
            64,
            35,
            54,
            13,
            38
        ],
        [
            38,
            9,
            49,
            45,
            23,
            32
        ],
        [
            2,
            15,
            26,
            41,
            76,
            19,
            75,
            13,
            85,
            65,
            71,
            56,
            19
        ],
        [
            47,
            9,
            5,
            27,
            42,
            81,
            67,
            8,
            4,
            49,
            68,
            84,
            6
        ],
        [
            2,
            60,
            61,
            17,
            43,
            7,
            18
        ],
        [
            56,
            86,
            0,
            63,
            66,
            24,
            60
        ],
        [
            12,
            42,
            41,
            63,
            77,
            7,
            86
        ],
        [
            27,
            29,
            34,
            27,
            37,
            77,
            44
        ],
        [
            63,
            0,
            47,
            85,
            48,
            53,
            5,
            82,
            62
        ],
        [
            66,
            30,
            84,
            50,
            86,
            17,
            41
        ],
        [
            31,
            33,
            43,
            39,
            38,
            32,
            31
        ],
        [
            29,
            33,
            50,
            3,
            72,
            74
        ],
        [
            22,
            54,
            18,
            55,
            4,
            18,
            45,
            77,
            70,
            81,
            82,
            62,
            80,
            48,
            43,
            24
        ],
        [
            78,
            16,
            51,
            79,
            24,
            4,
            11,
            80,
            46
        ],
        [
            57,
            53,
            68,
            51,
            13,
            12,
            41,
            46,
            7,
            29,
            73,
            23,
            14
        ],
        [
            37,
            37,
            39,
            52,
            29,
            71,
            21,
            81,
            70
        ],
        [
            47,
            64,
            16,
            14,
            25,
            85,
            1,
            28,
            1,
            10
        ],
        [
            74,
            61,
            56,
            61,
            0,
            81
        ],
        [
            20,
            57,
            10,
            80,
            65,
            71,
            28
        ],
        [
            73,
            24,
            71,
            58,
            3,
            31,
            79
        ],
        [
            69,
            44,
            50,
            31,
            46,
            32,
            54,
            52
        ]
    ],
    "matching": {
        "0": 1,
        "1": 1,
        "2": 2,
        "3": 2,
        "4": 0,
        "5": 1,
        "6": 1,
        "7": 4,
        "8": 1,
        "9": 2,
        "10": 4,
        "11": 4,
        "12": 4,
        "13": 3,
        "14": 1,
        "15": 1,
        "16": 3,
        "17": 2,
        "18": 3,
        "19": 3,
        "20": 4,
        "21": 3,
        "22": 0,
        "23": 1,
        "24": 2,
        "25": 4,
        "26": 3,
        "27": 4,
        "28": 1,
        "29": 4,
        "30": 3,
        "31": 2,
        "32": 4,
        "33": 2,
        "34": 3,
        "35": 2,
        "36": 3,
        "37": 0,
        "38": 2,
        "39": 1,
        "40": 1,
        "41": 3,
        "42": 4,
        "43": 3,
        "44": 4,
        "45": 2,
        "46": 3,
        "47": 2,
        "48": 3,
        "49": 3,
        "50": 4,
        "51": 0,
        "52": 3,
        "53": 3,
        "54": 4,
        "55": 1,
        "56": 3,
        "57": 2,
        "58": 0,
        "59": 1,
        "60": 0,
        "61": 1,
        "62": 0,
        "63": 4,
        "64": 0,
        "65": 0,
        "66": 1,
        "67": 4,
        "68": 4,
        "69": 2,
        "70": 4,
        "71": 1,
        "72": 3,
        "73": 3,
        "74": 2,
        "75": 4,
        "76": 3,
        "77": 4,
        "78": 4,
        "79": 3,
        "80": 4,
        "81": 0,
        "82": 1,
        "83": 0,
        "84": 3,
        "85": 2,
        "86": 1
    },
    "lower_bound": 60.0
}