{
    "node_types": [
        "invoice",
        "sku",
        "zone"
    ],
    "edge_types": [
        "('invoice', 'requires', 'sku')",
        "('sku', 'located_at', 'zone')",
        "('sku', 'rev_requires', 'invoice')",
        "('zone', 'rev_located_at', 'sku')"
    ],
    "num_invoices": 30,
    "num_sku": 88,
    "num_zone": 5,
    "invoices": [
        [
            71,
            10,
            72,
            16,
            82,
            59
        ],
        [
            73,
            43,
            21,
            37,
            81,
            61,
            80,
            5,
            85,
            32,
            40
        ],
        [
            35,
            85,
            65,
            44,
            11,
            19,
            76,
            46,
            74,
            68,
            13,
            60,
            12,
            54
        ],
        [
            46,
            17,
            14,
            42,
            1,
            7,
            78,
            41,
            6,
            77,
            23,
            65,
            6,
            57,
            35
        ],
        [
            35,
            20,
            21,
            59,
            74,
            45,
            43,
            79
        ],
        [
            29,
            18,
            14,
            30,
            28,
            55
        ],
        [
            44,
            76,
            68,
            27,
            29,
            31,
            71
        ],
        [
            47,
            16,
            72,
            47,
            29,
            69,
            32,
            79,
            28,
            2
        ],
        [
            66,
            57,
            75,
            60,
            52,
            7,
            62,
            56,
            63,
            50
        ],
        [
            81,
            67,
            86,
            47,
            58,
            11,
            6,
            39
        ],
        [
            45,
            39,
            19,
            42,
            8
        ],
        [
            36,
            8,
            28,
            71,
            69,
            49,
            55,
            6,
            45
        ],
        [
            82,
            34,
            65,
            67,
            53,
            30,
            18,
            37,
            25,
            22
        ],
        [
            53,
            67,
            86,
            54,
            82,
            51,
            72
        ],
        [
            3,
            32,
            9,
            18,
            16,
            44,
            9,
            40,
            47,
            33
        ],
        [
            38,
            49,
            68,
            55,
            11,
            24,
            87
        ],
        [
            85,
            1,
            2,
            25,
            75,
            20,
            70,
            33
        ],
        [
            25,
            45,
            80,
            22,
            28,
            61,
            80,
            16,
            34
        ],
        [
            2,
            60
        ],
        [
            69,
            58,
            3,
            4,
            7,
            1,
            57,
            27,
            19,
            5,
            24
        ],
        [
            29,
            65,
            83,
            70,
            42,
            51,
            52,
            1
        ],
        [
            10,
            52,
            51,
            59,
            59,
            73,
            56,
            18,
            12,
            64,
            34,
            63
        ],
        [
            52,
            26,
            87,
            3,
            81,
            48,
            15,
            20,
            83,
            43,
            21,
            68
        ],
        [
            17,
            31,
            24,
            4,
            84,
            75,
            11,
            53,
            48
        ],
        [
            82,
            66,
            42,
            0,
            27
        ],
        [
            17,
            12,
            84,
            22,
            81,
            51,
            36
        ],
        [
            44,
            83,
            85,
            56,
            80,
            75,
            3,
            23,
            62
        ],
        [
            41,
            70,
            13,
            20,
            63
        ],
        [
            78,
            26,
            10,
            30,
            83,
            34,
            69,
            87,
            50,
            5,
            30
        ],
        [
            15,
            64,
            67,
            73,
            77,
            53,
            32,
            38,
            0
        ]
    ],
    "matching": {
        "0": 1,
        "1": 4,
        "2": 0,
        "3": 0,
        "4": 3,
        "5": 3,
        "6": 1,
        "7": 2,
        "8": 1,
        "9": 4,
        "10": 1,
        "11": 0,
        "12": 0,
        "13": 0,
        "14": 2,
        "15": 4,
        "16": 0,
        "17": 1,
        "18": 1,
        "19": 0,
        "20": 1,
        "21": 3,
        "22": 2,
        "23": 2,
        "24": 0,
        "25": 3,
        "26": 4,
        "27": 4,
        "28": 1,
        "29": 3,
        "30": 2,
        "31": 3,
        "32": 4,
        "33": 4,
        "34": 1,
        "35": 2,
        "36": 4,
        "37": 2,
        "38": 1,
        "39": 3,
        "40": 0,
        "41": 1,
        "42": 1,
        "43": 4,
        "44": 0,
        "45": 4,
        "46": 1,
        "47": 4,
        "48": 3,
        "49": 1,
        "50": 1,
        "51": 1,
        "52": 2,
        "53": 4,
        "54": 1,
        "55": 1,
        "56": 2,
        "57": 1,
        "58": 3,
        "59": 1,
        "60": 0,
        "61": 3,
        "62": 2,
        "63": 0,
        "64": 3,
        "65": 1,
        "66": 1,
        "67": 1,
        "68": 0,
        "69": 2,
        "70": 2,
        "71": 3,
        "72": 1,
        "73": 1,
        "74": 3,
        "75": 0,
        "76": 3,
        "77": 1,
        "78": 0,
        "79": 1,
        "80": 0,
        "81": 4,
        "82": 0,
        "83": 4,
        "84": 4,
        "85": 1,
        "86": 0,
        "87": 3
    },
    "lower_bound": 57.0
}