{
    "node_types": [
        "invoice",
        "sku",
        "zone"
    ],
    "edge_types": [
        "('invoice', 'requires', 'sku')",
        "('sku', 'located_at', 'zone')",
        "('sku', 'rev_requires', 'invoice')",
        "('zone', 'rev_located_at', 'sku')"
    ],
    "num_invoices": 32,
    "num_sku": 83,
    "num_zone": 5,
    "invoices": [
        [
            59,
            64,
            72,
            79,
            37,
            72,
            41,
            60,
            12,
            73,
            23,
            54
        ],
        [
            61,
            45,
            34,
            74,
            17,
            81,
            62,
            26,
            2,
            24
        ],
        [
            30,
            60,
            28,
            35,
            80,
            61,
            10,
            13
        ],
        [
            16,
            27,
            17,
            34,
            55,
            48
        ],
        [
            1,
            0,
            55,
            30,
            76,
            38
        ],
        [
            9,
            20,
            65,
            44,
            2
        ],
        [
            26,
            76,
            71,
            5,
            60,
            12
        ],
        [
            68,
            19,
            64,
            48,
            50,
            29,
            8,
            47,
            67,
            18
        ],
        [
            71,
            62,
            24,
            59,
            36,
            43,
            57,
            45
        ],
        [
            16,
            69,
            52,
            22,
            36,
            2,
            33,
            82,
            39,
            46,
            43,
            20
        ],
        [
            6,
            52,
            82,
            8,
            38,
            5,
            46
        ],
        [
            78,
            57,
            25,
            13,
            42,
            3,
            29,
            34,
            5
        ],
        [
            48,
            82,
            76,
            41,
            15
        ],
        [
            32,
            57,
            22,
            0,
            70
        ],
        [
            62,
            65,
            25,
            74,
            20,
            49,
            55,
            30
        ],
        [
            23,
            51,
            81,
            39,
            80,
            40,
            17,
            36,
            72,
            12,
            44
        ],
        [
            66,
            15,
            42,
            67,
            54,
            40,
            58,
            74,
            1
        ],
        [
            76,
            80,
            40,
            33,
            54,
            28
        ],
        [
            77,
            60,
            10,
            67,
            28,
            70,
            67,
            9,
            38
        ],
        [
            47,
            70,
            59,
            11,
            56,
            8,
            22,
            22,
            78
        ],
        [
            32,
            21,
            79,
            17,
            4,
            77,
            19,
            19
        ],
        [
            13,
            3,
            50,
            49,
            74,
            23,
            11
        ],
        [
            13,
            33,
            57,
            21,
            4,
            2,
            16,
            24
        ],
        [
            4,
            77,
            80,
            9
        ],
        [
            3,
            25,
            82,
            68,
            7
        ],
        [
            31,
            31,
            79,
            18,
            65,
            56,
            27,
            27,
            53,
            10
        ],
        [
            36,
            52,
            73,
            10,
            79,
            33,
            69,
            78,
            68,
            45,
            63,
            32
        ],
        [
            32,
            14,
            63,
            37,
            5,
            51,
            35
        ],
        [
            47,
            40,
            72,
            64,
            38,
            75,
            31
        ],
        [
            53,
            20,
            11,
            16,
            15,
            68,
            6,
            19,
            4,
            39
        ],
        [
            75,
            48,
            70,
            53,
            29,
            66,
            58
        ],
        [
            14,
            24,
            7,
            23,
            65,
            52,
            21
        ]
    ],
    "matching": {
        "0": 1,
        "1": 0,
        "2": 2,
        "3": 0,
        "4": 0,
        "5": 1,
        "6": 4,
        "7": 3,
        "8": 4,
        "9": 1,
        "10": 4,
        "11": 1,
        "12": 2,
        "13": 1,
        "14": 4,
        "15": 3,
        "16": 0,
        "17": 2,
        "18": 3,
        "19": 1,
        "20": 3,
        "21": 2,
        "22": 2,
        "23": 1,
        "24": 2,
        "25": 0,
        "26": 3,
        "27": 3,
        "28": 2,
        "29": 4,
        "30": 4,
        "31": 0,
        "32": 3,
        "33": 4,
        "34": 2,
        "35": 0,
        "36": 3,
        "37": 0,
        "38": 2,
        "39": 2,
        "40": 2,
        "41": 1,
        "42": 0,
        "43": 2,
        "44": 2,
        "45": 0,
        "46": 4,
        "47": 0,
        "48": 3,
        "49": 0,
        "50": 4,
        "51": 1,
        "52": 2,
        "53": 0,
        "54": 1,
        "55": 2,
        "56": 0,
        "57": 0,
        "58": 1,
        "59": 4,
        "60": 1,
        "61": 3,
        "62": 4,
        "63": 3,
        "64": 4,
        "65": 4,
        "66": 3,
        "67": 4,
        "68": 1,
        "69": 3,
        "70": 2,
        "71": 2,
        "72": 0,
        "73": 0,
        "74": 2,
        "75": 3,
        "76": 3,
        "77": 0,
        "78": 0,
        "79": 4,
        "80": 2,
        "81": 2,
        "82": 3
    },
    "lower_bound": 48.0
}