{
    "node_types": [
        "invoice",
        "sku",
        "zone"
    ],
    "edge_types": [
        "('invoice', 'requires', 'sku')",
        "('sku', 'located_at', 'zone')",
        "('sku', 'rev_requires', 'invoice')",
        "('zone', 'rev_located_at', 'sku')"
    ],
    "num_invoices": 33,
    "num_sku": 84,
    "num_zone": 5,
    "invoices": [
        [
            54,
            83,
            15,
            54,
            18,
            79,
            80,
            20
        ],
        [
            0,
            30,
            33,
            65,
            39,
            44,
            2,
            70
        ],
        [
            20,
            2,
            36,
            30,
            11,
            42,
            55,
            10,
            35
        ],
        [
            56,
            76,
            13,
            58,
            29,
            50,
            59,
            12,
            80,
            52
        ],
        [
            14,
            42,
            42,
            79,
            82,
            76
        ],
        [
            50,
            7,
            55,
            51,
            25
        ],
        [
            5,
            43,
            64,
            39,
            57,
            27,
            37
        ],
        [
            6,
            78,
            53,
            23,
            16,
            76,
            44
        ],
        [
            67,
            5,
            66,
            30,
            80,
            70,
            61,
            43,
            31,
            58
        ],
        [
            45,
            40,
            79,
            17,
            46,
            13,
            31
        ],
        [
            26,
            22,
            73,
            59,
            6,
            28,
            52,
            28,
            75,
            34,
            34,
            68,
            17
        ],
        [
            44,
            39,
            58,
            1,
            10
        ],
        [
            74,
            48,
            83,
            60,
            78,
            29,
            63
        ],
        [
            21,
            36,
            22,
            18,
            64,
            21,
            1,
            40,
            49,
            77
        ],
        [
            71,
            47,
            18,
            65,
            31,
            36,
            45
        ],
        [
            46,
            68,
            31,
            46,
            75
        ],
        [
            83,
            77,
            72,
            0,
            7,
            66,
            72,
            9,
            24
        ],
        [
            69,
            23,
            61,
            42,
            15,
            3,
            65
        ],
        [
            62,
            34,
            69,
            73,
            60,
            19,
            24,
            13,
            19,
            25,
            4
        ],
        [
            71,
            78,
            7,
            9,
            36,
            7,
            82
        ],
        [
            29,
            1,
            40
        ],
        [
            26,
            63,
            59,
            13,
            51,
            16,
            41,
            35,
            22,
            54
        ],
        [
            51,
            41,
            77,
            1,
            70,
            57,
            60,
            38,
            19,
            68,
            27,
            63
        ],
        [
            11,
            74,
            35,
            47,
            58,
            73,
            5,
            2,
            56,
            8
        ],
        [
            33,
            2,
            4,
            12,
            41,
            14
        ],
        [
            17,
            77,
            27,
            35,
            10,
            22,
            48,
            76,
            49,
            10
        ],
        [
            12,
            49,
            37,
            62,
            57,
            53,
            15
        ],
        [
            39,
            12,
            74,
            70,
            8,
            52,
            78
        ],
        [
            19,
            24,
            72,
            61,
            62
        ],
        [
            3,
            43,
            14,
            11,
            17,
            81,
            47,
            32
        ],
        [
            4,
            59,
            64,
            23,
            37,
            63,
            14,
            71,
            32,
            28,
            66,
            47
        ],
        [
            11,
            38,
            48,
            45,
            29,
            16,
            9,
            67,
            82,
            30
        ],
        [
            37,
            61,
            73,
            81,
            69,
            56,
            45
        ]
    ],
    "matching": {
        "0": 0,
        "1": 4,
        "2": 4,
        "3": 2,
        "4": 4,
        "5": 1,
        "6": 1,
        "7": 1,
        "8": 2,
        "9": 4,
        "10": 3,
        "11": 4,
        "12": 1,
        "13": 1,
        "14": 3,
        "15": 3,
        "16": 2,
        "17": 2,
        "18": 4,
        "19": 1,
        "20": 1,
        "21": 4,
        "22": 3,
        "23": 2,
        "24": 0,
        "25": 0,
        "26": 1,
        "27": 3,
        "28": 1,
        "29": 2,
        "30": 2,
        "31": 1,
        "32": 4,
        "33": 2,
        "34": 3,
        "35": 3,
        "36": 0,
        "37": 4,
        "38": 3,
        "39": 3,
        "40": 3,
        "41": 1,
        "42": 3,
        "43": 1,
        "44": 2,
        "45": 3,
        "46": 3,
        "47": 0,
        "48": 3,
        "49": 0,
        "50": 0,
        "51": 3,
        "52": 1,
        "53": 1,
        "54": 0,
        "55": 4,
        "56": 2,
        "57": 0,
        "58": 4,
        "59": 2,
        "60": 1,
        "61": 4,
        "62": 1,
        "63": 1,
        "64": 2,
        "65": 3,
        "66": 2,
        "67": 3,
        "68": 3,
        "69": 4,
        "70": 2,
        "71": 2,
        "72": 1,
        "73": 0,
        "74": 2,
        "75": 1,
        "76": 0,
        "77": 0,
        "78": 3,
        "79": 3,
        "80": 2,
        "81": 3,
        "82": 2,
        "83": 1
    },
    "lower_bound": 51.0
}