{
    "node_types": [
        "invoice",
        "sku",
        "zone"
    ],
    "edge_types": [
        "('invoice', 'requires', 'sku')",
        "('sku', 'located_at', 'zone')",
        "('sku', 'rev_requires', 'invoice')",
        "('zone', 'rev_located_at', 'sku')"
    ],
    "num_invoices": 31,
    "num_sku": 70,
    "num_zone": 5,
    "invoices": [
        [
            40,
            25,
            56,
            49
        ],
        [
            60,
            34,
            19,
            4,
            66,
            44
        ],
        [
            41,
            29,
            2,
            36
        ],
        [
            22,
            8,
            31,
            11,
            19,
            10,
            58
        ],
        [
            26,
            36,
            38,
            58,
            48,
            2,
            28,
            43
        ],
        [
            44,
            0,
            61,
            17,
            66,
            18,
            15,
            37,
            35,
            23,
            57,
            40,
            34
        ],
        [
            20,
            58,
            5
        ],
        [
            29,
            45
        ],
        [
            25,
            60,
            44,
            13,
            64
        ],
        [
            63,
            41,
            6,
            55,
            52,
            22,
            50,
            39,
            64
        ],
        [
            4,
            13,
            63,
            16,
            54,
            61,
            0,
            63,
            3,
            65,
            19,
            37
        ],
        [
            50,
            7,
            11
        ],
        [
            11,
            10,
            41,
            18,
            56,
            39
        ],
        [
            63,
            51,
            36,
            65,
            14,
            19,
            65,
            66,
            59,
            55,
            52
        ],
        [
            68,
            21,
            10,
            0,
            18,
            64
        ],
        [
            12,
            45,
            4,
            6,
            49,
            55,
            3,
            45,
            6
        ],
        [
            47,
            21,
            1,
            31,
            61,
            57,
            67,
            10,
            48,
            5,
            45,
            20,
            46,
            17
        ],
        [
            50,
            51,
            26,
            27,
            32,
            31,
            21
        ],
        [
            36,
            68,
            15,
            0,
            16,
            33
        ],
        [
            14,
            42,
            34,
            62
        ],
        [
            12,
            53,
            65,
            54,
            42,
            28,
            13,
            64
        ],
        [
            16,
            24,
            28,
            44,
            5,
            30,
            23,
            52
        ],
        [
            18,
            4,
            54,
            12,
            58
        ],
        [
            59,
            33,
            43,
            24,
            53,
            39
        ],
        [
            22,
            23,
            15,
            69,
            9
        ],
        [
            13,
            39,
            67,
            3,
            46,
            68,
            38,
            9,
            17,
            33,
            50,
            67
        ],
        [
            8,
            38,
            69,
            69
        ],
        [
            51,
            2,
            51,
            27,
            30
        ],
        [
            1,
            43,
            52,
            67,
            8,
            43,
            32,
            20,
            26,
            30
        ],
        [
            49,
            35,
            7,
            26,
            62,
            68
        ],
        [
            35,
            69,
            14,
            47,
            15,
            21
        ]
    ],
    "matching": {
        "0": 4,
        "1": 1,
        "2": 0,
        "3": 4,
        "4": 1,
        "5": 3,
        "6": 0,
        "7": 2,
        "8": 2,
        "9": 1,
        "10": 1,
        "11": 4,
        "12": 3,
        "13": 3,
        "14": 1,
        "15": 1,
        "16": 3,
        "17": 3,
        "18": 4,
        "19": 0,
        "20": 4,
        "21": 3,
        "22": 3,
        "23": 4,
        "24": 4,
        "25": 2,
        "26": 2,
        "27": 1,
        "28": 2,
        "29": 1,
        "30": 2,
        "31": 2,
        "32": 0,
        "33": 1,
        "34": 3,
        "35": 3,
        "36": 4,
        "37": 2,
        "38": 0,
        "39": 0,
        "40": 0,
        "41": 2,
        "42": 1,
        "43": 3,
        "44": 1,
        "45": 4,
        "46": 3,
        "47": 4,
        "48": 0,
        "49": 1,
        "50": 2,
        "51": 0,
        "52": 2,
        "53": 1,
        "54": 1,
        "55": 2,
        "56": 3,
        "57": 1,
        "58": 1,
        "59": 0,
        "60": 2,
        "61": 2,
        "62": 2,
        "63": 1,
        "64": 3,
        "65": 3,
        "66": 1,
        "67": 0,
        "68": 0,
        "69": 4
    },
    "lower_bound": 54.0
}