{
    "node_types": [
        "invoice",
        "sku",
        "zone"
    ],
    "edge_types": [
        "('invoice', 'requires', 'sku')",
        "('sku', 'located_at', 'zone')",
        "('sku', 'rev_requires', 'invoice')",
        "('zone', 'rev_located_at', 'sku')"
    ],
    "num_invoices": 31,
    "num_sku": 67,
    "num_zone": 5,
    "invoices": [
        [
            36,
            40,
            50,
            11,
            1,
            24
        ],
        [
            10,
            58,
            13,
            9,
            21,
            17,
            62
        ],
        [
            60,
            22,
            42,
            44,
            55,
            0,
            31
        ],
        [
            29,
            27,
            41,
            44,
            33,
            43,
            4,
            66,
            38
        ],
        [
            5,
            61,
            8,
            51,
            10,
            5,
            58,
            30,
            63,
            24,
            22
        ],
        [
            60,
            30,
            56,
            44
        ],
        [
            18,
            55,
            59,
            23,
            36
        ],
        [
            65,
            19,
            48,
            43,
            27,
            32,
            13
        ],
        [
            1,
            50,
            7,
            53,
            11,
            53,
            16,
            42,
            58
        ],
        [
            40,
            54,
            34,
            8,
            16
        ],
        [
            25,
            64,
            13,
            32
        ],
        [
            39,
            21,
            16,
            7,
            37,
            27,
            39
        ],
        [
            25,
            26,
            13,
            34,
            56,
            3
        ],
        [
            43,
            15,
            31,
            24,
            7,
            19
        ],
        [
            14,
            12,
            38,
            23,
            28,
            48,
            8
        ],
        [
            11,
            18,
            60,
            29,
            64,
            48,
            54,
            3,
            47,
            66,
            38
        ],
        [
            61,
            33,
            31,
            57,
            45,
            29,
            30
        ],
        [
            12,
            0,
            43,
            28,
            30,
            9,
            2,
            21,
            51,
            50
        ],
        [
            32,
            14,
            49
        ],
        [
            57,
            45,
            63,
            59
        ],
        [
            33,
            33
        ],
        [
            37,
            17,
            20,
            9,
            20
        ],
        [
            53,
            26,
            38,
            19,
            18
        ],
        [
            64,
            62,
            50,
            8,
            10,
            15,
            29
        ],
        [
            24,
            15,
            46,
            45,
            27
        ],
        [
            63,
            44,
            16,
            55,
            37,
            5,
            48
        ],
        [
            51,
            20,
            61,
            52,
            66,
            46,
            47
        ],
        [
            39,
            6,
            65
        ],
        [
            10,
            5,
            63,
            37,
            54,
            6
        ],
        [
            35,
            2,
            47,
            52,
            41,
            52,
            55,
            21,
            49,
            35,
            4,
            19,
            9
        ],
        [
            56,
            15,
            12,
            52,
            53
        ]
    ],
    "matching": {
        "0": 1,
        "1": 4,
        "2": 0,
        "3": 3,
        "4": 3,
        "5": 2,
        "6": 3,
        "7": 3,
        "8": 1,
        "9": 4,
        "10": 3,
        "11": 2,
        "12": 1,
        "13": 4,
        "14": 2,
        "15": 0,
        "16": 4,
        "17": 0,
        "18": 0,
        "19": 2,
        "20": 2,
        "21": 2,
        "22": 1,
        "23": 4,
        "24": 1,
        "25": 3,
        "26": 2,
        "27": 4,
        "28": 0,
        "29": 0,
        "30": 1,
        "31": 0,
        "32": 4,
        "33": 2,
        "34": 3,
        "35": 1,
        "36": 1,
        "37": 0,
        "38": 3,
        "39": 0,
        "40": 0,
        "41": 1,
        "42": 3,
        "43": 0,
        "44": 4,
        "45": 3,
        "46": 2,
        "47": 1,
        "48": 4,
        "49": 4,
        "50": 2,
        "51": 1,
        "52": 2,
        "53": 1,
        "54": 2,
        "55": 1,
        "56": 2,
        "57": 0,
        "58": 4,
        "59": 3,
        "60": 2,
        "61": 4,
        "62": 2,
        "63": 4,
        "64": 2,
        "65": 4,
        "66": 3
    },
    "lower_bound": 51.0
}