{
    "node_types": [
        "invoice",
        "sku",
        "zone"
    ],
    "edge_types": [
        "('invoice', 'requires', 'sku')",
        "('sku', 'located_at', 'zone')",
        "('sku', 'rev_requires', 'invoice')",
        "('zone', 'rev_located_at', 'sku')"
    ],
    "num_invoices": 26,
    "num_sku": 85,
    "num_zone": 5,
    "invoices": [
        [
            22,
            77,
            74,
            7,
            67,
            67,
            54,
            79,
            73,
            80,
            48
        ],
        [
            24,
            26,
            41,
            78,
            17,
            22,
            57,
            8,
            17,
            2,
            6,
            70,
            63
        ],
        [
            33,
            54,
            62,
            44,
            4,
            52,
            16,
            5,
            41,
            24,
            32,
            12,
            58
        ],
        [
            49,
            20,
            67,
            20,
            33,
            52,
            64,
            66,
            56,
            6,
            0,
            71,
            69,
            18
        ],
        [
            16,
            34,
            17,
            14,
            68,
            77
        ],
        [
            59,
            84,
            37,
            3,
            6,
            5,
            3,
            21,
            50
        ],
        [
            15,
            46,
            26,
            14,
            62,
            23,
            53,
            73
        ],
        [
            51,
            24,
            0,
            31,
            23,
            82,
            4
        ],
        [
            12,
            19,
            16,
            46,
            7,
            25,
            39,
            27,
            54,
            34,
            55,
            13,
            64,
            58
        ],
        [
            73,
            81,
            12,
            14,
            27,
            80,
            53,
            7,
            76,
            38
        ],
        [
            72,
            76,
            66,
            76,
            82,
            83
        ],
        [
            13,
            68,
            37,
            63,
            32,
            37,
            39,
            40
        ],
        [
            71,
            31,
            30,
            23,
            41,
            42,
            48,
            42
        ],
        [
            8,
            9,
            4,
            83,
            4,
            75,
            62,
            57,
            37,
            10,
            65,
            59,
            79,
            18,
            26,
            18
        ],
        [
            36,
            80,
            77,
            84,
            29,
            28,
            54,
            70,
            39,
            19,
            22,
            44,
            52
        ],
        [
            35,
            53,
            40,
            20
        ],
        [
            43,
            32,
            65,
            61,
            45,
            65,
            35,
            79,
            69,
            38
        ],
        [
            29,
            16,
            1,
            10,
            73,
            1
        ],
        [
            60,
            48,
            2,
            60,
            80,
            48,
            36,
            45,
            51,
            57,
            30,
            15
        ],
        [
            9,
            46,
            75,
            35,
            32,
            31,
            81,
            30,
            1,
            25,
            44,
            56
        ],
        [
            70,
            25,
            14,
            84,
            43,
            27,
            49,
            47,
            72,
            58
        ],
        [
            47,
            22,
            61,
            8,
            67,
            0
        ],
        [
            24,
            30,
            1,
            77,
            3,
            58,
            5
        ],
        [
            0,
            43,
            29,
            29,
            78,
            11,
            11
        ],
        [
            47,
            13,
            38,
            21,
            81,
            39,
            62,
            23,
            13,
            27,
            34,
            45
        ],
        [
            81,
            55,
            7,
            74,
            28,
            41,
            50,
            59,
            42,
            75
        ]
    ],
    "matching": {
        "0": 2,
        "1": 2,
        "2": 4,
        "3": 1,
        "4": 2,
        "5": 3,
        "6": 4,
        "7": 0,
        "8": 2,
        "9": 2,
        "10": 2,
        "11": 3,
        "12": 4,
        "13": 1,
        "14": 3,
        "15": 1,
        "16": 4,
        "17": 2,
        "18": 0,
        "19": 4,
        "20": 2,
        "21": 4,
        "22": 4,
        "23": 2,
        "24": 1,
        "25": 3,
        "26": 3,
        "27": 2,
        "28": 0,
        "29": 4,
        "30": 1,
        "31": 2,
        "32": 0,
        "33": 0,
        "34": 3,
        "35": 1,
        "36": 3,
        "37": 2,
        "38": 0,
        "39": 4,
        "40": 4,
        "41": 1,
        "42": 2,
        "43": 0,
        "44": 2,
        "45": 2,
        "46": 3,
        "47": 4,
        "48": 0,
        "49": 4,
        "50": 4,
        "51": 0,
        "52": 2,
        "53": 2,
        "54": 0,
        "55": 4,
        "56": 1,
        "57": 4,
        "58": 1,
        "59": 2,
        "60": 0,
        "61": 2,
        "62": 3,
        "63": 2,
        "64": 2,
        "65": 2,
        "66": 1,
        "67": 3,
        "68": 1,
        "69": 2,
        "70": 2,
        "71": 2,
        "72": 2,
        "73": 3,
        "74": 4,
        "75": 1,
        "76": 0,
        "77": 2,
        "78": 2,
        "79": 4,
        "80": 2,
        "81": 4,
        "82": 4,
        "83": 3,
        "84": 4
    },
    "lower_bound": 60.0
}