{
    "node_types": [
        "invoice",
        "sku",
        "zone"
    ],
    "edge_types": [
        "('invoice', 'requires', 'sku')",
        "('sku', 'located_at', 'zone')",
        "('sku', 'rev_requires', 'invoice')",
        "('zone', 'rev_located_at', 'sku')"
    ],
    "num_invoices": 35,
    "num_sku": 67,
    "num_zone": 5,
    "invoices": [
        [
            53,
            24,
            18,
            12,
            12,
            51,
            18
        ],
        [
            42,
            62
        ],
        [
            14,
            3,
            62,
            54,
            39,
            57,
            44,
            8
        ],
        [
            25,
            61,
            4,
            36
        ],
        [
            6,
            39,
            58,
            6,
            34
        ],
        [
            37,
            12,
            63,
            59,
            41
        ],
        [
            65,
            22,
            17,
            2,
            36,
            56,
            17
        ],
        [
            45,
            22
        ],
        [
            44,
            16,
            25,
            13,
            50,
            7,
            61
        ],
        [
            15,
            19,
            9,
            58,
            66,
            42,
            50,
            50,
            60
        ],
        [
            3,
            52,
            13,
            43,
            1,
            5
        ],
        [
            21,
            18,
            56,
            25,
            29,
            40,
            21,
            33,
            29,
            36
        ],
        [
            16,
            56,
            59,
            37,
            39,
            46,
            19
        ],
        [
            23,
            10,
            20,
            43,
            64,
            30
        ],
        [
            0,
            17,
            35,
            63,
            40,
            54,
            55
        ],
        [
            45,
            26,
            14,
            30,
            28
        ],
        [
            32,
            13,
            17,
            32,
            41,
            23,
            65
        ],
        [
            29,
            8,
            15,
            28,
            49,
            22,
            18,
            60,
            11,
            66
        ],
        [
            2,
            45,
            20,
            11,
            32
        ],
        [
            62,
            63,
            35,
            37,
            47,
            34,
            11
        ],
        [
            2,
            19,
            0
        ],
        [
            46,
            24,
            27,
            44,
            26,
            24,
            8
        ],
        [
            31,
            53,
            38,
            0,
            51
        ],
        [
            61,
            66
        ],
        [
            38,
            57,
            51,
            57,
            55
        ],
        [
            31,
            43,
            65,
            64,
            7
        ],
        [
            36,
            45,
            38,
            14,
            34
        ],
        [
            50,
            56,
            16,
            22,
            54
        ],
        [
            0,
            42,
            58,
            5,
            24,
            47,
            33
        ],
        [
            59,
            49,
            31,
            15,
            33,
            27
        ],
        [
            15,
            44,
            60,
            20,
            32,
            3,
            46,
            48,
            7
        ],
        [
            35,
            64,
            27,
            52,
            25,
            10,
            54
        ],
        [
            1,
            33,
            20,
            4,
            57,
            66,
            6,
            13,
            28
        ],
        [
            42,
            61,
            65,
            37,
            58,
            64
        ],
        [
            49,
            38,
            63,
            29,
            12,
            48,
            51,
            9
        ]
    ],
    "matching": {
        "0": 3,
        "1": 1,
        "2": 4,
        "3": 4,
        "4": 3,
        "5": 4,
        "6": 4,
        "7": 0,
        "8": 2,
        "9": 4,
        "10": 1,
        "11": 3,
        "12": 2,
        "13": 1,
        "14": 2,
        "15": 3,
        "16": 0,
        "17": 3,
        "18": 3,
        "19": 2,
        "20": 2,
        "21": 4,
        "22": 4,
        "23": 1,
        "24": 4,
        "25": 0,
        "26": 0,
        "27": 0,
        "28": 3,
        "29": 2,
        "30": 3,
        "31": 4,
        "32": 4,
        "33": 2,
        "34": 1,
        "35": 2,
        "36": 0,
        "37": 4,
        "38": 4,
        "39": 2,
        "40": 1,
        "41": 2,
        "42": 1,
        "43": 4,
        "44": 0,
        "45": 1,
        "46": 0,
        "47": 4,
        "48": 2,
        "49": 0,
        "50": 1,
        "51": 1,
        "52": 2,
        "53": 3,
        "54": 2,
        "55": 3,
        "56": 1,
        "57": 3,
        "58": 2,
        "59": 2,
        "60": 2,
        "61": 1,
        "62": 3,
        "63": 4,
        "64": 2,
        "65": 4,
        "66": 3
    },
    "lower_bound": 42.0
}