{
    "node_types": [
        "invoice",
        "sku",
        "zone"
    ],
    "edge_types": [
        "('invoice', 'requires', 'sku')",
        "('sku', 'located_at', 'zone')",
        "('sku', 'rev_requires', 'invoice')",
        "('zone', 'rev_located_at', 'sku')"
    ],
    "num_invoices": 30,
    "num_sku": 86,
    "num_zone": 5,
    "invoices": [
        [
            18,
            41,
            69,
            22,
            42,
            41,
            42,
            62
        ],
        [
            82,
            14,
            73,
            30,
            11,
            78,
            67,
            4,
            22,
            85,
            64
        ],
        [
            58,
            14,
            41,
            40,
            34,
            28,
            7,
            71,
            72,
            7,
            67
        ],
        [
            7,
            33,
            57,
            24,
            73
        ],
        [
            1,
            79,
            35,
            37,
            8,
            76
        ],
        [
            18,
            65,
            48,
            46,
            46
        ],
        [
            72,
            81,
            21,
            6,
            10,
            37,
            72,
            83,
            49
        ],
        [
            62,
            14,
            27,
            2,
            5,
            12,
            44,
            10
        ],
        [
            78,
            20,
            55,
            63,
            4,
            29,
            53,
            45,
            10,
            80,
            83
        ],
        [
            30,
            6,
            63,
            2,
            58,
            75
        ],
        [
            47,
            68,
            3,
            10,
            31,
            15,
            0,
            17,
            56
        ],
        [
            55,
            50,
            3,
            16,
            45,
            59
        ],
        [
            13,
            27,
            78,
            70,
            80,
            1
        ],
        [
            54,
            22,
            35,
            11,
            9,
            27,
            37,
            27,
            36
        ],
        [
            20,
            82,
            15,
            46,
            25,
            77,
            34,
            54
        ],
        [
            16,
            69,
            56,
            81,
            64,
            3,
            29,
            8
        ],
        [
            57,
            52,
            48,
            38,
            70,
            32,
            33,
            79,
            70,
            40
        ],
        [
            30,
            59,
            23,
            40,
            61,
            22,
            35
        ],
        [
            74,
            21,
            20,
            47,
            5,
            6,
            54,
            64,
            61,
            53,
            14
        ],
        [
            20,
            35,
            47,
            23,
            44,
            19,
            55,
            11
        ],
        [
            77,
            61,
            31,
            6,
            1,
            43,
            26
        ],
        [
            67,
            73,
            56,
            71,
            60,
            60,
            43,
            39,
            85
        ],
        [
            46,
            66,
            23,
            67,
            49,
            65,
            37,
            36,
            71
        ],
        [
            18,
            65,
            26,
            51,
            7,
            75,
            29,
            50,
            9,
            69,
            70,
            4
        ],
        [
            65,
            58,
            61,
            45,
            66,
            1,
            42,
            17,
            79,
            45,
            84
        ],
        [
            60,
            52,
            72,
            36,
            84,
            76,
            13
        ],
        [
            19,
            56,
            2,
            74,
            66,
            49,
            83,
            0,
            83
        ],
        [
            51,
            25,
            17,
            5,
            76,
            3,
            8,
            32,
            40
        ],
        [
            60,
            53,
            26,
            80,
            24,
            13,
            80,
            0,
            48,
            19,
            69
        ],
        [
            36,
            38,
            49,
            12,
            28,
            54,
            39,
            74,
            68
        ]
    ],
    "matching": {
        "0": 1,
        "1": 1,
        "2": 4,
        "3": 4,
        "4": 1,
        "5": 1,
        "6": 1,
        "7": 1,
        "8": 1,
        "9": 1,
        "10": 3,
        "11": 1,
        "12": 2,
        "13": 4,
        "14": 1,
        "15": 4,
        "16": 0,
        "17": 4,
        "18": 2,
        "19": 2,
        "20": 4,
        "21": 1,
        "22": 0,
        "23": 1,
        "24": 4,
        "25": 4,
        "26": 3,
        "27": 1,
        "28": 4,
        "29": 0,
        "30": 0,
        "31": 4,
        "32": 2,
        "33": 1,
        "34": 0,
        "35": 4,
        "36": 0,
        "37": 0,
        "38": 0,
        "39": 1,
        "40": 1,
        "41": 1,
        "42": 3,
        "43": 0,
        "44": 0,
        "45": 1,
        "46": 3,
        "47": 2,
        "48": 2,
        "49": 2,
        "50": 1,
        "51": 2,
        "52": 4,
        "53": 3,
        "54": 1,
        "55": 4,
        "56": 3,
        "57": 2,
        "58": 4,
        "59": 2,
        "60": 1,
        "61": 0,
        "62": 2,
        "63": 3,
        "64": 1,
        "65": 0,
        "66": 1,
        "67": 2,
        "68": 3,
        "69": 4,
        "70": 4,
        "71": 0,
        "72": 4,
        "73": 4,
        "74": 1,
        "75": 3,
        "76": 3,
        "77": 2,
        "78": 1,
        "79": 1,
        "80": 2,
        "81": 2,
        "82": 0,
        "83": 1,
        "84": 1,
        "85": 2
    },
    "lower_bound": 48.0
}