{
    "node_types": [
        "invoice",
        "sku",
        "zone"
    ],
    "edge_types": [
        "('invoice', 'requires', 'sku')",
        "('sku', 'located_at', 'zone')",
        "('sku', 'rev_requires', 'invoice')",
        "('zone', 'rev_located_at', 'sku')"
    ],
    "num_invoices": 34,
    "num_sku": 73,
    "num_zone": 5,
    "invoices": [
        [
            25,
            48,
            40,
            18,
            4
        ],
        [
            71,
            8,
            19,
            2,
            49,
            55,
            72,
            9,
            7
        ],
        [
            19,
            67,
            62,
            68,
            37,
            40,
            32
        ],
        [
            2,
            55,
            15,
            44,
            70,
            0,
            21,
            5
        ],
        [
            43,
            35,
            49,
            72,
            45,
            11
        ],
        [
            69,
            71,
            1,
            63,
            62,
            52
        ],
        [
            59,
            57,
            1,
            34,
            39,
            24,
            13,
            23
        ],
        [
            44,
            38,
            27,
            43,
            6,
            26,
            30,
            66,
            54
        ],
        [
            25,
            5,
            66,
            9,
            32,
            47,
            47,
            30,
            25
        ],
        [
            15,
            5,
            45,
            0,
            17,
            69,
            21,
            27
        ],
        [
            38,
            29,
            28,
            10,
            58,
            65
        ],
        [
            51,
            46,
            31,
            69
        ],
        [
            22,
            56,
            49,
            53,
            42,
            14,
            39,
            10,
            65,
            37,
            41,
            18
        ],
        [
            34,
            61,
            3,
            50,
            53,
            50,
            62,
            13
        ],
        [
            70,
            59,
            23,
            37,
            29,
            17
        ],
        [
            5,
            48,
            28,
            39,
            37
        ],
        [
            16,
            68,
            7,
            41,
            12,
            16,
            42,
            70
        ],
        [
            38,
            33
        ],
        [
            56,
            69,
            53,
            53,
            66,
            67,
            50,
            31
        ],
        [
            49,
            20,
            4,
            3,
            67,
            0,
            56,
            22
        ],
        [
            12,
            6,
            56,
            18,
            72,
            55,
            1,
            39
        ],
        [
            36
        ],
        [
            63,
            13
        ],
        [
            62,
            10,
            57,
            7,
            33
        ],
        [
            60,
            22,
            65,
            12,
            24,
            48
        ],
        [
            11,
            54,
            61,
            19,
            15
        ],
        [
            27,
            38,
            43,
            21,
            68
        ],
        [
            40,
            28,
            3
        ],
        [
            13,
            20,
            10,
            8,
            55,
            46,
            40,
            54
        ],
        [
            9,
            51,
            59,
            26,
            17,
            58
        ],
        [
            6,
            67,
            28
        ],
        [
            51,
            36,
            14,
            14,
            60,
            6,
            52,
            64,
            45
        ],
        [
            3,
            25,
            22,
            35,
            42,
            47,
            7,
            14,
            0
        ],
        [
            24,
            45,
            64,
            8,
            60,
            61,
            20,
            57
        ]
    ],
    "matching": {
        "0": 1,
        "1": 3,
        "2": 4,
        "3": 3,
        "4": 1,
        "5": 1,
        "6": 3,
        "7": 3,
        "8": 1,
        "9": 4,
        "10": 4,
        "11": 1,
        "12": 1,
        "13": 1,
        "14": 0,
        "15": 3,
        "16": 3,
        "17": 2,
        "18": 1,
        "19": 3,
        "20": 2,
        "21": 0,
        "22": 2,
        "23": 1,
        "24": 1,
        "25": 3,
        "26": 4,
        "27": 0,
        "28": 2,
        "29": 0,
        "30": 3,
        "31": 4,
        "32": 3,
        "33": 3,
        "34": 1,
        "35": 1,
        "36": 3,
        "37": 4,
        "38": 2,
        "39": 4,
        "40": 4,
        "41": 4,
        "42": 1,
        "43": 2,
        "44": 3,
        "45": 3,
        "46": 0,
        "47": 3,
        "48": 2,
        "49": 1,
        "50": 1,
        "51": 0,
        "52": 4,
        "53": 3,
        "54": 2,
        "55": 2,
        "56": 1,
        "57": 2,
        "58": 1,
        "59": 3,
        "60": 4,
        "61": 3,
        "62": 1,
        "63": 3,
        "64": 1,
        "65": 3,
        "66": 3,
        "67": 2,
        "68": 4,
        "69": 1,
        "70": 4,
        "71": 4,
        "72": 0
    },
    "lower_bound": 48.0
}