{
    "node_types": [
        "invoice",
        "sku",
        "zone"
    ],
    "edge_types": [
        "('invoice', 'requires', 'sku')",
        "('sku', 'located_at', 'zone')",
        "('sku', 'rev_requires', 'invoice')",
        "('zone', 'rev_located_at', 'sku')"
    ],
    "num_invoices": 32,
    "num_sku": 94,
    "num_zone": 5,
    "invoices": [
        [
            54,
            11,
            24,
            59,
            29,
            58,
            46
        ],
        [
            85,
            42,
            25,
            17,
            44,
            55,
            66,
            17,
            64
        ],
        [
            13,
            90,
            17,
            45,
            93,
            2,
            70,
            81
        ],
        [
            52,
            51,
            30,
            78,
            90,
            73,
            14,
            1,
            67
        ],
        [
            21,
            52,
            49,
            54,
            35,
            82,
            93,
            25,
            24,
            58,
            67
        ],
        [
            84,
            85,
            14,
            27,
            57,
            7,
            58,
            88
        ],
        [
            83,
            9,
            83,
            19,
            61,
            69,
            15,
            26,
            76,
            59,
            32
        ],
        [
            48,
            20,
            75,
            3,
            51
        ],
        [
            51,
            72,
            54,
            75,
            14
        ],
        [
            18,
            34,
            49,
            53,
            12,
            19,
            60
        ],
        [
            73,
            38,
            79,
            75,
            23,
            92,
            12,
            84,
            50
        ],
        [
            7,
            30,
            33,
            82,
            71,
            45,
            71,
            23
        ],
        [
            33,
            10,
            7,
            51,
            10,
            42,
            28,
            14,
            36
        ],
        [
            44,
            91,
            13,
            11,
            86,
            19,
            74
        ],
        [
            73,
            8,
            30,
            89,
            37,
            64,
            46,
            32,
            22,
            73,
            16
        ],
        [
            29,
            82,
            81,
            68,
            40,
            21,
            4,
            9,
            90,
            33,
            84,
            5
        ],
        [
            83,
            11,
            25,
            30,
            0,
            4,
            36,
            74,
            29,
            5,
            12,
            21,
            77,
            31
        ],
        [
            62,
            43,
            64,
            0,
            49,
            62,
            13,
            65,
            65,
            43,
            20,
            39,
            42,
            80,
            16
        ],
        [
            56,
            77,
            4,
            68,
            4,
            1,
            49,
            77
        ],
        [
            84,
            57,
            68,
            37,
            23,
            88
        ],
        [
            44,
            78,
            6,
            28,
            35,
            35,
            8,
            18,
            27,
            91,
            72,
            43,
            52,
            53
        ],
        [
            57,
            47,
            9,
            34,
            42,
            89,
            89,
            22,
            75,
            61,
            34,
            2,
            63
        ],
        [
            15,
            40,
            86
        ],
        [
            56,
            38,
            39,
            60,
            56,
            70,
            52,
            21,
            40
        ],
        [
            67,
            55,
            77,
            47,
            23
        ],
        [
            40,
            93,
            50,
            79,
            87,
            55,
            87,
            37
        ],
        [
            83,
            24,
            41,
            80,
            59,
            56,
            41,
            61
        ],
        [
            55,
            27,
            90,
            31,
            50,
            48,
            8,
            17
        ],
        [
            92,
            34,
            66,
            70,
            63,
            76,
            11,
            81,
            81
        ],
        [
            33,
            48,
            19,
            53,
            28,
            93,
            12,
            16,
            5,
            70
        ],
        [
            2,
            9,
            62,
            65,
            69,
            28,
            36,
            59,
            26
        ],
        [
            60,
            3,
            67,
            27,
            54,
            16,
            32,
            66,
            22,
            6,
            0
        ]
    ],
    "matching": {
        "0": 0,
        "1": 4,
        "2": 4,
        "3": 0,
        "4": 0,
        "5": 2,
        "6": 1,
        "7": 4,
        "8": 3,
        "9": 4,
        "10": 2,
        "11": 1,
        "12": 1,
        "13": 1,
        "14": 4,
        "15": 4,
        "16": 3,
        "17": 4,
        "18": 4,
        "19": 3,
        "20": 4,
        "21": 0,
        "22": 4,
        "23": 1,
        "24": 0,
        "25": 4,
        "26": 2,
        "27": 2,
        "28": 3,
        "29": 1,
        "30": 0,
        "31": 3,
        "32": 1,
        "33": 2,
        "34": 4,
        "35": 2,
        "36": 3,
        "37": 2,
        "38": 2,
        "39": 2,
        "40": 2,
        "41": 3,
        "42": 2,
        "43": 4,
        "44": 3,
        "45": 0,
        "46": 4,
        "47": 0,
        "48": 1,
        "49": 1,
        "50": 2,
        "51": 2,
        "52": 3,
        "53": 2,
        "54": 2,
        "55": 0,
        "56": 0,
        "57": 4,
        "58": 4,
        "59": 2,
        "60": 0,
        "61": 4,
        "62": 3,
        "63": 2,
        "64": 1,
        "65": 3,
        "66": 1,
        "67": 0,
        "68": 4,
        "69": 4,
        "70": 0,
        "71": 2,
        "72": 4,
        "73": 2,
        "74": 2,
        "75": 4,
        "76": 2,
        "77": 4,
        "78": 2,
        "79": 4,
        "80": 2,
        "81": 0,
        "82": 1,
        "83": 2,
        "84": 0,
        "85": 2,
        "86": 3,
        "87": 3,
        "88": 3,
        "89": 3,
        "90": 1,
        "91": 3,
        "92": 3,
        "93": 1
    },
    "lower_bound": 57.0
}