{
    "node_types": [
        "invoice",
        "sku",
        "zone"
    ],
    "edge_types": [
        "('invoice', 'requires', 'sku')",
        "('sku', 'located_at', 'zone')",
        "('sku', 'rev_requires', 'invoice')",
        "('zone', 'rev_located_at', 'sku')"
    ],
    "num_invoices": 30,
    "num_sku": 86,
    "num_zone": 5,
    "invoices": [
        [
            35,
            9,
            49,
            7,
            15
        ],
        [
            47,
            16,
            82,
            83,
            11,
            24,
            79,
            65,
            48,
            80
        ],
        [
            28,
            3,
            71,
            68,
            82,
            34,
            10,
            38,
            67,
            36,
            29
        ],
        [
            1,
            9,
            23
        ],
        [
            65,
            37,
            39,
            25,
            36,
            59,
            22,
            13,
            66
        ],
        [
            35,
            13,
            75,
            63,
            35
        ],
        [
            12,
            30,
            74,
            31,
            17,
            76,
            49,
            15,
            44
        ],
        [
            37,
            71,
            56,
            33,
            53,
            77,
            25,
            28,
            69,
            2,
            14,
            73,
            34,
            53,
            17,
            9
        ],
        [
            33,
            59
        ],
        [
            44,
            54,
            57,
            79
        ],
        [
            66,
            68,
            70,
            57,
            38,
            68,
            19
        ],
        [
            42,
            82,
            29,
            80,
            79
        ],
        [
            8,
            32,
            27,
            76,
            57,
            41,
            20,
            38,
            72,
            12
        ],
        [
            18,
            52,
            63,
            74,
            27,
            62
        ],
        [
            46,
            32
        ],
        [
            35,
            49,
            42,
            64,
            49,
            55,
            18,
            69,
            31,
            20
        ],
        [
            26,
            77,
            28,
            48,
            73,
            37,
            39,
            21,
            21,
            69
        ],
        [
            80,
            58,
            81
        ],
        [
            12,
            30,
            14,
            2,
            84,
            13,
            62,
            34,
            6,
            63,
            30
        ],
        [
            31,
            85,
            27,
            44,
            67,
            24,
            22,
            7,
            62,
            26,
            59,
            31,
            11
        ],
        [
            0,
            83,
            40,
            11,
            50,
            16
        ],
        [
            47,
            70,
            46,
            28,
            60,
            78,
            16,
            51,
            22,
            37,
            6,
            79
        ],
        [
            15,
            53,
            3,
            45,
            15,
            23,
            38
        ],
        [
            51,
            71,
            33,
            54,
            46,
            55,
            61,
            61
        ],
        [
            84,
            66,
            14,
            19,
            32,
            72,
            2,
            43,
            60,
            21,
            51,
            78
        ],
        [
            33,
            47,
            2,
            58,
            59,
            4,
            52,
            3,
            10,
            21,
            14,
            44,
            56
        ],
        [
            74,
            85,
            55,
            1,
            66,
            40,
            5
        ],
        [
            65,
            58,
            39,
            4,
            64,
            75,
            7,
            8
        ],
        [
            26,
            81,
            71,
            7,
            64,
            24,
            20,
            58,
            50,
            36,
            3
        ],
        [
            45,
            62,
            41,
            5,
            69,
            45,
            68,
            18,
            27,
            43,
            85,
            17,
            39,
            0
        ]
    ],
    "matching": {
        "0": 1,
        "1": 3,
        "2": 4,
        "3": 1,
        "4": 3,
        "5": 0,
        "6": 2,
        "7": 2,
        "8": 3,
        "9": 2,
        "10": 1,
        "11": 2,
        "12": 4,
        "13": 0,
        "14": 0,
        "15": 4,
        "16": 4,
        "17": 4,
        "18": 4,
        "19": 1,
        "20": 3,
        "21": 4,
        "22": 2,
        "23": 1,
        "24": 4,
        "25": 4,
        "26": 2,
        "27": 0,
        "28": 2,
        "29": 4,
        "30": 3,
        "31": 3,
        "32": 0,
        "33": 4,
        "34": 2,
        "35": 3,
        "36": 2,
        "37": 3,
        "38": 0,
        "39": 0,
        "40": 3,
        "41": 2,
        "42": 4,
        "43": 4,
        "44": 4,
        "45": 3,
        "46": 0,
        "47": 4,
        "48": 3,
        "49": 1,
        "50": 1,
        "51": 1,
        "52": 3,
        "53": 2,
        "54": 3,
        "55": 1,
        "56": 4,
        "57": 1,
        "58": 2,
        "59": 1,
        "60": 0,
        "61": 4,
        "62": 4,
        "63": 2,
        "64": 2,
        "65": 3,
        "66": 3,
        "67": 3,
        "68": 0,
        "69": 0,
        "70": 2,
        "71": 2,
        "72": 1,
        "73": 0,
        "74": 0,
        "75": 3,
        "76": 2,
        "77": 0,
        "78": 0,
        "79": 1,
        "80": 2,
        "81": 2,
        "82": 3,
        "83": 3,
        "84": 2,
        "85": 0
    },
    "lower_bound": 60.0
}