{
    "node_types": [
        "invoice",
        "sku",
        "zone"
    ],
    "edge_types": [
        "('invoice', 'requires', 'sku')",
        "('sku', 'located_at', 'zone')",
        "('sku', 'rev_requires', 'invoice')",
        "('zone', 'rev_located_at', 'sku')"
    ],
    "num_invoices": 35,
    "num_sku": 74,
    "num_zone": 5,
    "invoices": [
        [
            36,
            30
        ],
        [
            28,
            32,
            19,
            62
        ],
        [
            72,
            1,
            27,
            25,
            15,
            52,
            24,
            16
        ],
        [
            50,
            11,
            55,
            22,
            0,
            45,
            34,
            10,
            72,
            40
        ],
        [
            73,
            7,
            67,
            12,
            72,
            31,
            27
        ],
        [
            2,
            72,
            12,
            64,
            14,
            47,
            45,
            66,
            24,
            10
        ],
        [
            54,
            43,
            32,
            20,
            71,
            70,
            61
        ],
        [
            15,
            21,
            56,
            64,
            69,
            47,
            57,
            14
        ],
        [
            5,
            37,
            63,
            63,
            50
        ],
        [
            48,
            5,
            54,
            41,
            38
        ],
        [
            22,
            65,
            46,
            30,
            25
        ],
        [
            23,
            35,
            30,
            38,
            19
        ],
        [
            30,
            61,
            70,
            26,
            9,
            0,
            22,
            9,
            61
        ],
        [
            69,
            48,
            60
        ],
        [
            69,
            42
        ],
        [
            18,
            64,
            15
        ],
        [
            28,
            60,
            38,
            47
        ],
        [
            6,
            33,
            39,
            23,
            2,
            7,
            10,
            31,
            9
        ],
        [
            0,
            62,
            21
        ],
        [
            40,
            20,
            58,
            51,
            41,
            69,
            59,
            33,
            63
        ],
        [
            27,
            51,
            66
        ],
        [
            32,
            25,
            8,
            35,
            5,
            65,
            46,
            4
        ],
        [
            71,
            7,
            18,
            28,
            73,
            35,
            53,
            36,
            31,
            37,
            40,
            43,
            29
        ],
        [
            8,
            50,
            6,
            23,
            63,
            68,
            61,
            39
        ],
        [
            40,
            6,
            51,
            8,
            48
        ],
        [
            14,
            1,
            5,
            49,
            53,
            53,
            17,
            11,
            4
        ],
        [
            42,
            54,
            71,
            14,
            34
        ],
        [
            49,
            1,
            21,
            52,
            58,
            58,
            37,
            56,
            73,
            2,
            29,
            33,
            55
        ],
        [
            64,
            24,
            58,
            50,
            60,
            29,
            7,
            13,
            13
        ],
        [
            16,
            48,
            19,
            51,
            3,
            44,
            67,
            9,
            42
        ],
        [
            31,
            26,
            71,
            43,
            16,
            66
        ],
        [
            11,
            22,
            47,
            56
        ],
        [
            21,
            46,
            65,
            16,
            44,
            4
        ],
        [
            44,
            17,
            27,
            54,
            3,
            20,
            62,
            10,
            29,
            66
        ],
        [
            73,
            0,
            68,
            59,
            57
        ]
    ],
    "matching": {
        "0": 0,
        "1": 4,
        "2": 4,
        "3": 0,
        "4": 2,
        "5": 2,
        "6": 0,
        "7": 0,
        "8": 4,
        "9": 2,
        "10": 4,
        "11": 2,
        "12": 3,
        "13": 3,
        "14": 1,
        "15": 0,
        "16": 0,
        "17": 1,
        "18": 4,
        "19": 3,
        "20": 1,
        "21": 3,
        "22": 2,
        "23": 3,
        "24": 2,
        "25": 4,
        "26": 4,
        "27": 4,
        "28": 3,
        "29": 3,
        "30": 4,
        "31": 1,
        "32": 0,
        "33": 0,
        "34": 0,
        "35": 3,
        "36": 1,
        "37": 2,
        "38": 3,
        "39": 1,
        "40": 3,
        "41": 2,
        "42": 0,
        "43": 0,
        "44": 2,
        "45": 2,
        "46": 0,
        "47": 0,
        "48": 4,
        "49": 4,
        "50": 4,
        "51": 4,
        "52": 0,
        "53": 0,
        "54": 0,
        "55": 4,
        "56": 2,
        "57": 2,
        "58": 3,
        "59": 3,
        "60": 4,
        "61": 0,
        "62": 0,
        "63": 0,
        "64": 1,
        "65": 3,
        "66": 0,
        "67": 1,
        "68": 0,
        "69": 0,
        "70": 2,
        "71": 0,
        "72": 0,
        "73": 2
    },
    "lower_bound": 51.0
}