{
    "node_types": [
        "invoice",
        "sku",
        "zone"
    ],
    "edge_types": [
        "('invoice', 'requires', 'sku')",
        "('sku', 'located_at', 'zone')",
        "('sku', 'rev_requires', 'invoice')",
        "('zone', 'rev_located_at', 'sku')"
    ],
    "num_invoices": 28,
    "num_sku": 75,
    "num_zone": 5,
    "invoices": [
        [
            28,
            49,
            18,
            1,
            52,
            39,
            70
        ],
        [
            70,
            57,
            59,
            22,
            60,
            3,
            52,
            48,
            11,
            32
        ],
        [
            17,
            1,
            26,
            20,
            67,
            29,
            4,
            59,
            40,
            71,
            39
        ],
        [
            13,
            54,
            60
        ],
        [
            57,
            31,
            45,
            39,
            53,
            58,
            44
        ],
        [
            14,
            19,
            47,
            68
        ],
        [
            19,
            74,
            44,
            30,
            40,
            65,
            17,
            48,
            7,
            23,
            59,
            25,
            45,
            23
        ],
        [
            46,
            51,
            41,
            29
        ],
        [
            9,
            74,
            2,
            63
        ],
        [
            46,
            43,
            21,
            29,
            20,
            2,
            48
        ],
        [
            58,
            16,
            11,
            57,
            30,
            25,
            56,
            64,
            41,
            56,
            45,
            13
        ],
        [
            24,
            31,
            11,
            7,
            24,
            55,
            9,
            4
        ],
        [
            64,
            51,
            64,
            10,
            62,
            53,
            17,
            14,
            9
        ],
        [
            15,
            61,
            49,
            68,
            63
        ],
        [
            43,
            22,
            58,
            73
        ],
        [
            35,
            66,
            30,
            7,
            39
        ],
        [
            52,
            6,
            71,
            11,
            35,
            13,
            23,
            34,
            33,
            5,
            68
        ],
        [
            56,
            16,
            38,
            37
        ],
        [
            21,
            45,
            58,
            50,
            3,
            10,
            36,
            49,
            0
        ],
        [
            72,
            28,
            27,
            19,
            54,
            2,
            20,
            3,
            17,
            57
        ],
        [
            53,
            12,
            55,
            51,
            46,
            43,
            47,
            69,
            16,
            66,
            40,
            41,
            21
        ],
        [
            36,
            19
        ],
        [
            32,
            37,
            18,
            4,
            15,
            3,
            62,
            38,
            48,
            5,
            28
        ],
        [
            73,
            10,
            47,
            21,
            40,
            1,
            72
        ],
        [
            22,
            16,
            46,
            50,
            23,
            71,
            67,
            5,
            8,
            22,
            60
        ],
        [
            27,
            15,
            25,
            62,
            34,
            18,
            61,
            63
        ],
        [
            8,
            66,
            0,
            12,
            68,
            49,
            25,
            33,
            26,
            42,
            42,
            0
        ],
        [
            6,
            5,
            47,
            72,
            69,
            65,
            24,
            38,
            62,
            65,
            59,
            0,
            33
        ]
    ],
    "matching": {
        "0": 1,
        "1": 1,
        "2": 0,
        "3": 3,
        "4": 1,
        "5": 3,
        "6": 2,
        "7": 2,
        "8": 3,
        "9": 1,
        "10": 4,
        "11": 0,
        "12": 2,
        "13": 3,
        "14": 0,
        "15": 1,
        "16": 2,
        "17": 1,
        "18": 3,
        "19": 1,
        "20": 4,
        "21": 3,
        "22": 1,
        "23": 3,
        "24": 4,
        "25": 3,
        "26": 1,
        "27": 4,
        "28": 0,
        "29": 3,
        "30": 3,
        "31": 4,
        "32": 0,
        "33": 2,
        "34": 2,
        "35": 4,
        "36": 2,
        "37": 0,
        "38": 2,
        "39": 0,
        "40": 0,
        "41": 4,
        "42": 4,
        "43": 1,
        "44": 1,
        "45": 3,
        "46": 2,
        "47": 2,
        "48": 3,
        "49": 0,
        "50": 4,
        "51": 4,
        "52": 3,
        "53": 0,
        "54": 4,
        "55": 1,
        "56": 1,
        "57": 4,
        "58": 2,
        "59": 3,
        "60": 0,
        "61": 2,
        "62": 3,
        "63": 3,
        "64": 2,
        "65": 4,
        "66": 4,
        "67": 1,
        "68": 2,
        "69": 0,
        "70": 3,
        "71": 2,
        "72": 1,
        "73": 0,
        "74": 1
    },
    "lower_bound": 54.0
}