{
    "node_types": [
        "invoice",
        "sku",
        "zone"
    ],
    "edge_types": [
        "('invoice', 'requires', 'sku')",
        "('sku', 'located_at', 'zone')",
        "('sku', 'rev_requires', 'invoice')",
        "('zone', 'rev_located_at', 'sku')"
    ],
    "num_invoices": 28,
    "num_sku": 71,
    "num_zone": 5,
    "invoices": [
        [
            26,
            50,
            57,
            6,
            16,
            16
        ],
        [
            26,
            35,
            39,
            36,
            63,
            10,
            66,
            54,
            0,
            51
        ],
        [
            14,
            28,
            40,
            53,
            23,
            15,
            55
        ],
        [
            31,
            18,
            55,
            51,
            40,
            68,
            60,
            12,
            30,
            39
        ],
        [
            24,
            7,
            15,
            32,
            0,
            62,
            28
        ],
        [
            38,
            42,
            32,
            9,
            54,
            1,
            32,
            41
        ],
        [
            70,
            60,
            34
        ],
        [
            11,
            26,
            14,
            69,
            9,
            32,
            44,
            5,
            36,
            19,
            23,
            21,
            65,
            52,
            66
        ],
        [
            22,
            35,
            47,
            70,
            1,
            1,
            46,
            18,
            54,
            19,
            11
        ],
        [
            50
        ],
        [
            13,
            3,
            14,
            17,
            57,
            10,
            22,
            46,
            46,
            46,
            51,
            45
        ],
        [
            43,
            36,
            56,
            28,
            6,
            47,
            37,
            44,
            64,
            8,
            45
        ],
        [
            65,
            33,
            41,
            27,
            7,
            49,
            34,
            56,
            21
        ],
        [
            61,
            30
        ],
        [
            2,
            3,
            61,
            49,
            66
        ],
        [
            8,
            59,
            14
        ],
        [
            62,
            53,
            59,
            6,
            48,
            0,
            48,
            6,
            12,
            4
        ],
        [
            52,
            34,
            49,
            11,
            70,
            58
        ],
        [
            22,
            11,
            17,
            43,
            27,
            51,
            65,
            23,
            33,
            42
        ],
        [
            26,
            15,
            21,
            36,
            69,
            25,
            52
        ],
        [
            15,
            70,
            66,
            42,
            45,
            1,
            67,
            34
        ],
        [
            18,
            3,
            29,
            41,
            37,
            53,
            44,
            63,
            25,
            55
        ],
        [
            59,
            69,
            23,
            53,
            21,
            30,
            65
        ],
        [
            61,
            31,
            13,
            7,
            68,
            63,
            0,
            24,
            28
        ],
        [
            2,
            4,
            47,
            38,
            48,
            67,
            57,
            2
        ],
        [
            20,
            68,
            22,
            62,
            12,
            5,
            29,
            38,
            64,
            55,
            39,
            30,
            50,
            68
        ],
        [
            10,
            61,
            10,
            18,
            31,
            58,
            62
        ],
        [
            37,
            3,
            20,
            8,
            43,
            69,
            48
        ]
    ],
    "matching": {
        "0": 4,
        "1": 0,
        "2": 1,
        "3": 3,
        "4": 4,
        "5": 1,
        "6": 0,
        "7": 3,
        "8": 2,
        "9": 0,
        "10": 3,
        "11": 3,
        "12": 4,
        "13": 1,
        "14": 1,
        "15": 0,
        "16": 2,
        "17": 3,
        "18": 0,
        "19": 1,
        "20": 0,
        "21": 3,
        "22": 0,
        "23": 4,
        "24": 3,
        "25": 3,
        "26": 1,
        "27": 3,
        "28": 3,
        "29": 4,
        "30": 0,
        "31": 2,
        "32": 1,
        "33": 0,
        "34": 1,
        "35": 1,
        "36": 0,
        "37": 4,
        "38": 0,
        "39": 3,
        "40": 0,
        "41": 0,
        "42": 0,
        "43": 1,
        "44": 0,
        "45": 0,
        "46": 2,
        "47": 0,
        "48": 4,
        "49": 1,
        "50": 2,
        "51": 1,
        "52": 2,
        "53": 0,
        "54": 2,
        "55": 0,
        "56": 0,
        "57": 3,
        "58": 4,
        "59": 0,
        "60": 2,
        "61": 2,
        "62": 0,
        "63": 0,
        "64": 2,
        "65": 0,
        "66": 0,
        "67": 2,
        "68": 4,
        "69": 2,
        "70": 1
    },
    "lower_bound": 57.0
}