{
    "node_types": [
        "invoice",
        "sku",
        "zone"
    ],
    "edge_types": [
        "('invoice', 'requires', 'sku')",
        "('sku', 'located_at', 'zone')",
        "('sku', 'rev_requires', 'invoice')",
        "('zone', 'rev_located_at', 'sku')"
    ],
    "num_invoices": 34,
    "num_sku": 78,
    "num_zone": 5,
    "invoices": [
        [
            56,
            55,
            59,
            44,
            31,
            72,
            61,
            36,
            6,
            21,
            14,
            67,
            11
        ],
        [
            10,
            0,
            73,
            2,
            21,
            35
        ],
        [
            5,
            34,
            54,
            71,
            72,
            49,
            7
        ],
        [
            47,
            19,
            1,
            50,
            59,
            43,
            62,
            26
        ],
        [
            58,
            64,
            5,
            2,
            38
        ],
        [
            37,
            60
        ],
        [
            16,
            20,
            13,
            66,
            66,
            30
        ],
        [
            4,
            7,
            11,
            57,
            61,
            15,
            74,
            30,
            48,
            33,
            0
        ],
        [
            26,
            41,
            56,
            22,
            38,
            58,
            64,
            25,
            65
        ],
        [
            59,
            29,
            27,
            43,
            63,
            7,
            23,
            50,
            19,
            64
        ],
        [
            17,
            12,
            77,
            23,
            46,
            12,
            12,
            13,
            58
        ],
        [
            24,
            1,
            15,
            16,
            67,
            59,
            45,
            9,
            6,
            20
        ],
        [
            2,
            73,
            66,
            63
        ],
        [
            76,
            16,
            22,
            67,
            31,
            53
        ],
        [
            75,
            30,
            63,
            10,
            49,
            3
        ],
        [
            68,
            0,
            5,
            20,
            24
        ],
        [
            66,
            29,
            55,
            41,
            9,
            7,
            38,
            68,
            23,
            74,
            13,
            48,
            32
        ],
        [
            27,
            65,
            76,
            33,
            37,
            18,
            40,
            35
        ],
        [
            26,
            45,
            14,
            33,
            31,
            20,
            75,
            32,
            51,
            8
        ],
        [
            51,
            70,
            52,
            18,
            36,
            77,
            3,
            34
        ],
        [
            36,
            41,
            0,
            35,
            47,
            57,
            6,
            70,
            40
        ],
        [
            54,
            69,
            73,
            11,
            67,
            42,
            29,
            48,
            28
        ],
        [
            11,
            45
        ],
        [
            22,
            71,
            19
        ],
        [
            25,
            76,
            15,
            63,
            17,
            4
        ],
        [
            53,
            64,
            42
        ],
        [
            71,
            46,
            53,
            44
        ],
        [
            37,
            57,
            62,
            1,
            18,
            45,
            34
        ],
        [
            4,
            60,
            12,
            39,
            54,
            72,
            27
        ],
        [
            52,
            55,
            23,
            4,
            34,
            58
        ],
        [
            74,
            24,
            14,
            46,
            38,
            62,
            47,
            5,
            46,
            10,
            43
        ],
        [
            8,
            24,
            28,
            26,
            49
        ],
        [
            51,
            47,
            37,
            52,
            16,
            40,
            41,
            49
        ],
        [
            48,
            39,
            77,
            68,
            69
        ]
    ],
    "matching": {
        "0": 4,
        "1": 2,
        "2": 2,
        "3": 1,
        "4": 2,
        "5": 2,
        "6": 2,
        "7": 2,
        "8": 4,
        "9": 4,
        "10": 2,
        "11": 1,
        "12": 1,
        "13": 4,
        "14": 2,
        "15": 0,
        "16": 1,
        "17": 3,
        "18": 1,
        "19": 2,
        "20": 4,
        "21": 1,
        "22": 3,
        "23": 2,
        "24": 3,
        "25": 2,
        "26": 2,
        "27": 2,
        "28": 0,
        "29": 4,
        "30": 3,
        "31": 2,
        "32": 2,
        "33": 3,
        "34": 2,
        "35": 3,
        "36": 1,
        "37": 0,
        "38": 1,
        "39": 1,
        "40": 4,
        "41": 2,
        "42": 2,
        "43": 3,
        "44": 3,
        "45": 4,
        "46": 0,
        "47": 1,
        "48": 3,
        "49": 0,
        "50": 4,
        "51": 0,
        "52": 1,
        "53": 4,
        "54": 2,
        "55": 3,
        "56": 1,
        "57": 3,
        "58": 1,
        "59": 3,
        "60": 2,
        "61": 0,
        "62": 0,
        "63": 2,
        "64": 0,
        "65": 3,
        "66": 1,
        "67": 2,
        "68": 1,
        "69": 2,
        "70": 0,
        "71": 1,
        "72": 2,
        "73": 3,
        "74": 4,
        "75": 4,
        "76": 0,
        "77": 4
    },
    "lower_bound": 51.0
}