{
    "node_types": [
        "invoice",
        "sku",
        "zone"
    ],
    "edge_types": [
        "('invoice', 'requires', 'sku')",
        "('sku', 'located_at', 'zone')",
        "('sku', 'rev_requires', 'invoice')",
        "('zone', 'rev_located_at', 'sku')"
    ],
    "num_invoices": 31,
    "num_sku": 82,
    "num_zone": 5,
    "invoices": [
        [
            55,
            3,
            22
        ],
        [
            12,
            32,
            46,
            20,
            58,
            64
        ],
        [
            7,
            80,
            50,
            19,
            50,
            71
        ],
        [
            78,
            59,
            42,
            33,
            59,
            48,
            34
        ],
        [
            48,
            10,
            6,
            26,
            29,
            20,
            17,
            57,
            70,
            76,
            52,
            30,
            17,
            8
        ],
        [
            28,
            41,
            56,
            67,
            5
        ],
        [
            56,
            74,
            4,
            31,
            40,
            38,
            74,
            49,
            67,
            56
        ],
        [
            44,
            47,
            7,
            68,
            54,
            66,
            68,
            49,
            20,
            28,
            78,
            10
        ],
        [
            61,
            77,
            68,
            22,
            63,
            51
        ],
        [
            73,
            22,
            38,
            54,
            3,
            40
        ],
        [
            21,
            47,
            15,
            45,
            72,
            31,
            32,
            77
        ],
        [
            62,
            74,
            73,
            17,
            17,
            76,
            35,
            75
        ],
        [
            9,
            48,
            35,
            32
        ],
        [
            65,
            21,
            44,
            13,
            37,
            62,
            81,
            2,
            9
        ],
        [
            51,
            81,
            42,
            66,
            2,
            35
        ],
        [
            41,
            14,
            58,
            26,
            28,
            71,
            8,
            11
        ],
        [
            65,
            46,
            9,
            27,
            34,
            56,
            65,
            73,
            34,
            53
        ],
        [
            69,
            68,
            78,
            25
        ],
        [
            41,
            0,
            36,
            39,
            0,
            40,
            40
        ],
        [
            16,
            6,
            26,
            80,
            33,
            43,
            24,
            45,
            24,
            81,
            32,
            6
        ],
        [
            47,
            12,
            67,
            13,
            29,
            81,
            30,
            23
        ],
        [
            27,
            1,
            50,
            70,
            49,
            63,
            12,
            79,
            29,
            39
        ],
        [
            41,
            66,
            23,
            5,
            13,
            0,
            7
        ],
        [
            18,
            55,
            52,
            64,
            44,
            13
        ],
        [
            75,
            66,
            52,
            72,
            54,
            18,
            69,
            22,
            59,
            37,
            80
        ],
        [
            46,
            71,
            11,
            67,
            73,
            80,
            65,
            24,
            54
        ],
        [
            14,
            12,
            64,
            31,
            53,
            19,
            38
        ],
        [
            1,
            26,
            34,
            25,
            79,
            6,
            4,
            51,
            61
        ],
        [
            48,
            60,
            60,
            44
        ],
        [
            46,
            14,
            8,
            4,
            57,
            62
        ],
        [
            16,
            31,
            43,
            60,
            39,
            75,
            63,
            15,
            23,
            28,
            36
        ]
    ],
    "matching": {
        "0": 1,
        "1": 2,
        "2": 3,
        "3": 2,
        "4": 1,
        "5": 2,
        "6": 0,
        "7": 2,
        "8": 4,
        "9": 1,
        "10": 1,
        "11": 0,
        "12": 4,
        "13": 3,
        "14": 0,
        "15": 3,
        "16": 2,
        "17": 3,
        "18": 1,
        "19": 0,
        "20": 3,
        "21": 1,
        "22": 1,
        "23": 0,
        "24": 3,
        "25": 2,
        "26": 2,
        "27": 2,
        "28": 2,
        "29": 2,
        "30": 1,
        "31": 0,
        "32": 4,
        "33": 4,
        "34": 0,
        "35": 0,
        "36": 4,
        "37": 1,
        "38": 0,
        "39": 4,
        "40": 3,
        "41": 3,
        "42": 3,
        "43": 4,
        "44": 4,
        "45": 2,
        "46": 3,
        "47": 1,
        "48": 3,
        "49": 0,
        "50": 0,
        "51": 0,
        "52": 0,
        "53": 0,
        "54": 2,
        "55": 4,
        "56": 0,
        "57": 2,
        "58": 3,
        "59": 1,
        "60": 0,
        "61": 0,
        "62": 0,
        "63": 1,
        "64": 2,
        "65": 3,
        "66": 2,
        "67": 3,
        "68": 4,
        "69": 4,
        "70": 2,
        "71": 1,
        "72": 3,
        "73": 1,
        "74": 4,
        "75": 1,
        "76": 1,
        "77": 4,
        "78": 0,
        "79": 0,
        "80": 2,
        "81": 2
    },
    "lower_bound": 54.0
}