{
    "node_types": [
        "invoice",
        "sku",
        "zone"
    ],
    "edge_types": [
        "('invoice', 'requires', 'sku')",
        "('sku', 'located_at', 'zone')",
        "('sku', 'rev_requires', 'invoice')",
        "('zone', 'rev_located_at', 'sku')"
    ],
    "num_invoices": 34,
    "num_sku": 90,
    "num_zone": 5,
    "invoices": [
        [
            30,
            11,
            85,
            37,
            18,
            62,
            63,
            54,
            7,
            5
        ],
        [
            38,
            61,
            28,
            60,
            50,
            78,
            32,
            52,
            67
        ],
        [
            24,
            79,
            84,
            36,
            28,
            22,
            32,
            53,
            36
        ],
        [
            14,
            74,
            25,
            18
        ],
        [
            61,
            81,
            77,
            88,
            85,
            10,
            83,
            16,
            63,
            23,
            81,
            73
        ],
        [
            78,
            22,
            63,
            8,
            72,
            9,
            56
        ],
        [
            71,
            79,
            17,
            55,
            59,
            50,
            28,
            33,
            24,
            1,
            3,
            59,
            43,
            57,
            49,
            12,
            82
        ],
        [
            52,
            70,
            55,
            1,
            70,
            20
        ],
        [
            81,
            21,
            29,
            87,
            71,
            14,
            83,
            8
        ],
        [
            36,
            78,
            18,
            44,
            47,
            83,
            39
        ],
        [
            8,
            21,
            50,
            79,
            76,
            48,
            68
        ],
        [
            87,
            28,
            49,
            84
        ],
        [
            85,
            23,
            41,
            60,
            66,
            84,
            80,
            49
        ],
        [
            0,
            29,
            27,
            19,
            24,
            4,
            42,
            53
        ],
        [
            82,
            13,
            80,
            6,
            51,
            20,
            88,
            66,
            45,
            56
        ],
        [
            87,
            37,
            82,
            73,
            50,
            7,
            76,
            59,
            30,
            37,
            11,
            33
        ],
        [
            58,
            47,
            13,
            86,
            9,
            86
        ],
        [
            48,
            62,
            11,
            51,
            56,
            49,
            31
        ],
        [
            73,
            38,
            35,
            34,
            43,
            48,
            40,
            6
        ],
        [
            12,
            57,
            89,
            39,
            67,
            41
        ],
        [
            11,
            15,
            31,
            39,
            62,
            10,
            45
        ],
        [
            69,
            65,
            69,
            0,
            26,
            72,
            42,
            5,
            4,
            51
        ],
        [
            17,
            25,
            71,
            29,
            15,
            0,
            46,
            62
        ],
        [
            34,
            76,
            47,
            52,
            74,
            85
        ],
        [
            65,
            16,
            64,
            67,
            75,
            45,
            79,
            63
        ],
        [
            54,
            17,
            9,
            15,
            10,
            80,
            21
        ],
        [
            57,
            26,
            88,
            16,
            3,
            15,
            75,
            65,
            58,
            44,
            2
        ],
        [
            66,
            55,
            83
        ],
        [
            57,
            29,
            43,
            89,
            38,
            72,
            46,
            3,
            26
        ],
        [
            43,
            68,
            4,
            27,
            77,
            59,
            2
        ],
        [
            48,
            86,
            55,
            69,
            38,
            4
        ],
        [
            39,
            33,
            54,
            89,
            89,
            35,
            19,
            60,
            74,
            81
        ],
        [
            64,
            78,
            42,
            36,
            45,
            84,
            69,
            64
        ],
        [
            75,
            65,
            46,
            47,
            77,
            40,
            17,
            33,
            1,
            9
        ]
    ],
    "matching": {
        "0": 3,
        "1": 3,
        "2": 2,
        "3": 1,
        "4": 4,
        "5": 1,
        "6": 1,
        "7": 4,
        "8": 0,
        "9": 4,
        "10": 0,
        "11": 2,
        "12": 4,
        "13": 3,
        "14": 0,
        "15": 4,
        "16": 3,
        "17": 4,
        "18": 0,
        "19": 3,
        "20": 1,
        "21": 0,
        "22": 1,
        "23": 2,
        "24": 4,
        "25": 0,
        "26": 1,
        "27": 1,
        "28": 0,
        "29": 2,
        "30": 4,
        "31": 1,
        "32": 2,
        "33": 0,
        "34": 2,
        "35": 4,
        "36": 3,
        "37": 4,
        "38": 0,
        "39": 2,
        "40": 1,
        "41": 1,
        "42": 0,
        "43": 3,
        "44": 2,
        "45": 4,
        "46": 4,
        "47": 1,
        "48": 2,
        "49": 1,
        "50": 3,
        "51": 3,
        "52": 0,
        "53": 3,
        "54": 0,
        "55": 3,
        "56": 3,
        "57": 2,
        "58": 0,
        "59": 1,
        "60": 3,
        "61": 3,
        "62": 3,
        "63": 2,
        "64": 0,
        "65": 3,
        "66": 3,
        "67": 1,
        "68": 1,
        "69": 1,
        "70": 1,
        "71": 0,
        "72": 2,
        "73": 4,
        "74": 3,
        "75": 3,
        "76": 4,
        "77": 0,
        "78": 3,
        "79": 2,
        "80": 4,
        "81": 3,
        "82": 0,
        "83": 2,
        "84": 2,
        "85": 4,
        "86": 0,
        "87": 2,
        "88": 0,
        "89": 4
    },
    "lower_bound": 63.0
}