{
    "node_types": [
        "invoice",
        "sku",
        "zone"
    ],
    "edge_types": [
        "('invoice', 'requires', 'sku')",
        "('sku', 'located_at', 'zone')",
        "('sku', 'rev_requires', 'invoice')",
        "('zone', 'rev_located_at', 'sku')"
    ],
    "num_invoices": 34,
    "num_sku": 98,
    "num_zone": 5,
    "invoices": [
        [
            57,
            95,
            78,
            14,
            46,
            16,
            3,
            30,
            25
        ],
        [
            3,
            23,
            47,
            51,
            90,
            74,
            9
        ],
        [
            0,
            92,
            8,
            84,
            71,
            62,
            20,
            92,
            67,
            37,
            26
        ],
        [
            54,
            60,
            62,
            19,
            4,
            76,
            91,
            81,
            3
        ],
        [
            10,
            27,
            75,
            70,
            31,
            13,
            15,
            69,
            46,
            36,
            21
        ],
        [
            77,
            85,
            8,
            44,
            80,
            80,
            22
        ],
        [
            43,
            38,
            79,
            12,
            74,
            86
        ],
        [
            38,
            45,
            93,
            34,
            8,
            17,
            84,
            69,
            69
        ],
        [
            50,
            4,
            13,
            13,
            39,
            83,
            84,
            11,
            43,
            88,
            1,
            88,
            36
        ],
        [
            27,
            9,
            56,
            7,
            93,
            59,
            36
        ],
        [
            52,
            43,
            31,
            85,
            72,
            53,
            57,
            95
        ],
        [
            70,
            53,
            74,
            93,
            87,
            91
        ],
        [
            55,
            61,
            60,
            13,
            73,
            82
        ],
        [
            20,
            67,
            70,
            66,
            14,
            77,
            56
        ],
        [
            57,
            25,
            14,
            95,
            87,
            48,
            38,
            39,
            19,
            65
        ],
        [
            40,
            6,
            83,
            89,
            33,
            70
        ],
        [
            17,
            75,
            20,
            79,
            81,
            18,
            4,
            63,
            19,
            47,
            94
        ],
        [
            97,
            88,
            5,
            83,
            86,
            22,
            89,
            64,
            60,
            68,
            49
        ],
        [
            41,
            40,
            84
        ],
        [
            90,
            77,
            37,
            48,
            96,
            33,
            52,
            55,
            62,
            55,
            44
        ],
        [
            36,
            96,
            62,
            72,
            41,
            24
        ],
        [
            23,
            77,
            32,
            1,
            33
        ],
        [
            2,
            96,
            43,
            5,
            94,
            42,
            82
        ],
        [
            6,
            19,
            32,
            0,
            0
        ],
        [
            15,
            7,
            76,
            64,
            66,
            58,
            94,
            63,
            53,
            29
        ],
        [
            91,
            2,
            68,
            5,
            16,
            10,
            50,
            76,
            26,
            71,
            28,
            0,
            68,
            61,
            42
        ],
        [
            20,
            59,
            64,
            63,
            66
        ],
        [
            24,
            35,
            58,
            16,
            51,
            42,
            38,
            26,
            93,
            87,
            45,
            21
        ],
        [
            73,
            51,
            68,
            18,
            96,
            30,
            12,
            52,
            90
        ],
        [
            92,
            78,
            49,
            90,
            52
        ],
        [
            55,
            47,
            65,
            59,
            56,
            56,
            66,
            3,
            5
        ],
        [
            29,
            92,
            14,
            37
        ],
        [
            61,
            6,
            26,
            32,
            54,
            11,
            28
        ],
        [
            86,
            6,
            87,
            35,
            45,
            34,
            76,
            97,
            63,
            22,
            81,
            4,
            1,
            74
        ]
    ],
    "matching": {
        "0": 0,
        "1": 3,
        "2": 1,
        "3": 2,
        "4": 1,
        "5": 2,
        "6": 0,
        "7": 0,
        "8": 0,
        "9": 0,
        "10": 4,
        "11": 3,
        "12": 3,
        "13": 0,
        "14": 1,
        "15": 0,
        "16": 2,
        "17": 3,
        "18": 2,
        "19": 0,
        "20": 4,
        "21": 4,
        "22": 2,
        "23": 3,
        "24": 0,
        "25": 4,
        "26": 1,
        "27": 2,
        "28": 3,
        "29": 2,
        "30": 2,
        "31": 1,
        "32": 0,
        "33": 0,
        "34": 3,
        "35": 1,
        "36": 1,
        "37": 3,
        "38": 3,
        "39": 1,
        "40": 0,
        "41": 0,
        "42": 1,
        "43": 3,
        "44": 3,
        "45": 2,
        "46": 4,
        "47": 1,
        "48": 2,
        "49": 1,
        "50": 1,
        "51": 2,
        "52": 2,
        "53": 1,
        "54": 2,
        "55": 2,
        "56": 2,
        "57": 3,
        "58": 2,
        "59": 1,
        "60": 2,
        "61": 1,
        "62": 3,
        "63": 1,
        "64": 0,
        "65": 1,
        "66": 4,
        "67": 3,
        "68": 3,
        "69": 3,
        "70": 0,
        "71": 2,
        "72": 2,
        "73": 0,
        "74": 3,
        "75": 4,
        "76": 2,
        "77": 0,
        "78": 2,
        "79": 0,
        "80": 2,
        "81": 3,
        "82": 1,
        "83": 1,
        "84": 4,
        "85": 3,
        "86": 2,
        "87": 4,
        "88": 3,
        "89": 2,
        "90": 3,
        "91": 1,
        "92": 4,
        "93": 2,
        "94": 3,
        "95": 3,
        "96": 4,
        "97": 2
    },
    "lower_bound": 57.0
}