{
    "node_types": [
        "invoice",
        "sku",
        "zone"
    ],
    "edge_types": [
        "('invoice', 'requires', 'sku')",
        "('sku', 'located_at', 'zone')",
        "('sku', 'rev_requires', 'invoice')",
        "('zone', 'rev_located_at', 'sku')"
    ],
    "num_invoices": 30,
    "num_sku": 89,
    "num_zone": 5,
    "invoices": [
        [
            36,
            42,
            10,
            38,
            70,
            0,
            53,
            15,
            54,
            52,
            83
        ],
        [
            4,
            51,
            74,
            28,
            33
        ],
        [
            66,
            59,
            5,
            36,
            10,
            30,
            1,
            21,
            34
        ],
        [
            35,
            49,
            25,
            45,
            37,
            28,
            88,
            54
        ],
        [
            64,
            65,
            85,
            24,
            77,
            72,
            75,
            52,
            68
        ],
        [
            40,
            80,
            63,
            14,
            1,
            76,
            63,
            8
        ],
        [
            81,
            88,
            70,
            14,
            80,
            62,
            47,
            55,
            69
        ],
        [
            60,
            32,
            88,
            57,
            36,
            16,
            66,
            63
        ],
        [
            43,
            40,
            10,
            32,
            67,
            74,
            6,
            37,
            7
        ],
        [
            24,
            60,
            60,
            32,
            76,
            22,
            27,
            77,
            7
        ],
        [
            20,
            86,
            9,
            84,
            87,
            35,
            79,
            44,
            70,
            46
        ],
        [
            61,
            30,
            15,
            55,
            37,
            0,
            78,
            9,
            49,
            59,
            57,
            71
        ],
        [
            40,
            50,
            31,
            11,
            39,
            71,
            28,
            18,
            47,
            69,
            71
        ],
        [
            86,
            51,
            73,
            23,
            11,
            2,
            61,
            53,
            65
        ],
        [
            18,
            51,
            3,
            61,
            20,
            28,
            82,
            22,
            75,
            29
        ],
        [
            36,
            84,
            78,
            13,
            83
        ],
        [
            87,
            29,
            15,
            79,
            29,
            24,
            6,
            33,
            45
        ],
        [
            27,
            81,
            56,
            27,
            29,
            3,
            46,
            19,
            39,
            23,
            43,
            62
        ],
        [
            35,
            80,
            72,
            7,
            31,
            57,
            8,
            79,
            58,
            53,
            79
        ],
        [
            19,
            32,
            46,
            26,
            66,
            78,
            62,
            31,
            49
        ],
        [
            86,
            85,
            44,
            64,
            48,
            41,
            56,
            58,
            34
        ],
        [
            33,
            21,
            17,
            1,
            81,
            86,
            10,
            5,
            87,
            65
        ],
        [
            13,
            68,
            33,
            44,
            68,
            67,
            74,
            30,
            85
        ],
        [
            22,
            54,
            64,
            25,
            26,
            52,
            4,
            77,
            20,
            50,
            40,
            38,
            2,
            25
        ],
        [
            59,
            17,
            65,
            82,
            41,
            16,
            23,
            64,
            70,
            72,
            30
        ],
        [
            73,
            7,
            31,
            62
        ],
        [
            35,
            16,
            34,
            0,
            75,
            18,
            26,
            55,
            48
        ],
        [
            41,
            46,
            42,
            12,
            43,
            88
        ],
        [
            87,
            57,
            27,
            24
        ],
        [
            66,
            52,
            74,
            11,
            53,
            44,
            12
        ]
    ],
    "matching": {
        "0": 0,
        "1": 0,
        "2": 2,
        "3": 3,
        "4": 4,
        "5": 3,
        "6": 3,
        "7": 0,
        "8": 3,
        "9": 1,
        "10": 3,
        "11": 0,
        "12": 2,
        "13": 3,
        "14": 2,
        "15": 3,
        "16": 4,
        "17": 1,
        "18": 0,
        "19": 3,
        "20": 2,
        "21": 2,
        "22": 2,
        "23": 2,
        "24": 0,
        "25": 2,
        "26": 3,
        "27": 3,
        "28": 3,
        "29": 2,
        "30": 1,
        "31": 2,
        "32": 0,
        "33": 3,
        "34": 3,
        "35": 0,
        "36": 4,
        "37": 4,
        "38": 3,
        "39": 2,
        "40": 2,
        "41": 2,
        "42": 1,
        "43": 1,
        "44": 2,
        "45": 4,
        "46": 1,
        "47": 0,
        "48": 0,
        "49": 0,
        "50": 3,
        "51": 4,
        "52": 3,
        "53": 2,
        "54": 4,
        "55": 1,
        "56": 0,
        "57": 2,
        "58": 1,
        "59": 4,
        "60": 2,
        "61": 3,
        "62": 2,
        "63": 2,
        "64": 2,
        "65": 1,
        "66": 0,
        "67": 1,
        "68": 3,
        "69": 1,
        "70": 2,
        "71": 3,
        "72": 0,
        "73": 2,
        "74": 4,
        "75": 3,
        "76": 4,
        "77": 3,
        "78": 1,
        "79": 2,
        "80": 1,
        "81": 0,
        "82": 4,
        "83": 4,
        "84": 0,
        "85": 0,
        "86": 3,
        "87": 0,
        "88": 3
    },
    "lower_bound": 54.0
}