{
    "node_types": [
        "invoice",
        "sku",
        "zone"
    ],
    "edge_types": [
        "('invoice', 'requires', 'sku')",
        "('sku', 'located_at', 'zone')",
        "('sku', 'rev_requires', 'invoice')",
        "('zone', 'rev_located_at', 'sku')"
    ],
    "num_invoices": 25,
    "num_sku": 55,
    "num_zone": 5,
    "invoices": [
        [
            0,
            42,
            37
        ],
        [
            22,
            0,
            10
        ],
        [
            38,
            6,
            48,
            19,
            21,
            33,
            44
        ],
        [
            43,
            28,
            2,
            51,
            19,
            20,
            42,
            40,
            7,
            13
        ],
        [
            2,
            48,
            53
        ],
        [
            27,
            53,
            29,
            35,
            21,
            51,
            22,
            27,
            31,
            36
        ],
        [
            14,
            46,
            45,
            39
        ],
        [
            25,
            50,
            14,
            7,
            3,
            45,
            18,
            43
        ],
        [
            3,
            13,
            37
        ],
        [
            37,
            52,
            30,
            19,
            0,
            2,
            49,
            24
        ],
        [
            3,
            25,
            23,
            25,
            47,
            6,
            47,
            1,
            36
        ],
        [
            17,
            9,
            38,
            40,
            52,
            16,
            1,
            1
        ],
        [
            31,
            32,
            23,
            53,
            0,
            12,
            21
        ],
        [
            29,
            52,
            6,
            40
        ],
        [
            41,
            31,
            20,
            30,
            52,
            12,
            36,
            35,
            42
        ],
        [
            22,
            23,
            15,
            7,
            34,
            5,
            39,
            18,
            14
        ],
        [
            32,
            41,
            27,
            9,
            5,
            15,
            39
        ],
        [
            34,
            1,
            11,
            46,
            26,
            43
        ],
        [
            7,
            16,
            11,
            8,
            28,
            15,
            26
        ],
        [
            50,
            50,
            4,
            41,
            8,
            30,
            36
        ],
        [
            24,
            34,
            18,
            46,
            51,
            44,
            3,
            18,
            45
        ],
        [
            20,
            48,
            13,
            38,
            6,
            2,
            53
        ],
        [
            5,
            21,
            39,
            44,
            17,
            54
        ],
        [
            54,
            54,
            4,
            10,
            32,
            9,
            8,
            33,
            14,
            40,
            45,
            12,
            49
        ],
        [
            38,
            47
        ]
    ],
    "matching": {
        "0": 1,
        "1": 1,
        "2": 3,
        "3": 3,
        "4": 0,
        "5": 1,
        "6": 3,
        "7": 1,
        "8": 0,
        "9": 1,
        "10": 4,
        "11": 1,
        "12": 1,
        "13": 1,
        "14": 0,
        "15": 0,
        "16": 1,
        "17": 0,
        "18": 1,
        "19": 0,
        "20": 2,
        "21": 2,
        "22": 1,
        "23": 4,
        "24": 3,
        "25": 1,
        "26": 4,
        "27": 3,
        "28": 2,
        "29": 4,
        "30": 0,
        "31": 1,
        "32": 1,
        "33": 2,
        "34": 3,
        "35": 4,
        "36": 1,
        "37": 4,
        "38": 3,
        "39": 3,
        "40": 2,
        "41": 2,
        "42": 0,
        "43": 0,
        "44": 3,
        "45": 3,
        "46": 2,
        "47": 3,
        "48": 1,
        "49": 0,
        "50": 4,
        "51": 4,
        "52": 3,
        "53": 4,
        "54": 4
    },
    "lower_bound": 51.0
}