{
    "node_types": [
        "invoice",
        "sku",
        "zone"
    ],
    "edge_types": [
        "('invoice', 'requires', 'sku')",
        "('sku', 'located_at', 'zone')",
        "('sku', 'rev_requires', 'invoice')",
        "('zone', 'rev_located_at', 'sku')"
    ],
    "num_invoices": 27,
    "num_sku": 51,
    "num_zone": 5,
    "invoices": [
        [
            8,
            30,
            13,
            17,
            20,
            44,
            15,
            39,
            5
        ],
        [
            43,
            31,
            10,
            4,
            0,
            34,
            47
        ],
        [
            27,
            43,
            38
        ],
        [
            26,
            44,
            14
        ],
        [
            19,
            11,
            3,
            40
        ],
        [
            22,
            29,
            19,
            23
        ],
        [
            1,
            23,
            39,
            0
        ],
        [
            25,
            25,
            11,
            38,
            39
        ],
        [
            24,
            16,
            37,
            26,
            42,
            4
        ],
        [
            45,
            7,
            15,
            18,
            20
        ],
        [
            30,
            46,
            49
        ],
        [
            35,
            20,
            45,
            38,
            48,
            28,
            35
        ],
        [
            33,
            25,
            46,
            8,
            27
        ],
        [
            40,
            10
        ],
        [
            32,
            35,
            15,
            28,
            21,
            29
        ],
        [
            1,
            22,
            9,
            22
        ],
        [
            37,
            8,
            43,
            49,
            31,
            33
        ],
        [
            50,
            41,
            42,
            9,
            15,
            33,
            16,
            14,
            36
        ],
        [
            42,
            31,
            37,
            18,
            12,
            32,
            21
        ],
        [
            35,
            0,
            8,
            34,
            12,
            46,
            48,
            5,
            41,
            17,
            39
        ],
        [
            40,
            21,
            47,
            9,
            45,
            38,
            50,
            6
        ],
        [
            42,
            46,
            31,
            2,
            18
        ],
        [
            44,
            44,
            37,
            6
        ],
        [
            3,
            18,
            2,
            41,
            5,
            24,
            25
        ],
        [
            27,
            13,
            0,
            11,
            21,
            34,
            14
        ],
        [
            24,
            3,
            48,
            5,
            24,
            6,
            36,
            17,
            33
        ],
        [
            26,
            41,
            23,
            7,
            19
        ]
    ],
    "matching": {
        "0": 2,
        "1": 1,
        "2": 1,
        "3": 4,
        "4": 2,
        "5": 0,
        "6": 4,
        "7": 4,
        "8": 3,
        "9": 2,
        "10": 2,
        "11": 2,
        "12": 3,
        "13": 4,
        "14": 4,
        "15": 1,
        "16": 1,
        "17": 1,
        "18": 4,
        "19": 2,
        "20": 2,
        "21": 1,
        "22": 3,
        "23": 2,
        "24": 4,
        "25": 2,
        "26": 4,
        "27": 2,
        "28": 2,
        "29": 3,
        "30": 1,
        "31": 2,
        "32": 4,
        "33": 4,
        "34": 0,
        "35": 1,
        "36": 2,
        "37": 4,
        "38": 2,
        "39": 1,
        "40": 4,
        "41": 0,
        "42": 1,
        "43": 1,
        "44": 1,
        "45": 0,
        "46": 2,
        "47": 2,
        "48": 2,
        "49": 0,
        "50": 0
    },
    "lower_bound": 45.0
}