{
    "node_types": [
        "invoice",
        "sku",
        "zone"
    ],
    "edge_types": [
        "('invoice', 'requires', 'sku')",
        "('sku', 'located_at', 'zone')",
        "('sku', 'rev_requires', 'invoice')",
        "('zone', 'rev_located_at', 'sku')"
    ],
    "num_invoices": 33,
    "num_sku": 99,
    "num_zone": 5,
    "invoices": [
        [
            76,
            46,
            95,
            22,
            6,
            76,
            18,
            68
        ],
        [
            85,
            84,
            94,
            39,
            9,
            18,
            20,
            16,
            98,
            38,
            65,
            24
        ],
        [
            38,
            37,
            39,
            59,
            59,
            40,
            52,
            32,
            19,
            1
        ],
        [
            25,
            35,
            71,
            3,
            1,
            31,
            63,
            80,
            56,
            40
        ],
        [
            55,
            65,
            15,
            55,
            17,
            93,
            30
        ],
        [
            51,
            90,
            27,
            91,
            36,
            48,
            64,
            68,
            14,
            30,
            64,
            62,
            32
        ],
        [
            44,
            66,
            29,
            51,
            45,
            64,
            69,
            78,
            89,
            69
        ],
        [
            55,
            91,
            61,
            41,
            72,
            28,
            71,
            5,
            79,
            89
        ],
        [
            77,
            21,
            4,
            34,
            75,
            3,
            35,
            35
        ],
        [
            86,
            52,
            49,
            37,
            82,
            12
        ],
        [
            65,
            80,
            26,
            72,
            13,
            83
        ],
        [
            66,
            79,
            39,
            42,
            38,
            18,
            79,
            13,
            7,
            0,
            44,
            29,
            56,
            41,
            26
        ],
        [
            78,
            1,
            83,
            64,
            52,
            46,
            53,
            80,
            27
        ],
        [
            90,
            88,
            51,
            5,
            8,
            96,
            67,
            36,
            34,
            43
        ],
        [
            73,
            4,
            26,
            43,
            9,
            33,
            92,
            92,
            2
        ],
        [
            77,
            74,
            51,
            28,
            60,
            32,
            10,
            50,
            79
        ],
        [
            50,
            38,
            98,
            91,
            25,
            28,
            86,
            11,
            15,
            73
        ],
        [
            90,
            75,
            44,
            81,
            42,
            73,
            26
        ],
        [
            77,
            72,
            97,
            95,
            36,
            6,
            17,
            45,
            33
        ],
        [
            88,
            58,
            46,
            42
        ],
        [
            31,
            59,
            96,
            14,
            82,
            87,
            78,
            21,
            71
        ],
        [
            95,
            85,
            31,
            10,
            69,
            60,
            93,
            62,
            16,
            7,
            19,
            8,
            94,
            12
        ],
        [
            94,
            41,
            2,
            66,
            23,
            43,
            54,
            16,
            57,
            20,
            89,
            18,
            97,
            98
        ],
        [
            22,
            10,
            86,
            82,
            82,
            2,
            0
        ],
        [
            56,
            25,
            45,
            24,
            1,
            57,
            62,
            30,
            63,
            6,
            48,
            10,
            57
        ],
        [
            15,
            41,
            55,
            5,
            53
        ],
        [
            61,
            16,
            14,
            49,
            70,
            48,
            11,
            96,
            97
        ],
        [
            81,
            44,
            53,
            56,
            12,
            11,
            20,
            36,
            0,
            98
        ],
        [
            19,
            47,
            61,
            80,
            70,
            47,
            58,
            40,
            27
        ],
        [
            54,
            94,
            30,
            68,
            29,
            23,
            25,
            0,
            22,
            87,
            52
        ],
        [
            65,
            83,
            84,
            28,
            69,
            43,
            67,
            67
        ],
        [
            24,
            85,
            84,
            40,
            91,
            97,
            6,
            3,
            11,
            68,
            60,
            32,
            22,
            76,
            48
        ],
        [
            17,
            95,
            21,
            74,
            17,
            59,
            2,
            83,
            42,
            14
        ]
    ],
    "matching": {
        "0": 1,
        "1": 3,
        "2": 4,
        "3": 3,
        "4": 3,
        "5": 3,
        "6": 2,
        "7": 1,
        "8": 1,
        "9": 2,
        "10": 1,
        "11": 0,
        "12": 4,
        "13": 2,
        "14": 4,
        "15": 3,
        "16": 2,
        "17": 2,
        "18": 1,
        "19": 0,
        "20": 0,
        "21": 2,
        "22": 3,
        "23": 1,
        "24": 0,
        "25": 2,
        "26": 0,
        "27": 1,
        "28": 1,
        "29": 2,
        "30": 0,
        "31": 4,
        "32": 2,
        "33": 3,
        "34": 4,
        "35": 4,
        "36": 0,
        "37": 1,
        "38": 1,
        "39": 2,
        "40": 2,
        "41": 2,
        "42": 2,
        "43": 4,
        "44": 0,
        "45": 1,
        "46": 1,
        "47": 4,
        "48": 3,
        "49": 1,
        "50": 3,
        "51": 3,
        "52": 0,
        "53": 1,
        "54": 0,
        "55": 4,
        "56": 2,
        "57": 0,
        "58": 0,
        "59": 2,
        "60": 0,
        "61": 4,
        "62": 4,
        "63": 1,
        "64": 0,
        "65": 1,
        "66": 3,
        "67": 1,
        "68": 1,
        "69": 1,
        "70": 3,
        "71": 3,
        "72": 1,
        "73": 1,
        "74": 4,
        "75": 0,
        "76": 3,
        "77": 1,
        "78": 3,
        "79": 4,
        "80": 2,
        "81": 0,
        "82": 0,
        "83": 3,
        "84": 2,
        "85": 3,
        "86": 1,
        "87": 0,
        "88": 2,
        "89": 0,
        "90": 4,
        "91": 2,
        "92": 2,
        "93": 1,
        "94": 1,
        "95": 1,
        "96": 4,
        "97": 1,
        "98": 0
    },
    "lower_bound": 57.0
}