{
    "node_types": [
        "invoice",
        "sku",
        "zone"
    ],
    "edge_types": [
        "('invoice', 'requires', 'sku')",
        "('sku', 'located_at', 'zone')",
        "('sku', 'rev_requires', 'invoice')",
        "('zone', 'rev_located_at', 'sku')"
    ],
    "num_invoices": 32,
    "num_sku": 70,
    "num_zone": 5,
    "invoices": [
        [
            29,
            11,
            50,
            46,
            25,
            14,
            38,
            21,
            25
        ],
        [
            40,
            19,
            8,
            27
        ],
        [
            38,
            43,
            30,
            6,
            22
        ],
        [
            5,
            16,
            57,
            5,
            31
        ],
        [
            53,
            69,
            46,
            45,
            3,
            18,
            15,
            33,
            21,
            30
        ],
        [
            16,
            16,
            62,
            35,
            57
        ],
        [
            38,
            62,
            11,
            61
        ],
        [
            8,
            66,
            64,
            58,
            23,
            58
        ],
        [
            35,
            55,
            61
        ],
        [
            34,
            65,
            35,
            22,
            61,
            1,
            45,
            49
        ],
        [
            50,
            67,
            9,
            66,
            30
        ],
        [
            49,
            8,
            23,
            32,
            1,
            47
        ],
        [
            41,
            4,
            59,
            7,
            12
        ],
        [
            36,
            19,
            69,
            28,
            55,
            37,
            50
        ],
        [
            17,
            23,
            57,
            29,
            2,
            56,
            65,
            35,
            67,
            68
        ],
        [
            39,
            40,
            23,
            52,
            1
        ],
        [
            42,
            17,
            3,
            11,
            32,
            0,
            14,
            41,
            13,
            47,
            44,
            52
        ],
        [
            31,
            33,
            32,
            13,
            34,
            10,
            38,
            59
        ],
        [
            15,
            33
        ],
        [
            53,
            27,
            7,
            24,
            15,
            53,
            53,
            1
        ],
        [
            62,
            33,
            2,
            61,
            19,
            8
        ],
        [
            69,
            7,
            63,
            18,
            25,
            65,
            21,
            34
        ],
        [
            9,
            26,
            26,
            66
        ],
        [
            45,
            54,
            51,
            10,
            39,
            3,
            6,
            68,
            13,
            31
        ],
        [
            66,
            63,
            44,
            17,
            44,
            43
        ],
        [
            36,
            48,
            20,
            69,
            4,
            12,
            20,
            13,
            28,
            42,
            37
        ],
        [
            44,
            46,
            62,
            45,
            41,
            55,
            54
        ],
        [
            2,
            18,
            16,
            18,
            14,
            47
        ],
        [
            0,
            58,
            7,
            28,
            60,
            51,
            64,
            11,
            12,
            48,
            2
        ],
        [
            12,
            24,
            31,
            41,
            19,
            54,
            3,
            56
        ],
        [
            28,
            49,
            60,
            57
        ],
        [
            43,
            15,
            25
        ]
    ],
    "matching": {
        "0": 4,
        "1": 4,
        "2": 3,
        "3": 2,
        "4": 0,
        "5": 4,
        "6": 0,
        "7": 1,
        "8": 0,
        "9": 3,
        "10": 0,
        "11": 2,
        "12": 3,
        "13": 0,
        "14": 4,
        "15": 1,
        "16": 3,
        "17": 1,
        "18": 3,
        "19": 0,
        "20": 0,
        "21": 4,
        "22": 0,
        "23": 1,
        "24": 2,
        "25": 2,
        "26": 0,
        "27": 2,
        "28": 0,
        "29": 3,
        "30": 0,
        "31": 3,
        "32": 2,
        "33": 2,
        "34": 0,
        "35": 2,
        "36": 2,
        "37": 4,
        "38": 3,
        "39": 1,
        "40": 0,
        "41": 0,
        "42": 3,
        "43": 1,
        "44": 3,
        "45": 2,
        "46": 2,
        "47": 1,
        "48": 1,
        "49": 0,
        "50": 3,
        "51": 2,
        "52": 1,
        "53": 3,
        "54": 2,
        "55": 4,
        "56": 2,
        "57": 0,
        "58": 1,
        "59": 4,
        "60": 2,
        "61": 2,
        "62": 3,
        "63": 3,
        "64": 1,
        "65": 2,
        "66": 2,
        "67": 0,
        "68": 2,
        "69": 4
    },
    "lower_bound": 48.0
}