{
    "node_types": [
        "invoice",
        "sku",
        "zone"
    ],
    "edge_types": [
        "('invoice', 'requires', 'sku')",
        "('sku', 'located_at', 'zone')",
        "('sku', 'rev_requires', 'invoice')",
        "('zone', 'rev_located_at', 'sku')"
    ],
    "num_invoices": 27,
    "num_sku": 57,
    "num_zone": 5,
    "invoices": [
        [
            24,
            51,
            55
        ],
        [
            30,
            11,
            56,
            3,
            8
        ],
        [
            16,
            10,
            54,
            44,
            44,
            56,
            7
        ],
        [
            44,
            16,
            15,
            18,
            7,
            26,
            19
        ],
        [
            33,
            44
        ],
        [
            6,
            21,
            38,
            42,
            18,
            17,
            51,
            34,
            47,
            14,
            21,
            42,
            37,
            11
        ],
        [
            10,
            54,
            55,
            6,
            22,
            38,
            49,
            36
        ],
        [
            54,
            41,
            8,
            43,
            24,
            35,
            48,
            20,
            1,
            4,
            50,
            35
        ],
        [
            1,
            52,
            40,
            9,
            29
        ],
        [
            34,
            29,
            25,
            46,
            5,
            11,
            28,
            26,
            28,
            40,
            13,
            5
        ],
        [
            43,
            41,
            34,
            4,
            11,
            28
        ],
        [
            2,
            45,
            17,
            35,
            40
        ],
        [
            24,
            15,
            3,
            37,
            48,
            46,
            56,
            23,
            2
        ],
        [
            33,
            0,
            26,
            18,
            14,
            8,
            35,
            33,
            39,
            25,
            48,
            27,
            43
        ],
        [
            39,
            42,
            32,
            12
        ],
        [
            38,
            31,
            5,
            30,
            18,
            13,
            41,
            55
        ],
        [
            39,
            22,
            9,
            36
        ],
        [
            0,
            40,
            47,
            14,
            54
        ],
        [
            50,
            41,
            10
        ],
        [
            25,
            23,
            49,
            37,
            19,
            53,
            19,
            42
        ],
        [
            3,
            2,
            55
        ],
        [
            27,
            45,
            25,
            10,
            5,
            3
        ],
        [
            47,
            14,
            9,
            27,
            52,
            26
        ],
        [
            24,
            1,
            1,
            9,
            53,
            12,
            8
        ],
        [
            22,
            22,
            46,
            20,
            2,
            4,
            19,
            56
        ],
        [
            32,
            27,
            7
        ],
        [
            53,
            4,
            46,
            21,
            49,
            31
        ]
    ],
    "matching": {
        "0": 0,
        "1": 0,
        "2": 2,
        "3": 2,
        "4": 4,
        "5": 3,
        "6": 4,
        "7": 4,
        "8": 4,
        "9": 0,
        "10": 4,
        "11": 1,
        "12": 0,
        "13": 1,
        "14": 2,
        "15": 2,
        "16": 4,
        "17": 3,
        "18": 0,
        "19": 3,
        "20": 0,
        "21": 0,
        "22": 4,
        "23": 0,
        "24": 3,
        "25": 2,
        "26": 3,
        "27": 3,
        "28": 3,
        "29": 1,
        "30": 1,
        "31": 4,
        "32": 1,
        "33": 0,
        "34": 0,
        "35": 1,
        "36": 3,
        "37": 1,
        "38": 3,
        "39": 3,
        "40": 2,
        "41": 4,
        "42": 1,
        "43": 3,
        "44": 3,
        "45": 0,
        "46": 3,
        "47": 1,
        "48": 3,
        "49": 1,
        "50": 1,
        "51": 2,
        "52": 3,
        "53": 3,
        "54": 0,
        "55": 3,
        "56": 1
    },
    "lower_bound": 54.0
}