{
    "node_types": [
        "invoice",
        "sku",
        "zone"
    ],
    "edge_types": [
        "('invoice', 'requires', 'sku')",
        "('sku', 'located_at', 'zone')",
        "('sku', 'rev_requires', 'invoice')",
        "('zone', 'rev_located_at', 'sku')"
    ],
    "num_invoices": 33,
    "num_sku": 66,
    "num_zone": 5,
    "invoices": [
        [
            37,
            26,
            58,
            14,
            59,
            38,
            21,
            10,
            21
        ],
        [
            20,
            13,
            18,
            49,
            31
        ],
        [
            0,
            9,
            28
        ],
        [
            43,
            53,
            41,
            60,
            32,
            52,
            48,
            54,
            22
        ],
        [
            55,
            9,
            56,
            65
        ],
        [
            3,
            8,
            43
        ],
        [
            31,
            18,
            45,
            29,
            16,
            11,
            19,
            32,
            57,
            52,
            25
        ],
        [
            36,
            21,
            57
        ],
        [
            49,
            1,
            63,
            53
        ],
        [
            32,
            39,
            56,
            17,
            34,
            47
        ],
        [
            61,
            4,
            23,
            0,
            26,
            61
        ],
        [
            64,
            21,
            50,
            1,
            48,
            34,
            43
        ],
        [
            63,
            58,
            31,
            35,
            46,
            58,
            28,
            14,
            1,
            30
        ],
        [
            56,
            48,
            52
        ],
        [
            24,
            45,
            26,
            33,
            61,
            18,
            25
        ],
        [
            38,
            14,
            38,
            42,
            64,
            42
        ],
        [
            64,
            49,
            27,
            7,
            35,
            17,
            50,
            48,
            34,
            30
        ],
        [
            65,
            13,
            60,
            31,
            5,
            60,
            22,
            46
        ],
        [
            20,
            51,
            18,
            23,
            19,
            41
        ],
        [
            57,
            40,
            42,
            24,
            6,
            32,
            11,
            54,
            42
        ],
        [
            39,
            36,
            45,
            40,
            19,
            3,
            56,
            45
        ],
        [
            59,
            24,
            33,
            36
        ],
        [
            15,
            3,
            17,
            55,
            10,
            43,
            27,
            9,
            46,
            44
        ],
        [
            51,
            9,
            27,
            50,
            52,
            62,
            8,
            20,
            17,
            2
        ],
        [
            44,
            11
        ],
        [
            12,
            51,
            28,
            2,
            12,
            12,
            35,
            41,
            59,
            62
        ],
        [
            19,
            36,
            15,
            63,
            28,
            59
        ],
        [
            34,
            16,
            29
        ],
        [
            50,
            20
        ],
        [
            47,
            16,
            44,
            7,
            30,
            38,
            23,
            30,
            44,
            4
        ],
        [
            33,
            63,
            6,
            14,
            62
        ],
        [
            5,
            57,
            39,
            62,
            8,
            54,
            37
        ],
        [
            2,
            10,
            13,
            60,
            7,
            46,
            33,
            26
        ]
    ],
    "matching": {
        "0": 2,
        "1": 0,
        "2": 0,
        "3": 0,
        "4": 1,
        "5": 0,
        "6": 4,
        "7": 2,
        "8": 1,
        "9": 3,
        "10": 3,
        "11": 1,
        "12": 1,
        "13": 3,
        "14": 2,
        "15": 3,
        "16": 3,
        "17": 2,
        "18": 2,
        "19": 0,
        "20": 2,
        "21": 2,
        "22": 1,
        "23": 2,
        "24": 2,
        "25": 1,
        "26": 0,
        "27": 4,
        "28": 3,
        "29": 2,
        "30": 2,
        "31": 4,
        "32": 3,
        "33": 2,
        "34": 4,
        "35": 4,
        "36": 2,
        "37": 4,
        "38": 0,
        "39": 4,
        "40": 0,
        "41": 3,
        "42": 1,
        "43": 3,
        "44": 2,
        "45": 1,
        "46": 0,
        "47": 3,
        "48": 2,
        "49": 2,
        "50": 2,
        "51": 2,
        "52": 0,
        "53": 4,
        "54": 2,
        "55": 2,
        "56": 0,
        "57": 1,
        "58": 2,
        "59": 1,
        "60": 4,
        "61": 0,
        "62": 0,
        "63": 3,
        "64": 4,
        "65": 3
    },
    "lower_bound": 45.0
}