{
    "node_types": [
        "invoice",
        "sku",
        "zone"
    ],
    "edge_types": [
        "('invoice', 'requires', 'sku')",
        "('sku', 'located_at', 'zone')",
        "('sku', 'rev_requires', 'invoice')",
        "('zone', 'rev_located_at', 'sku')"
    ],
    "num_invoices": 35,
    "num_sku": 70,
    "num_zone": 5,
    "invoices": [
        [
            0,
            33,
            44,
            60,
            49
        ],
        [
            43,
            13,
            19
        ],
        [
            29,
            63
        ],
        [
            25,
            22,
            14,
            37,
            29,
            23
        ],
        [
            63,
            3,
            14,
            15
        ],
        [
            34,
            31,
            7
        ],
        [
            21,
            33,
            41,
            39,
            39,
            31,
            10
        ],
        [
            33,
            27,
            67,
            2,
            44,
            8,
            54,
            40
        ],
        [
            49,
            69,
            40,
            13,
            36
        ],
        [
            34,
            68,
            60,
            32,
            5,
            68,
            69,
            39,
            28,
            52,
            18,
            51
        ],
        [
            35,
            6,
            53,
            61
        ],
        [
            4,
            9,
            45,
            64,
            40,
            19
        ],
        [
            2,
            47,
            35,
            57,
            62,
            8,
            43,
            14,
            36,
            66
        ],
        [
            11,
            1,
            26,
            65
        ],
        [
            53,
            30,
            6,
            32,
            49,
            46,
            42
        ],
        [
            24,
            46,
            57,
            15,
            49,
            60,
            65
        ],
        [
            18,
            61,
            52,
            26,
            5,
            52,
            68,
            0,
            65,
            48,
            37,
            48,
            56,
            43
        ],
        [
            7,
            5,
            17,
            10,
            8,
            8,
            63,
            17,
            7
        ],
        [
            59,
            4,
            58,
            65,
            1,
            11,
            54,
            11
        ],
        [
            50,
            38,
            3,
            41,
            34,
            2,
            4,
            67,
            55,
            21,
            17
        ],
        [
            64,
            43,
            55,
            67,
            27,
            62,
            9,
            24,
            67
        ],
        [
            48,
            1
        ],
        [
            13
        ],
        [
            36,
            9,
            12,
            40,
            58,
            30
        ],
        [
            22,
            45,
            7,
            20,
            64,
            41,
            58
        ],
        [
            69,
            28,
            6,
            44,
            42,
            29,
            59
        ],
        [
            20,
            35,
            48,
            6,
            50
        ],
        [
            68,
            26,
            66,
            12,
            61,
            69,
            42
        ],
        [
            37,
            0,
            18,
            28,
            55,
            59,
            21
        ],
        [
            3,
            47,
            30,
            3
        ],
        [
            28,
            25,
            38,
            41,
            53,
            18,
            31,
            50,
            17,
            47,
            1,
            51,
            59
        ],
        [
            20,
            10,
            16,
            47,
            52,
            34,
            58
        ],
        [
            56,
            21,
            24,
            37,
            60,
            45,
            64,
            38
        ],
        [
            16,
            46,
            39,
            25
        ],
        [
            35,
            23,
            22
        ]
    ],
    "matching": {
        "0": 1,
        "1": 0,
        "2": 0,
        "3": 3,
        "4": 4,
        "5": 0,
        "6": 3,
        "7": 1,
        "8": 4,
        "9": 2,
        "10": 3,
        "11": 2,
        "12": 4,
        "13": 4,
        "14": 2,
        "15": 3,
        "16": 0,
        "17": 4,
        "18": 3,
        "19": 2,
        "20": 2,
        "21": 1,
        "22": 3,
        "23": 2,
        "24": 4,
        "25": 1,
        "26": 3,
        "27": 2,
        "28": 0,
        "29": 2,
        "30": 3,
        "31": 4,
        "32": 1,
        "33": 3,
        "34": 0,
        "35": 0,
        "36": 3,
        "37": 1,
        "38": 3,
        "39": 1,
        "40": 2,
        "41": 4,
        "42": 1,
        "43": 1,
        "44": 3,
        "45": 4,
        "46": 0,
        "47": 2,
        "48": 2,
        "49": 2,
        "50": 3,
        "51": 3,
        "52": 4,
        "53": 2,
        "54": 4,
        "55": 4,
        "56": 3,
        "57": 1,
        "58": 2,
        "59": 3,
        "60": 1,
        "61": 1,
        "62": 3,
        "63": 2,
        "64": 4,
        "65": 3,
        "66": 0,
        "67": 4,
        "68": 4,
        "69": 1
    },
    "lower_bound": 54.0
}