{
    "node_types": [
        "invoice",
        "sku",
        "zone"
    ],
    "edge_types": [
        "('invoice', 'requires', 'sku')",
        "('sku', 'located_at', 'zone')",
        "('sku', 'rev_requires', 'invoice')",
        "('zone', 'rev_located_at', 'sku')"
    ],
    "num_invoices": 31,
    "num_sku": 66,
    "num_zone": 5,
    "invoices": [
        [
            27,
            31,
            23
        ],
        [
            47,
            33,
            30,
            30,
            48,
            52,
            46,
            42,
            63
        ],
        [
            57,
            58,
            8
        ],
        [
            43
        ],
        [
            38,
            40,
            31,
            24,
            37,
            52,
            65
        ],
        [
            35,
            43,
            25,
            42
        ],
        [
            13,
            40,
            9,
            21,
            44,
            63,
            64,
            22,
            53,
            27,
            57,
            3
        ],
        [
            63,
            16,
            11,
            11
        ],
        [
            50,
            60,
            60,
            46,
            19,
            56,
            29
        ],
        [
            65,
            33,
            34,
            7,
            55,
            21,
            45,
            44
        ],
        [
            62,
            4,
            59,
            10,
            29,
            22
        ],
        [
            1,
            58,
            8,
            24,
            10,
            6
        ],
        [
            65,
            52,
            16,
            26,
            26,
            45
        ],
        [
            28,
            32,
            31,
            61,
            6,
            4,
            15,
            9,
            5,
            41,
            49,
            13,
            49,
            22
        ],
        [
            64,
            34,
            2
        ],
        [
            2,
            14,
            51,
            0,
            15,
            38,
            14
        ],
        [
            11,
            62,
            5,
            60,
            12,
            59
        ],
        [
            41,
            37,
            19,
            23,
            51,
            61,
            56,
            21,
            22,
            31
        ],
        [
            53,
            18,
            0,
            1,
            32,
            20,
            39,
            53,
            23
        ],
        [
            7,
            41,
            10,
            64,
            8,
            7,
            18
        ],
        [
            3,
            36,
            46,
            37
        ],
        [
            6,
            39,
            13,
            4,
            17,
            28,
            45
        ],
        [
            25,
            53,
            15,
            36,
            40,
            33,
            10,
            3,
            51
        ],
        [
            58,
            33,
            21,
            49,
            36,
            28,
            1,
            1,
            47,
            25
        ],
        [
            20,
            54,
            41,
            14,
            54,
            40,
            23,
            9,
            32
        ],
        [
            48,
            48,
            29,
            54,
            48,
            63,
            36,
            61
        ],
        [
            64,
            14
        ],
        [
            65,
            12,
            3,
            55
        ],
        [
            46,
            44,
            62,
            4,
            60,
            35
        ],
        [
            2,
            6,
            61,
            9,
            28,
            50,
            55
        ],
        [
            17,
            8,
            58,
            12,
            26,
            45,
            18
        ]
    ],
    "matching": {
        "0": 0,
        "1": 3,
        "2": 2,
        "3": 4,
        "4": 2,
        "5": 1,
        "6": 4,
        "7": 4,
        "8": 4,
        "9": 4,
        "10": 3,
        "11": 0,
        "12": 1,
        "13": 2,
        "14": 4,
        "15": 1,
        "16": 4,
        "17": 1,
        "18": 0,
        "19": 2,
        "20": 2,
        "21": 0,
        "22": 2,
        "23": 3,
        "24": 0,
        "25": 2,
        "26": 4,
        "27": 1,
        "28": 1,
        "29": 0,
        "30": 0,
        "31": 0,
        "32": 0,
        "33": 2,
        "34": 3,
        "35": 2,
        "36": 1,
        "37": 1,
        "38": 4,
        "39": 0,
        "40": 0,
        "41": 1,
        "42": 1,
        "43": 2,
        "44": 0,
        "45": 3,
        "46": 3,
        "47": 1,
        "48": 1,
        "49": 4,
        "50": 1,
        "51": 2,
        "52": 1,
        "53": 3,
        "54": 4,
        "55": 2,
        "56": 2,
        "57": 1,
        "58": 3,
        "59": 3,
        "60": 2,
        "61": 2,
        "62": 3,
        "63": 0,
        "64": 2,
        "65": 0
    },
    "lower_bound": 54.0
}