{
    "node_types": [
        "invoice",
        "sku",
        "zone"
    ],
    "edge_types": [
        "('invoice', 'requires', 'sku')",
        "('sku', 'located_at', 'zone')",
        "('sku', 'rev_requires', 'invoice')",
        "('zone', 'rev_located_at', 'sku')"
    ],
    "num_invoices": 33,
    "num_sku": 77,
    "num_zone": 5,
    "invoices": [
        [
            73,
            75,
            63,
            63,
            45,
            68,
            68,
            26,
            73,
            27
        ],
        [
            57,
            61,
            34,
            43,
            9,
            31,
            46
        ],
        [
            76,
            67,
            17
        ],
        [
            11,
            44
        ],
        [
            26,
            17,
            40,
            5,
            45,
            30,
            35
        ],
        [
            25,
            20,
            65,
            65,
            12,
            38
        ],
        [
            41,
            56,
            47,
            60,
            25,
            11,
            25
        ],
        [
            40,
            20,
            21,
            14
        ],
        [
            13,
            75,
            52,
            46,
            43,
            29
        ],
        [
            23,
            45,
            24,
            15,
            17,
            21,
            74
        ],
        [
            51,
            21,
            54,
            30,
            20,
            60
        ],
        [
            55,
            37,
            71,
            76,
            0,
            36,
            22
        ],
        [
            41,
            8,
            36,
            50,
            29
        ],
        [
            13,
            2,
            42,
            62,
            9,
            62,
            44
        ],
        [
            69,
            7,
            1
        ],
        [
            15,
            43,
            38,
            60,
            32,
            27,
            47,
            70,
            61
        ],
        [
            22,
            64,
            6,
            31,
            42,
            48
        ],
        [
            72,
            3,
            41,
            44,
            5,
            18,
            46,
            67,
            51,
            33,
            23,
            16
        ],
        [
            66,
            59,
            7,
            9,
            53
        ],
        [
            21,
            28,
            36,
            38,
            70,
            68
        ],
        [
            74,
            43,
            56,
            59,
            75,
            0,
            62,
            48,
            5,
            22
        ],
        [
            55,
            35,
            74,
            41,
            72,
            8,
            76,
            67
        ],
        [
            39,
            4,
            12,
            2,
            59
        ],
        [
            44,
            36,
            19,
            45,
            26,
            60,
            3,
            51,
            39,
            2,
            51,
            30
        ],
        [
            19,
            6,
            56,
            58,
            17,
            4,
            73,
            12,
            18,
            37
        ],
        [
            20,
            6,
            53,
            10,
            30,
            57
        ],
        [
            40,
            16,
            58,
            16,
            55,
            52,
            74,
            64,
            0,
            32,
            47,
            29
        ],
        [
            15,
            34,
            4,
            22,
            54,
            27,
            18,
            3
        ],
        [
            37,
            71,
            1,
            7,
            0,
            32,
            12,
            63,
            11
        ],
        [
            14,
            23,
            19,
            76,
            70,
            28,
            15,
            62,
            19,
            33,
            29,
            5
        ],
        [
            35,
            13,
            26,
            63,
            49,
            10,
            46,
            66,
            2
        ],
        [
            50,
            3,
            69,
            24,
            69,
            10
        ],
        [
            18,
            49,
            4,
            71
        ]
    ],
    "matching": {
        "0": 0,
        "1": 1,
        "2": 2,
        "3": 2,
        "4": 1,
        "5": 0,
        "6": 0,
        "7": 3,
        "8": 3,
        "9": 1,
        "10": 4,
        "11": 0,
        "12": 2,
        "13": 2,
        "14": 3,
        "15": 1,
        "16": 0,
        "17": 0,
        "18": 2,
        "19": 0,
        "20": 3,
        "21": 2,
        "22": 2,
        "23": 4,
        "24": 2,
        "25": 4,
        "26": 4,
        "27": 3,
        "28": 4,
        "29": 0,
        "30": 1,
        "31": 3,
        "32": 2,
        "33": 2,
        "34": 0,
        "35": 0,
        "36": 0,
        "37": 1,
        "38": 2,
        "39": 0,
        "40": 0,
        "41": 3,
        "42": 3,
        "43": 3,
        "44": 1,
        "45": 3,
        "46": 2,
        "47": 3,
        "48": 3,
        "49": 4,
        "50": 3,
        "51": 3,
        "52": 3,
        "53": 4,
        "54": 4,
        "55": 4,
        "56": 0,
        "57": 0,
        "58": 1,
        "59": 3,
        "60": 3,
        "61": 1,
        "62": 2,
        "63": 4,
        "64": 1,
        "65": 0,
        "66": 1,
        "67": 4,
        "68": 2,
        "69": 4,
        "70": 0,
        "71": 2,
        "72": 3,
        "73": 4,
        "74": 2,
        "75": 4,
        "76": 0
    },
    "lower_bound": 48.0
}