{
    "node_types": [
        "invoice",
        "sku",
        "zone"
    ],
    "edge_types": [
        "('invoice', 'requires', 'sku')",
        "('sku', 'located_at', 'zone')",
        "('sku', 'rev_requires', 'invoice')",
        "('zone', 'rev_located_at', 'sku')"
    ],
    "num_invoices": 33,
    "num_sku": 68,
    "num_zone": 5,
    "invoices": [
        [
            32,
            49,
            65,
            35,
            49,
            64,
            61,
            11
        ],
        [
            65,
            51,
            4,
            1,
            47
        ],
        [
            43,
            20,
            3,
            53,
            54,
            31,
            65,
            18,
            10,
            51
        ],
        [
            60,
            40
        ],
        [
            14,
            48,
            46,
            17,
            16,
            26
        ],
        [
            36,
            61,
            32
        ],
        [
            38,
            66,
            38,
            1,
            36,
            50,
            18,
            61,
            0
        ],
        [
            11,
            0,
            52
        ],
        [
            2,
            60,
            62,
            24,
            17,
            12
        ],
        [
            54,
            44,
            57,
            23,
            26,
            27,
            67,
            21,
            7
        ],
        [
            28,
            66,
            29
        ],
        [
            3,
            60,
            32,
            6,
            26,
            41,
            53,
            30,
            63,
            24,
            59
        ],
        [
            40,
            18,
            0,
            43,
            22,
            66,
            24,
            67,
            56
        ],
        [
            20,
            22,
            33,
            16
        ],
        [
            2,
            1,
            8,
            29,
            4,
            39
        ],
        [
            52,
            48,
            43,
            33,
            25,
            37
        ],
        [
            53,
            42,
            23,
            40,
            33,
            12,
            6,
            8,
            55,
            8
        ],
        [
            57,
            12,
            21,
            44,
            9,
            32,
            11,
            35
        ],
        [
            53,
            7,
            9,
            65,
            5,
            9
        ],
        [
            39,
            28,
            66,
            62,
            19,
            56,
            34,
            58,
            21,
            25
        ],
        [
            48,
            44,
            63,
            42,
            42,
            4,
            15
        ],
        [
            67,
            57,
            13,
            26,
            20
        ],
        [
            62,
            15,
            37,
            3,
            41,
            27,
            44,
            45,
            4,
            14
        ],
        [
            54,
            52,
            7
        ],
        [
            59,
            31,
            34,
            5,
            58,
            67,
            30
        ],
        [
            43,
            11,
            57,
            10
        ],
        [
            20,
            27,
            14,
            63,
            13,
            38
        ],
        [
            64,
            31,
            63,
            45,
            2,
            23,
            58
        ],
        [
            12,
            19,
            47,
            64,
            7,
            23,
            2
        ],
        [
            41,
            15,
            35,
            0,
            19,
            55
        ],
        [
            58,
            46,
            39
        ],
        [
            47,
            31,
            52,
            56,
            49,
            18,
            50,
            16
        ],
        [
            15,
            5,
            24
        ]
    ],
    "matching": {
        "0": 4,
        "1": 3,
        "2": 2,
        "3": 3,
        "4": 2,
        "5": 1,
        "6": 0,
        "7": 1,
        "8": 2,
        "9": 0,
        "10": 2,
        "11": 4,
        "12": 1,
        "13": 2,
        "14": 0,
        "15": 0,
        "16": 3,
        "17": 3,
        "18": 2,
        "19": 4,
        "20": 1,
        "21": 0,
        "22": 2,
        "23": 3,
        "24": 0,
        "25": 4,
        "26": 1,
        "27": 4,
        "28": 1,
        "29": 1,
        "30": 0,
        "31": 1,
        "32": 4,
        "33": 0,
        "34": 4,
        "35": 4,
        "36": 4,
        "37": 1,
        "38": 4,
        "39": 2,
        "40": 4,
        "41": 3,
        "42": 4,
        "43": 0,
        "44": 0,
        "45": 1,
        "46": 2,
        "47": 2,
        "48": 2,
        "49": 2,
        "50": 0,
        "51": 1,
        "52": 1,
        "53": 4,
        "54": 2,
        "55": 4,
        "56": 2,
        "57": 4,
        "58": 0,
        "59": 2,
        "60": 0,
        "61": 2,
        "62": 4,
        "63": 4,
        "64": 0,
        "65": 3,
        "66": 4,
        "67": 4
    },
    "lower_bound": 45.0
}