{
    "node_types": [
        "invoice",
        "sku",
        "zone"
    ],
    "edge_types": [
        "('invoice', 'requires', 'sku')",
        "('sku', 'located_at', 'zone')",
        "('sku', 'rev_requires', 'invoice')",
        "('zone', 'rev_located_at', 'sku')"
    ],
    "num_invoices": 26,
    "num_sku": 83,
    "num_zone": 5,
    "invoices": [
        [
            3,
            53,
            79,
            30,
            25,
            65,
            66,
            45,
            48,
            61,
            79
        ],
        [
            62,
            16,
            1,
            78,
            22
        ],
        [
            30,
            54,
            76,
            38,
            56,
            18,
            50,
            70
        ],
        [
            56,
            81,
            17,
            63,
            70,
            55,
            6,
            64,
            38,
            78,
            8
        ],
        [
            1,
            29,
            26,
            67,
            12,
            52,
            11,
            34,
            58,
            79,
            72,
            50,
            66,
            35,
            30,
            13,
            4,
            0
        ],
        [
            9,
            81,
            43,
            70,
            55,
            65,
            24,
            82
        ],
        [
            28,
            19,
            20,
            10,
            49,
            58,
            59,
            6,
            7
        ],
        [
            31,
            24,
            25,
            58,
            33,
            71,
            37,
            68,
            4,
            81,
            70,
            80
        ],
        [
            31,
            3,
            54,
            36,
            55,
            12,
            18,
            29
        ],
        [
            43,
            1,
            20,
            29,
            40,
            75,
            50,
            80,
            64,
            60,
            46,
            26
        ],
        [
            27,
            69,
            77,
            66,
            73,
            52,
            17,
            5,
            75,
            32
        ],
        [
            23,
            67
        ],
        [
            43,
            9,
            64,
            22,
            55
        ],
        [
            48,
            68,
            34,
            28,
            39,
            44,
            35,
            42
        ],
        [
            49,
            73,
            23,
            46,
            76,
            27
        ],
        [
            36,
            61,
            12,
            53,
            21,
            42,
            18,
            73,
            15,
            33,
            35,
            5,
            57
        ],
        [
            59,
            81,
            39,
            72,
            11,
            34,
            52,
            15,
            80,
            71
        ],
        [
            44,
            0,
            58,
            7,
            56,
            82,
            20,
            69,
            42
        ],
        [
            3,
            57,
            77,
            40,
            33,
            77,
            22,
            35,
            72,
            5,
            26
        ],
        [
            27,
            41,
            16,
            65,
            75,
            8,
            46,
            36,
            39,
            18,
            31,
            32
        ],
        [
            24,
            1,
            51,
            10,
            25,
            29,
            2
        ],
        [
            16,
            16,
            41,
            25,
            71,
            37,
            13,
            31
        ],
        [
            45,
            65,
            37,
            82,
            38,
            63,
            40,
            21
        ],
        [
            72,
            21,
            14,
            41,
            4,
            10,
            74,
            2,
            60,
            82,
            43,
            14
        ],
        [
            51,
            74,
            32,
            12,
            2,
            41
        ],
        [
            80,
            4,
            53,
            47,
            62,
            24,
            67,
            62,
            19,
            47,
            66
        ]
    ],
    "matching": {
        "0": 4,
        "1": 0,
        "2": 0,
        "3": 4,
        "4": 3,
        "5": 0,
        "6": 4,
        "7": 4,
        "8": 3,
        "9": 1,
        "10": 0,
        "11": 1,
        "12": 2,
        "13": 1,
        "14": 1,
        "15": 0,
        "16": 1,
        "17": 1,
        "18": 1,
        "19": 0,
        "20": 1,
        "21": 3,
        "22": 1,
        "23": 1,
        "24": 3,
        "25": 3,
        "26": 2,
        "27": 3,
        "28": 3,
        "29": 3,
        "30": 3,
        "31": 2,
        "32": 0,
        "33": 1,
        "34": 2,
        "35": 1,
        "36": 4,
        "37": 1,
        "38": 4,
        "39": 2,
        "40": 2,
        "41": 4,
        "42": 3,
        "43": 2,
        "44": 4,
        "45": 3,
        "46": 3,
        "47": 0,
        "48": 1,
        "49": 0,
        "50": 0,
        "51": 0,
        "52": 4,
        "53": 4,
        "54": 0,
        "55": 4,
        "56": 3,
        "57": 3,
        "58": 3,
        "59": 0,
        "60": 3,
        "61": 2,
        "62": 3,
        "63": 3,
        "64": 2,
        "65": 4,
        "66": 0,
        "67": 0,
        "68": 1,
        "69": 0,
        "70": 3,
        "71": 3,
        "72": 4,
        "73": 3,
        "74": 4,
        "75": 3,
        "76": 4,
        "77": 1,
        "78": 2,
        "79": 2,
        "80": 3,
        "81": 1,
        "82": 4
    },
    "lower_bound": 66.0
}