{
    "node_types": [
        "invoice",
        "sku",
        "zone"
    ],
    "edge_types": [
        "('invoice', 'requires', 'sku')",
        "('sku', 'located_at', 'zone')",
        "('sku', 'rev_requires', 'invoice')",
        "('zone', 'rev_located_at', 'sku')"
    ],
    "num_invoices": 27,
    "num_sku": 66,
    "num_zone": 5,
    "invoices": [
        [
            33,
            19,
            55,
            12,
            50,
            51,
            58,
            11
        ],
        [
            49,
            36,
            1,
            58,
            27
        ],
        [
            5,
            2,
            19,
            17,
            14,
            29
        ],
        [
            59,
            23,
            6,
            49,
            0
        ],
        [
            20,
            22,
            24,
            40,
            64,
            38,
            8,
            6,
            8,
            33
        ],
        [
            32,
            32,
            39,
            43,
            45,
            31
        ],
        [
            37,
            12,
            27,
            0,
            29,
            59,
            10,
            41,
            15,
            40
        ],
        [
            62,
            10,
            40,
            21,
            11,
            11
        ],
        [
            3,
            43,
            49,
            7
        ],
        [
            60,
            16,
            28,
            42,
            18,
            53,
            64,
            36,
            13,
            65
        ],
        [
            42,
            14,
            65,
            8,
            64,
            47,
            42,
            57,
            6,
            13,
            57,
            35,
            52,
            9
        ],
        [
            26,
            34,
            57,
            40,
            1,
            46
        ],
        [
            28,
            30,
            17,
            38
        ],
        [
            7,
            51,
            35,
            58,
            56,
            25,
            55,
            4,
            62
        ],
        [
            60,
            21,
            35,
            33,
            17,
            54,
            50,
            44,
            65
        ],
        [
            9,
            59,
            0,
            11,
            41,
            65,
            30,
            28,
            10,
            2
        ],
        [
            30,
            21,
            48,
            26,
            5,
            27
        ],
        [
            41,
            39,
            14,
            50,
            29
        ],
        [
            56
        ],
        [
            1,
            53,
            25,
            54,
            9,
            42,
            47,
            61,
            54,
            63,
            13,
            4
        ],
        [
            51,
            20,
            2,
            50,
            33,
            52,
            23
        ],
        [
            63,
            45,
            48,
            54,
            22,
            36,
            46,
            47,
            63
        ],
        [
            13,
            25,
            15,
            35,
            22,
            53
        ],
        [
            41,
            0,
            44,
            31,
            24,
            23,
            46,
            34
        ],
        [
            20,
            37,
            61,
            9,
            37,
            12
        ],
        [
            16,
            51,
            37,
            23,
            17,
            24,
            48,
            46
        ],
        [
            57,
            5,
            62,
            19,
            18,
            38,
            3,
            30
        ]
    ],
    "matching": {
        "0": 4,
        "1": 3,
        "2": 3,
        "3": 4,
        "4": 3,
        "5": 3,
        "6": 3,
        "7": 1,
        "8": 0,
        "9": 2,
        "10": 3,
        "11": 1,
        "12": 3,
        "13": 4,
        "14": 3,
        "15": 1,
        "16": 4,
        "17": 4,
        "18": 4,
        "19": 2,
        "20": 0,
        "21": 2,
        "22": 0,
        "23": 0,
        "24": 0,
        "25": 3,
        "26": 2,
        "27": 1,
        "28": 2,
        "29": 2,
        "30": 1,
        "31": 0,
        "32": 1,
        "33": 2,
        "34": 3,
        "35": 3,
        "36": 1,
        "37": 4,
        "38": 4,
        "39": 4,
        "40": 4,
        "41": 3,
        "42": 4,
        "43": 1,
        "44": 3,
        "45": 0,
        "46": 2,
        "47": 3,
        "48": 4,
        "49": 1,
        "50": 2,
        "51": 2,
        "52": 0,
        "53": 4,
        "54": 4,
        "55": 0,
        "56": 0,
        "57": 2,
        "58": 0,
        "59": 4,
        "60": 3,
        "61": 2,
        "62": 2,
        "63": 2,
        "64": 4,
        "65": 0
    },
    "lower_bound": 54.0
}