{
    "node_types": [
        "invoice",
        "sku",
        "zone"
    ],
    "edge_types": [
        "('invoice', 'requires', 'sku')",
        "('sku', 'located_at', 'zone')",
        "('sku', 'rev_requires', 'invoice')",
        "('zone', 'rev_located_at', 'sku')"
    ],
    "num_invoices": 34,
    "num_sku": 75,
    "num_zone": 5,
    "invoices": [
        [
            20,
            18,
            59,
            36,
            23,
            55,
            60
        ],
        [
            14,
            58,
            4,
            50,
            15,
            61,
            51,
            41
        ],
        [
            0,
            56,
            28,
            22,
            70
        ],
        [
            72
        ],
        [
            37,
            57,
            37
        ],
        [
            2,
            13,
            44,
            73,
            67,
            47,
            62,
            48,
            23
        ],
        [
            30,
            63,
            69,
            39,
            5,
            71,
            54,
            47,
            71
        ],
        [
            9,
            35,
            68,
            35,
            42,
            6,
            46
        ],
        [
            27,
            29,
            34,
            46,
            5,
            65,
            14,
            36,
            53
        ],
        [
            40,
            37,
            34,
            3,
            61,
            66
        ],
        [
            7,
            48,
            35,
            17,
            57,
            43,
            24,
            42,
            2,
            17
        ],
        [
            40,
            32,
            17,
            66,
            7,
            6,
            38
        ],
        [
            31,
            49,
            58,
            74,
            14,
            11
        ],
        [
            20,
            6,
            27,
            73,
            64,
            59,
            32,
            24,
            15,
            40,
            70
        ],
        [
            74,
            1,
            0,
            43
        ],
        [
            39,
            13,
            16
        ],
        [
            45,
            12,
            4,
            16,
            59,
            0,
            17,
            60,
            21,
            41,
            21,
            46
        ],
        [
            57,
            25,
            36,
            72,
            33
        ],
        [
            23,
            25,
            20,
            33,
            72,
            40,
            69,
            8,
            71,
            10,
            28
        ],
        [
            11,
            68,
            63,
            39
        ],
        [
            56,
            19,
            5,
            8,
            12,
            20
        ],
        [
            71,
            68,
            44
        ],
        [
            10,
            31,
            14,
            16,
            59,
            3,
            16,
            19
        ],
        [
            54,
            46,
            29
        ],
        [
            56,
            63,
            65,
            13,
            19,
            44
        ],
        [
            45,
            65,
            67,
            45,
            9,
            66
        ],
        [
            9,
            32,
            1,
            18,
            11,
            2,
            30
        ],
        [
            50,
            21,
            18,
            26,
            53,
            5,
            42
        ],
        [
            13,
            18,
            38,
            50,
            64,
            55,
            36,
            51,
            27,
            3
        ],
        [
            52,
            15
        ],
        [
            47,
            64,
            56,
            25,
            69,
            47,
            26,
            48,
            58,
            52
        ],
        [
            57,
            44,
            62,
            39,
            30,
            7
        ],
        [
            37,
            58
        ],
        [
            63,
            10,
            11,
            49,
            22,
            26,
            55,
            21,
            60,
            65
        ]
    ],
    "matching": {
        "0": 4,
        "1": 3,
        "2": 1,
        "3": 0,
        "4": 4,
        "5": 2,
        "6": 0,
        "7": 3,
        "8": 3,
        "9": 2,
        "10": 1,
        "11": 4,
        "12": 4,
        "13": 1,
        "14": 4,
        "15": 2,
        "16": 2,
        "17": 3,
        "18": 2,
        "19": 4,
        "20": 3,
        "21": 4,
        "22": 2,
        "23": 2,
        "24": 3,
        "25": 1,
        "26": 2,
        "27": 3,
        "28": 3,
        "29": 0,
        "30": 0,
        "31": 4,
        "32": 1,
        "33": 2,
        "34": 0,
        "35": 4,
        "36": 4,
        "37": 2,
        "38": 2,
        "39": 0,
        "40": 0,
        "41": 0,
        "42": 0,
        "43": 0,
        "44": 1,
        "45": 0,
        "46": 4,
        "47": 1,
        "48": 2,
        "49": 4,
        "50": 4,
        "51": 0,
        "52": 0,
        "53": 4,
        "54": 4,
        "55": 3,
        "56": 3,
        "57": 4,
        "58": 2,
        "59": 3,
        "60": 3,
        "61": 3,
        "62": 0,
        "63": 0,
        "64": 0,
        "65": 1,
        "66": 0,
        "67": 3,
        "68": 3,
        "69": 0,
        "70": 0,
        "71": 0,
        "72": 4,
        "73": 3,
        "74": 1
    },
    "lower_bound": 48.0
}