{
    "node_types": [
        "invoice",
        "sku",
        "zone"
    ],
    "edge_types": [
        "('invoice', 'requires', 'sku')",
        "('sku', 'located_at', 'zone')",
        "('sku', 'rev_requires', 'invoice')",
        "('zone', 'rev_located_at', 'sku')"
    ],
    "num_invoices": 27,
    "num_sku": 56,
    "num_zone": 5,
    "invoices": [
        [
            15,
            9,
            36,
            49
        ],
        [
            49
        ],
        [
            54,
            44,
            25,
            52
        ],
        [
            11,
            45,
            21,
            53,
            28,
            39
        ],
        [
            12,
            13,
            18,
            26,
            21,
            30,
            18,
            17,
            10,
            18
        ],
        [
            55,
            29,
            8,
            31,
            44,
            38
        ],
        [
            4,
            13,
            1
        ],
        [
            48,
            28,
            44,
            44,
            12,
            45,
            52,
            27,
            27,
            23
        ],
        [
            19,
            43,
            47,
            21,
            46,
            51
        ],
        [
            46,
            9,
            54,
            19,
            17,
            47,
            29
        ],
        [
            35,
            0,
            32,
            28
        ],
        [
            49,
            33,
            0,
            30,
            14,
            4,
            51,
            1,
            4
        ],
        [
            22,
            3,
            37,
            46,
            38,
            43,
            20,
            16,
            5
        ],
        [
            20,
            42,
            26,
            7,
            50
        ],
        [
            22,
            53,
            11,
            39,
            39
        ],
        [
            25,
            53,
            41,
            26,
            39,
            6,
            53,
            41,
            40,
            12,
            55
        ],
        [
            24,
            24,
            15,
            1,
            55
        ],
        [
            5,
            3
        ],
        [
            21,
            2,
            23,
            14
        ],
        [
            16,
            41,
            32,
            0,
            8,
            9,
            16
        ],
        [
            25,
            11,
            35,
            16,
            15,
            15,
            3,
            46,
            50
        ],
        [
            33,
            48,
            31,
            54,
            38
        ],
        [
            25,
            34,
            7,
            51,
            20,
            27,
            52,
            7,
            13
        ],
        [
            37,
            24,
            45,
            0,
            4
        ],
        [
            2,
            5,
            37,
            28,
            42,
            40,
            45,
            18
        ],
        [
            10,
            34,
            36
        ],
        [
            6,
            19
        ]
    ],
    "matching": {
        "0": 3,
        "1": 0,
        "2": 0,
        "3": 3,
        "4": 1,
        "5": 1,
        "6": 2,
        "7": 1,
        "8": 0,
        "9": 1,
        "10": 4,
        "11": 2,
        "12": 0,
        "13": 2,
        "14": 2,
        "15": 2,
        "16": 0,
        "17": 3,
        "18": 2,
        "19": 4,
        "20": 4,
        "21": 1,
        "22": 0,
        "23": 4,
        "24": 1,
        "25": 3,
        "26": 1,
        "27": 4,
        "28": 4,
        "29": 1,
        "30": 3,
        "31": 0,
        "32": 0,
        "33": 2,
        "34": 1,
        "35": 1,
        "36": 2,
        "37": 4,
        "38": 3,
        "39": 1,
        "40": 1,
        "41": 1,
        "42": 0,
        "43": 1,
        "44": 4,
        "45": 2,
        "46": 0,
        "47": 3,
        "48": 3,
        "49": 4,
        "50": 4,
        "51": 4,
        "52": 4,
        "53": 4,
        "54": 4,
        "55": 4
    },
    "lower_bound": 45.0
}