{
    "node_types": [
        "invoice",
        "sku",
        "zone"
    ],
    "edge_types": [
        "('invoice', 'requires', 'sku')",
        "('sku', 'located_at', 'zone')",
        "('sku', 'rev_requires', 'invoice')",
        "('zone', 'rev_located_at', 'sku')"
    ],
    "num_invoices": 29,
    "num_sku": 88,
    "num_zone": 5,
    "invoices": [
        [
            80,
            34,
            72,
            73,
            36,
            30,
            67,
            9,
            74,
            82,
            8,
            20,
            67
        ],
        [
            60,
            14,
            64,
            44,
            84,
            1,
            87,
            21,
            79
        ],
        [
            80,
            7,
            11,
            50,
            69,
            35,
            72,
            9,
            61,
            30,
            35
        ],
        [
            1,
            51,
            18,
            78,
            21,
            17,
            50
        ],
        [
            25,
            75,
            43,
            73,
            52,
            63,
            54,
            2,
            45
        ],
        [
            45,
            57,
            19,
            48
        ],
        [
            37,
            50,
            63,
            11
        ],
        [
            56,
            29,
            34,
            84,
            34,
            17,
            0,
            68,
            3
        ],
        [
            77,
            77,
            86,
            31,
            55,
            4,
            9,
            28,
            60
        ],
        [
            51,
            66,
            25,
            52,
            58,
            70,
            81,
            66
        ],
        [
            19,
            74,
            30,
            22,
            71,
            41,
            60,
            19,
            62,
            15
        ],
        [
            48,
            33,
            43,
            22,
            57
        ],
        [
            78,
            86,
            42,
            40,
            54,
            2,
            39,
            37
        ],
        [
            32,
            83,
            4,
            8,
            26,
            19,
            32,
            69,
            44,
            20,
            5,
            14,
            40,
            31
        ],
        [
            62,
            12,
            77,
            0,
            71
        ],
        [
            16,
            52,
            11,
            41,
            37,
            74,
            32,
            54,
            12
        ],
        [
            79,
            74,
            50,
            79
        ],
        [
            10,
            82,
            3,
            71,
            38,
            54
        ],
        [
            64,
            28,
            29,
            82,
            31,
            4
        ],
        [
            56,
            29,
            83,
            42
        ],
        [
            56,
            47,
            18,
            36,
            47,
            85,
            67,
            87
        ],
        [
            76,
            38,
            83,
            33
        ],
        [
            78,
            26,
            18,
            57,
            78,
            13,
            26,
            6,
            17,
            53,
            12,
            5,
            87,
            23,
            70,
            7
        ],
        [
            51,
            2,
            76
        ],
        [
            48,
            12,
            64,
            55,
            67,
            65,
            81,
            85,
            69,
            52,
            1,
            71,
            66,
            70,
            49
        ],
        [
            44,
            4,
            87,
            57,
            59,
            35,
            61,
            32,
            75,
            13,
            68,
            58
        ],
        [
            46,
            6,
            1,
            8,
            66,
            43,
            14,
            15,
            86,
            16,
            8,
            65,
            17,
            56,
            39
        ],
        [
            41,
            44,
            11,
            3,
            49,
            20,
            53,
            82,
            64,
            27,
            23,
            0,
            10
        ],
        [
            46,
            59,
            62,
            77,
            24,
            86,
            24,
            70,
            27,
            15
        ]
    ],
    "matching": {
        "0": 3,
        "1": 0,
        "2": 2,
        "3": 2,
        "4": 1,
        "5": 2,
        "6": 0,
        "7": 0,
        "8": 0,
        "9": 4,
        "10": 1,
        "11": 4,
        "12": 1,
        "13": 4,
        "14": 1,
        "15": 2,
        "16": 0,
        "17": 1,
        "18": 4,
        "19": 1,
        "20": 1,
        "21": 1,
        "22": 0,
        "23": 4,
        "24": 3,
        "25": 1,
        "26": 1,
        "27": 4,
        "28": 2,
        "29": 1,
        "30": 3,
        "31": 0,
        "32": 4,
        "33": 1,
        "34": 3,
        "35": 3,
        "36": 0,
        "37": 1,
        "38": 1,
        "39": 4,
        "40": 0,
        "41": 4,
        "42": 4,
        "43": 1,
        "44": 2,
        "45": 2,
        "46": 2,
        "47": 1,
        "48": 3,
        "49": 0,
        "50": 2,
        "51": 4,
        "52": 1,
        "53": 1,
        "54": 2,
        "55": 0,
        "56": 0,
        "57": 1,
        "58": 4,
        "59": 2,
        "60": 2,
        "61": 1,
        "62": 1,
        "63": 4,
        "64": 3,
        "65": 0,
        "66": 3,
        "67": 0,
        "68": 0,
        "69": 3,
        "70": 0,
        "71": 2,
        "72": 4,
        "73": 2,
        "74": 3,
        "75": 0,
        "76": 1,
        "77": 2,
        "78": 1,
        "79": 0,
        "80": 4,
        "81": 1,
        "82": 2,
        "83": 4,
        "84": 0,
        "85": 3,
        "86": 2,
        "87": 4
    },
    "lower_bound": 60.0
}