{
    "node_types": [
        "invoice",
        "sku",
        "zone"
    ],
    "edge_types": [
        "('invoice', 'requires', 'sku')",
        "('sku', 'located_at', 'zone')",
        "('sku', 'rev_requires', 'invoice')",
        "('zone', 'rev_located_at', 'sku')"
    ],
    "num_invoices": 27,
    "num_sku": 60,
    "num_zone": 5,
    "invoices": [
        [
            5,
            31,
            30,
            48,
            51,
            7
        ],
        [
            6,
            35,
            8,
            11,
            44
        ],
        [
            34,
            56,
            53,
            38,
            29,
            49,
            44
        ],
        [
            17,
            46,
            25,
            7,
            43
        ],
        [
            30,
            51,
            23,
            59,
            52,
            11,
            43,
            17,
            40,
            53
        ],
        [
            27,
            28,
            37,
            57,
            48,
            29,
            39,
            37,
            58,
            2,
            50
        ],
        [
            46,
            25,
            45,
            41
        ],
        [
            38,
            20,
            51,
            53,
            0,
            26,
            27,
            51
        ],
        [
            14,
            8,
            35
        ],
        [
            18,
            19
        ],
        [
            12,
            37,
            5,
            26,
            33,
            20,
            59,
            40
        ],
        [
            39,
            22,
            2,
            25
        ],
        [
            50,
            2,
            10,
            22
        ],
        [
            4,
            13,
            47,
            54
        ],
        [
            18,
            22,
            41,
            42,
            32,
            1,
            45,
            0,
            16,
            20
        ],
        [
            55,
            24,
            31,
            1,
            45
        ],
        [
            26,
            23,
            49,
            52
        ],
        [
            11,
            43,
            27,
            0,
            31,
            36,
            24,
            5,
            56
        ],
        [
            6,
            52,
            10,
            10,
            40,
            59,
            29,
            48,
            36
        ],
        [
            57,
            3,
            3,
            49,
            28,
            49
        ],
        [
            38,
            13,
            32,
            21,
            52,
            38,
            59
        ],
        [
            7,
            30,
            32,
            33,
            54,
            41,
            15,
            26,
            10,
            58
        ],
        [
            55,
            2,
            5,
            14,
            27,
            4,
            0,
            56,
            9
        ],
        [
            15,
            16,
            23,
            47,
            36,
            3,
            18,
            6,
            9,
            19
        ],
        [
            42,
            15,
            12,
            21
        ],
        [
            11,
            12,
            57,
            55,
            34,
            57,
            55
        ],
        [
            48,
            18,
            43,
            50
        ]
    ],
    "matching": {
        "0": 0,
        "1": 3,
        "2": 2,
        "3": 4,
        "4": 4,
        "5": 3,
        "6": 4,
        "7": 0,
        "8": 1,
        "9": 2,
        "10": 0,
        "11": 4,
        "12": 3,
        "13": 2,
        "14": 0,
        "15": 1,
        "16": 0,
        "17": 3,
        "18": 4,
        "19": 4,
        "20": 2,
        "21": 3,
        "22": 0,
        "23": 2,
        "24": 4,
        "25": 1,
        "26": 3,
        "27": 4,
        "28": 3,
        "29": 0,
        "30": 1,
        "31": 0,
        "32": 1,
        "33": 1,
        "34": 4,
        "35": 0,
        "36": 0,
        "37": 4,
        "38": 3,
        "39": 3,
        "40": 0,
        "41": 2,
        "42": 1,
        "43": 4,
        "44": 2,
        "45": 1,
        "46": 1,
        "47": 0,
        "48": 4,
        "49": 4,
        "50": 3,
        "51": 4,
        "52": 0,
        "53": 1,
        "54": 3,
        "55": 1,
        "56": 2,
        "57": 1,
        "58": 0,
        "59": 1
    },
    "lower_bound": 45.0
}