{
    "node_types": [
        "invoice",
        "sku",
        "zone"
    ],
    "edge_types": [
        "('invoice', 'requires', 'sku')",
        "('sku', 'located_at', 'zone')",
        "('sku', 'rev_requires', 'invoice')",
        "('zone', 'rev_located_at', 'sku')"
    ],
    "num_invoices": 27,
    "num_sku": 80,
    "num_zone": 5,
    "invoices": [
        [
            78,
            63,
            20,
            41,
            58,
            35,
            31,
            57,
            27,
            0,
            26
        ],
        [
            74,
            34,
            36,
            22,
            7,
            43,
            4,
            17,
            56,
            13,
            69,
            52
        ],
        [
            53,
            55,
            32,
            69,
            77
        ],
        [
            21,
            16,
            35,
            39
        ],
        [
            64,
            67,
            50,
            12,
            29,
            31
        ],
        [
            26,
            41,
            28,
            24,
            77,
            1,
            62,
            9,
            24,
            16,
            61,
            48,
            73,
            33,
            15
        ],
        [
            11,
            70,
            32,
            62,
            33,
            76,
            59,
            62,
            38,
            4,
            23
        ],
        [
            8,
            18,
            30,
            2,
            66,
            47,
            68,
            71,
            22,
            51
        ],
        [
            10,
            23,
            37,
            10,
            42,
            43,
            63,
            63,
            39
        ],
        [
            53,
            37,
            78,
            41,
            69,
            49,
            40
        ],
        [
            4,
            52,
            52,
            37
        ],
        [
            78,
            70,
            13,
            34,
            43,
            78,
            7,
            0,
            33
        ],
        [
            60,
            21,
            53,
            65,
            3,
            17,
            27,
            59,
            66,
            43,
            36
        ],
        [
            56,
            64,
            6,
            39,
            19
        ],
        [
            20,
            79,
            25,
            27,
            14,
            17,
            27,
            13,
            17,
            61,
            75,
            49,
            10
        ],
        [
            57,
            5,
            24,
            8,
            73,
            25,
            48,
            26,
            38,
            19,
            72,
            46
        ],
        [
            71,
            29,
            53,
            73,
            25,
            25,
            54,
            9
        ],
        [
            45,
            46,
            28,
            12,
            12,
            34,
            65,
            10
        ],
        [
            22,
            28,
            4,
            75,
            8,
            76,
            14
        ],
        [
            68,
            51,
            15,
            0,
            42,
            74,
            54,
            46,
            41
        ],
        [
            7,
            60,
            54,
            15,
            14,
            79,
            44,
            19,
            12,
            14,
            5
        ],
        [
            45,
            6,
            61,
            66,
            40,
            75,
            45,
            29,
            58,
            1
        ],
        [
            16,
            55,
            66,
            26,
            5,
            0,
            74,
            65,
            47,
            60,
            15
        ],
        [
            39,
            56,
            44,
            50,
            67,
            64,
            22,
            50,
            31,
            33,
            70
        ],
        [
            55,
            74,
            68,
            44,
            30,
            37
        ],
        [
            35,
            2,
            8,
            11,
            55,
            19,
            75,
            72,
            49,
            71
        ],
        [
            79,
            23,
            18,
            50,
            3,
            73,
            56,
            71,
            60,
            69
        ]
    ],
    "matching": {
        "0": 3,
        "1": 2,
        "2": 2,
        "3": 2,
        "4": 3,
        "5": 2,
        "6": 3,
        "7": 4,
        "8": 3,
        "9": 4,
        "10": 0,
        "11": 2,
        "12": 4,
        "13": 3,
        "14": 0,
        "15": 0,
        "16": 1,
        "17": 2,
        "18": 2,
        "19": 0,
        "20": 4,
        "21": 2,
        "22": 4,
        "23": 0,
        "24": 3,
        "25": 0,
        "26": 4,
        "27": 4,
        "28": 1,
        "29": 0,
        "30": 1,
        "31": 2,
        "32": 1,
        "33": 3,
        "34": 3,
        "35": 4,
        "36": 0,
        "37": 1,
        "38": 1,
        "39": 2,
        "40": 0,
        "41": 3,
        "42": 2,
        "43": 0,
        "44": 3,
        "45": 2,
        "46": 3,
        "47": 2,
        "48": 1,
        "49": 1,
        "50": 2,
        "51": 3,
        "52": 2,
        "53": 1,
        "54": 2,
        "55": 3,
        "56": 1,
        "57": 3,
        "58": 1,
        "59": 4,
        "60": 1,
        "61": 2,
        "62": 4,
        "63": 4,
        "64": 3,
        "65": 3,
        "66": 3,
        "67": 0,
        "68": 1,
        "69": 3,
        "70": 0,
        "71": 4,
        "72": 4,
        "73": 0,
        "74": 4,
        "75": 0,
        "76": 1,
        "77": 3,
        "78": 0,
        "79": 0
    },
    "lower_bound": 57.0
}