{
    "node_types": [
        "invoice",
        "sku",
        "zone"
    ],
    "edge_types": [
        "('invoice', 'requires', 'sku')",
        "('sku', 'located_at', 'zone')",
        "('sku', 'rev_requires', 'invoice')",
        "('zone', 'rev_located_at', 'sku')"
    ],
    "num_invoices": 30,
    "num_sku": 97,
    "num_zone": 5,
    "invoices": [
        [
            47,
            89,
            55,
            87,
            20,
            88,
            0,
            53,
            30,
            10,
            45,
            59,
            41
        ],
        [
            60,
            58,
            64,
            29,
            59,
            61,
            88,
            72
        ],
        [
            6,
            13,
            26,
            14,
            39,
            55,
            53,
            78
        ],
        [
            73,
            33,
            40,
            60,
            1,
            93,
            5,
            82,
            88,
            33,
            74,
            34,
            81,
            0,
            32,
            57,
            90,
            39
        ],
        [
            84,
            20,
            52,
            91,
            52,
            9,
            75,
            57,
            13
        ],
        [
            77,
            27,
            42,
            30,
            37,
            84
        ],
        [
            15,
            45,
            38,
            57,
            96,
            74,
            52,
            86,
            63,
            66,
            25,
            53,
            3,
            14,
            24
        ],
        [
            27,
            25,
            78,
            27,
            35,
            35,
            8,
            85,
            33,
            94,
            16
        ],
        [
            56,
            61,
            43,
            10,
            30,
            16
        ],
        [
            68,
            76,
            95,
            32,
            83,
            12,
            22
        ],
        [
            38,
            19,
            43,
            69,
            59
        ],
        [
            36,
            51,
            16,
            42,
            15,
            31,
            39,
            80,
            2,
            35,
            89,
            71
        ],
        [
            15,
            26,
            21,
            22,
            24,
            38,
            31,
            45,
            6
        ],
        [
            58,
            66,
            94,
            15,
            81,
            7,
            82,
            73,
            7,
            2,
            96,
            36,
            4
        ],
        [
            82,
            87,
            81,
            40,
            64,
            78,
            79,
            13
        ],
        [
            94,
            23,
            32,
            83,
            2,
            76,
            80,
            36,
            72,
            55,
            19
        ],
        [
            37,
            65,
            1,
            86,
            72,
            95,
            93,
            54
        ],
        [
            30,
            67,
            33,
            23,
            46,
            78,
            41
        ],
        [
            73,
            35,
            77,
            61,
            9,
            51,
            53,
            16,
            19,
            91
        ],
        [
            4,
            18,
            90,
            43,
            17,
            46,
            26,
            63
        ],
        [
            95,
            74,
            79,
            0,
            77,
            14,
            61,
            32,
            69,
            66
        ],
        [
            43,
            95,
            7,
            11,
            92,
            85,
            77,
            41,
            75
        ],
        [
            17,
            3,
            60,
            3,
            42,
            8,
            5,
            68,
            49,
            63,
            21
        ],
        [
            70,
            92,
            83,
            94,
            93,
            36,
            65,
            40,
            71,
            89,
            34,
            44
        ],
        [
            24,
            71,
            70,
            48,
            85,
            50,
            83,
            68,
            49,
            84,
            62,
            62
        ],
        [
            81,
            41,
            31,
            4,
            11,
            73,
            9,
            29,
            92,
            47,
            88
        ],
        [
            51,
            48,
            84,
            63,
            64,
            56,
            44,
            4,
            34
        ],
        [
            67,
            59,
            50,
            10,
            40,
            55,
            44,
            13,
            66,
            23,
            28,
            44
        ],
        [
            96,
            38,
            8,
            18,
            23,
            71,
            8
        ],
        [
            76,
            50,
            20,
            28,
            24,
            47,
            12,
            54
        ]
    ],
    "matching": {
        "0": 2,
        "1": 2,
        "2": 1,
        "3": 4,
        "4": 3,
        "5": 2,
        "6": 2,
        "7": 2,
        "8": 1,
        "9": 0,
        "10": 1,
        "11": 0,
        "12": 0,
        "13": 3,
        "14": 2,
        "15": 3,
        "16": 1,
        "17": 1,
        "18": 2,
        "19": 3,
        "20": 3,
        "21": 0,
        "22": 1,
        "23": 1,
        "24": 4,
        "25": 0,
        "26": 4,
        "27": 0,
        "28": 1,
        "29": 0,
        "30": 2,
        "31": 3,
        "32": 4,
        "33": 0,
        "34": 4,
        "35": 1,
        "36": 4,
        "37": 3,
        "38": 4,
        "39": 1,
        "40": 1,
        "41": 0,
        "42": 0,
        "43": 2,
        "44": 4,
        "45": 2,
        "46": 4,
        "47": 3,
        "48": 2,
        "49": 4,
        "50": 2,
        "51": 0,
        "52": 4,
        "53": 0,
        "54": 3,
        "55": 1,
        "56": 3,
        "57": 2,
        "58": 2,
        "59": 1,
        "60": 1,
        "61": 4,
        "62": 1,
        "63": 4,
        "64": 0,
        "65": 3,
        "66": 2,
        "67": 3,
        "68": 3,
        "69": 4,
        "70": 4,
        "71": 2,
        "72": 0,
        "73": 0,
        "74": 3,
        "75": 2,
        "76": 0,
        "77": 3,
        "78": 1,
        "79": 2,
        "80": 0,
        "81": 4,
        "82": 1,
        "83": 1,
        "84": 1,
        "85": 2,
        "86": 0,
        "87": 0,
        "88": 1,
        "89": 2,
        "90": 4,
        "91": 0,
        "92": 2,
        "93": 2,
        "94": 0,
        "95": 2,
        "96": 2
    },
    "lower_bound": 66.0
}