{
    "node_types": [
        "invoice",
        "sku",
        "zone"
    ],
    "edge_types": [
        "('invoice', 'requires', 'sku')",
        "('sku', 'located_at', 'zone')",
        "('sku', 'rev_requires', 'invoice')",
        "('zone', 'rev_located_at', 'sku')"
    ],
    "num_invoices": 32,
    "num_sku": 62,
    "num_zone": 5,
    "invoices": [
        [
            40,
            23,
            52,
            51,
            2
        ],
        [
            4,
            41,
            50,
            60,
            40,
            45,
            59
        ],
        [
            21,
            34,
            13,
            10,
            41,
            32,
            26,
            49
        ],
        [
            53,
            7,
            61,
            29,
            36
        ],
        [
            48,
            58,
            37
        ],
        [
            47,
            8,
            1,
            34,
            51
        ],
        [
            34,
            55,
            49,
            24,
            17,
            28
        ],
        [
            15,
            14,
            6,
            11,
            15,
            56,
            31
        ],
        [
            14,
            60,
            26,
            12,
            18,
            29,
            27
        ],
        [
            37,
            32,
            5,
            15,
            23,
            57
        ],
        [
            27,
            46,
            36,
            58,
            38,
            40,
            46
        ],
        [
            34,
            25,
            2,
            20,
            28,
            7,
            61,
            14
        ],
        [
            54,
            9,
            21,
            13,
            27,
            57,
            18
        ],
        [
            10,
            60,
            45
        ],
        [
            27,
            40,
            61,
            35,
            26
        ],
        [
            11,
            10,
            25,
            48
        ],
        [
            30,
            29,
            19,
            49
        ],
        [
            50,
            20,
            10,
            4,
            12,
            59,
            51
        ],
        [
            1,
            39,
            53,
            8,
            39,
            38
        ],
        [
            36,
            44,
            44,
            31,
            58,
            22,
            45
        ],
        [
            23,
            31,
            44,
            33,
            5
        ],
        [
            42,
            16,
            1
        ],
        [
            24,
            9
        ],
        [
            8,
            52,
            3
        ],
        [
            54,
            0,
            19,
            6,
            13,
            33,
            9,
            41,
            59,
            61,
            51
        ],
        [
            54,
            46,
            50,
            6,
            47,
            14,
            44
        ],
        [
            17,
            23,
            36,
            0,
            56,
            11,
            60,
            4
        ],
        [
            38,
            25,
            5,
            13,
            29,
            24,
            52,
            4,
            26
        ],
        [
            1,
            15,
            3,
            39,
            30,
            50,
            54
        ],
        [
            43,
            45,
            43
        ],
        [
            48,
            35,
            22,
            55,
            16,
            2
        ],
        [
            38,
            5,
            42,
            32,
            19,
            16,
            43,
            48
        ]
    ],
    "matching": {
        "0": 2,
        "1": 0,
        "2": 2,
        "3": 0,
        "4": 3,
        "5": 4,
        "6": 4,
        "7": 2,
        "8": 0,
        "9": 0,
        "10": 2,
        "11": 0,
        "12": 3,
        "13": 1,
        "14": 3,
        "15": 0,
        "16": 2,
        "17": 2,
        "18": 1,
        "19": 2,
        "20": 1,
        "21": 3,
        "22": 4,
        "23": 0,
        "24": 1,
        "25": 4,
        "26": 0,
        "27": 4,
        "28": 2,
        "29": 2,
        "30": 2,
        "31": 2,
        "32": 3,
        "33": 0,
        "34": 3,
        "35": 4,
        "36": 0,
        "37": 1,
        "38": 1,
        "39": 1,
        "40": 3,
        "41": 3,
        "42": 4,
        "43": 3,
        "44": 4,
        "45": 0,
        "46": 2,
        "47": 2,
        "48": 3,
        "49": 0,
        "50": 1,
        "51": 3,
        "52": 1,
        "53": 3,
        "54": 1,
        "55": 2,
        "56": 3,
        "57": 0,
        "58": 1,
        "59": 1,
        "60": 2,
        "61": 4
    },
    "lower_bound": 45.0
}