{
    "node_types": [
        "invoice",
        "sku",
        "zone"
    ],
    "edge_types": [
        "('invoice', 'requires', 'sku')",
        "('sku', 'located_at', 'zone')",
        "('sku', 'rev_requires', 'invoice')",
        "('zone', 'rev_located_at', 'sku')"
    ],
    "num_invoices": 33,
    "num_sku": 92,
    "num_zone": 5,
    "invoices": [
        [
            76,
            54,
            50,
            31,
            11,
            6,
            57,
            35,
            48,
            47
        ],
        [
            62,
            88,
            72,
            65
        ],
        [
            28,
            64,
            91,
            40,
            15,
            48,
            45,
            13
        ],
        [
            3,
            8,
            42,
            21,
            19,
            28
        ],
        [
            86,
            9,
            27,
            63,
            30,
            13,
            34,
            36,
            64,
            13,
            73,
            20,
            49
        ],
        [
            44,
            36,
            15,
            83,
            31,
            30,
            55
        ],
        [
            18,
            46,
            56,
            63,
            9,
            15,
            81,
            41,
            22
        ],
        [
            29,
            19,
            80,
            18
        ],
        [
            19,
            50,
            77,
            44,
            1,
            41
        ],
        [
            4,
            86,
            6,
            74,
            43,
            6,
            2,
            25,
            58,
            89,
            58
        ],
        [
            55,
            90,
            71,
            89,
            24
        ],
        [
            10,
            79,
            54,
            77,
            31,
            79,
            40
        ],
        [
            48,
            78
        ],
        [
            65,
            47,
            61,
            64
        ],
        [
            68,
            65,
            23,
            73,
            67,
            57,
            76,
            55,
            11
        ],
        [
            70,
            88,
            11,
            59,
            50,
            6,
            82,
            25,
            25,
            65,
            59,
            16,
            5,
            64,
            49
        ],
        [
            91,
            40,
            75,
            32,
            74,
            86,
            67,
            68
        ],
        [
            85,
            2,
            26,
            24,
            66,
            61,
            14
        ],
        [
            56,
            87,
            12,
            78,
            85,
            0,
            28,
            69,
            16
        ],
        [
            8,
            84,
            68,
            23,
            34,
            47,
            33,
            14,
            18,
            52,
            46,
            43,
            42,
            75,
            3,
            17,
            45,
            52
        ],
        [
            80,
            7,
            45,
            32,
            8,
            62,
            37,
            20,
            41,
            46,
            2
        ],
        [
            22,
            87,
            54,
            19,
            26,
            30,
            21
        ],
        [
            82,
            29,
            52,
            79,
            38,
            69,
            42,
            71,
            13,
            1,
            39
        ],
        [
            0,
            0,
            60,
            85,
            59
        ],
        [
            9,
            66,
            63,
            25,
            32,
            17,
            77,
            51,
            7,
            86,
            68,
            70,
            33,
            59,
            22,
            66
        ],
        [
            37,
            83,
            57,
            54,
            8,
            79
        ],
        [
            83,
            50,
            85,
            44,
            75,
            72,
            3
        ],
        [
            14,
            4,
            90,
            35,
            4,
            7,
            16,
            91,
            70
        ],
        [
            15,
            35,
            74,
            53,
            22,
            51
        ],
        [
            36,
            62,
            81,
            32,
            75,
            10,
            21,
            61
        ],
        [
            83,
            82,
            5,
            78,
            37,
            58,
            27
        ],
        [
            55,
            9,
            84,
            12,
            21,
            39,
            45,
            53,
            49,
            52,
            67
        ],
        [
            38,
            42,
            29,
            26,
            39,
            60,
            81,
            57,
            18,
            62,
            81,
            35,
            47
        ]
    ],
    "matching": {
        "0": 1,
        "1": 0,
        "2": 3,
        "3": 4,
        "4": 1,
        "5": 2,
        "6": 1,
        "7": 3,
        "8": 4,
        "9": 2,
        "10": 0,
        "11": 4,
        "12": 3,
        "13": 4,
        "14": 0,
        "15": 2,
        "16": 1,
        "17": 2,
        "18": 1,
        "19": 4,
        "20": 0,
        "21": 4,
        "22": 2,
        "23": 0,
        "24": 3,
        "25": 2,
        "26": 0,
        "27": 1,
        "28": 1,
        "29": 1,
        "30": 3,
        "31": 2,
        "32": 4,
        "33": 4,
        "34": 3,
        "35": 1,
        "36": 0,
        "37": 4,
        "38": 0,
        "39": 3,
        "40": 4,
        "41": 0,
        "42": 1,
        "43": 1,
        "44": 4,
        "45": 0,
        "46": 1,
        "47": 4,
        "48": 2,
        "49": 3,
        "50": 1,
        "51": 2,
        "52": 4,
        "53": 1,
        "54": 3,
        "55": 3,
        "56": 3,
        "57": 4,
        "58": 3,
        "59": 2,
        "60": 2,
        "61": 4,
        "62": 0,
        "63": 3,
        "64": 0,
        "65": 2,
        "66": 3,
        "67": 1,
        "68": 2,
        "69": 4,
        "70": 1,
        "71": 1,
        "72": 0,
        "73": 0,
        "74": 1,
        "75": 1,
        "76": 4,
        "77": 3,
        "78": 2,
        "79": 4,
        "80": 4,
        "81": 0,
        "82": 0,
        "83": 4,
        "84": 2,
        "85": 0,
        "86": 0,
        "87": 3,
        "88": 4,
        "89": 2,
        "90": 2,
        "91": 0
    },
    "lower_bound": 66.0
}