{
    "node_types": [
        "invoice",
        "sku",
        "zone"
    ],
    "edge_types": [
        "('invoice', 'requires', 'sku')",
        "('sku', 'located_at', 'zone')",
        "('sku', 'rev_requires', 'invoice')",
        "('zone', 'rev_located_at', 'sku')"
    ],
    "num_invoices": 30,
    "num_sku": 83,
    "num_zone": 5,
    "invoices": [
        [
            78,
            49,
            5,
            28
        ],
        [
            58,
            23,
            31,
            74,
            35,
            79,
            26,
            62,
            71,
            51
        ],
        [
            9,
            64,
            39,
            64,
            46,
            73,
            41
        ],
        [
            1,
            41,
            74,
            16,
            69,
            82,
            58,
            36
        ],
        [
            67,
            71,
            43,
            12,
            33,
            40,
            43,
            51,
            21
        ],
        [
            61,
            60,
            34,
            70,
            67
        ],
        [
            26,
            78,
            62,
            73,
            61,
            66,
            44
        ],
        [
            3,
            60,
            33,
            11,
            19,
            24,
            26
        ],
        [
            9,
            36,
            73,
            36,
            72,
            34,
            54,
            16,
            3
        ],
        [
            13,
            67,
            32,
            81,
            70,
            22,
            27
        ],
        [
            63
        ],
        [
            16,
            61,
            39,
            70,
            79,
            58,
            54,
            45,
            2,
            5,
            42
        ],
        [
            42,
            7,
            75,
            28,
            14,
            59,
            77,
            24,
            79,
            66
        ],
        [
            14,
            47,
            58,
            53,
            13,
            1,
            4,
            52,
            25,
            24
        ],
        [
            57,
            0,
            17,
            20,
            43,
            69,
            66,
            30
        ],
        [
            44,
            18,
            37,
            69,
            12,
            80,
            57,
            20,
            26
        ],
        [
            4,
            33,
            55,
            60,
            18,
            66,
            80,
            29,
            77,
            6,
            52
        ],
        [
            8,
            34,
            10,
            18,
            6,
            47,
            17,
            56,
            78,
            39,
            46
        ],
        [
            72,
            49,
            38,
            61,
            69,
            38,
            33,
            31
        ],
        [
            52,
            23,
            65,
            19,
            0,
            63,
            10
        ],
        [
            23,
            11,
            28,
            75,
            41,
            27,
            74,
            80
        ],
        [
            9,
            31,
            6,
            40,
            5,
            53
        ],
        [
            32,
            18,
            65,
            9,
            16,
            8,
            76
        ],
        [
            15,
            21,
            82,
            81,
            78,
            63,
            22,
            14,
            80,
            59,
            64
        ],
        [
            34,
            5,
            48,
            10,
            68,
            2,
            67
        ],
        [
            54,
            68,
            25,
            46,
            56,
            14,
            12
        ],
        [
            29,
            60,
            53,
            50,
            15,
            76,
            37,
            72,
            73,
            52
        ],
        [
            50,
            48,
            30,
            31,
            49,
            22,
            64
        ],
        [
            30,
            7,
            45,
            28,
            27,
            7,
            35,
            19
        ],
        [
            1,
            24,
            55,
            37,
            6
        ]
    ],
    "matching": {
        "0": 4,
        "1": 4,
        "2": 1,
        "3": 1,
        "4": 2,
        "5": 4,
        "6": 4,
        "7": 1,
        "8": 4,
        "9": 2,
        "10": 0,
        "11": 0,
        "12": 2,
        "13": 1,
        "14": 4,
        "15": 0,
        "16": 3,
        "17": 1,
        "18": 0,
        "19": 4,
        "20": 1,
        "21": 0,
        "22": 0,
        "23": 0,
        "24": 3,
        "25": 4,
        "26": 1,
        "27": 1,
        "28": 0,
        "29": 3,
        "30": 3,
        "31": 0,
        "32": 4,
        "33": 0,
        "34": 1,
        "35": 0,
        "36": 4,
        "37": 1,
        "38": 4,
        "39": 3,
        "40": 4,
        "41": 3,
        "42": 3,
        "43": 0,
        "44": 1,
        "45": 2,
        "46": 4,
        "47": 3,
        "48": 0,
        "49": 0,
        "50": 4,
        "51": 3,
        "52": 4,
        "53": 0,
        "54": 3,
        "55": 1,
        "56": 0,
        "57": 2,
        "58": 2,
        "59": 4,
        "60": 2,
        "61": 2,
        "62": 0,
        "63": 3,
        "64": 1,
        "65": 2,
        "66": 2,
        "67": 0,
        "68": 3,
        "69": 2,
        "70": 4,
        "71": 3,
        "72": 1,
        "73": 0,
        "74": 2,
        "75": 2,
        "76": 2,
        "77": 2,
        "78": 0,
        "79": 2,
        "80": 3,
        "81": 3,
        "82": 4
    },
    "lower_bound": 45.0
}