{
    "node_types": [
        "invoice",
        "sku",
        "zone"
    ],
    "edge_types": [
        "('invoice', 'requires', 'sku')",
        "('sku', 'located_at', 'zone')",
        "('sku', 'rev_requires', 'invoice')",
        "('zone', 'rev_located_at', 'sku')"
    ],
    "num_invoices": 31,
    "num_sku": 77,
    "num_zone": 5,
    "invoices": [
        [
            12,
            26,
            54,
            11,
            9,
            61
        ],
        [
            56,
            46,
            2,
            76,
            38,
            68,
            33,
            2,
            35
        ],
        [
            59,
            32,
            31,
            61,
            46,
            18,
            22,
            30,
            47
        ],
        [
            38,
            1,
            61,
            39,
            35,
            33,
            40,
            47,
            69,
            44
        ],
        [
            50,
            50,
            34,
            55,
            17,
            30,
            66
        ],
        [
            67,
            60
        ],
        [
            56,
            56,
            54,
            4,
            4,
            67,
            13,
            70,
            69,
            21
        ],
        [
            71,
            16,
            42,
            66
        ],
        [
            23,
            24,
            24,
            40,
            15,
            13,
            26,
            19,
            52
        ],
        [
            69,
            59,
            20,
            42,
            3,
            74,
            72,
            57,
            46,
            3,
            47
        ],
        [
            26,
            67,
            60,
            37,
            1,
            45,
            40,
            73,
            3,
            76,
            25,
            17,
            37
        ],
        [
            53,
            74,
            39
        ],
        [
            48,
            47,
            31,
            62,
            14,
            72
        ],
        [
            8,
            73,
            68,
            37
        ],
        [
            21,
            43,
            32,
            19,
            76,
            41,
            36,
            28,
            29,
            18,
            3,
            62
        ],
        [
            27,
            41,
            58,
            52,
            65,
            38,
            25,
            75
        ],
        [
            63,
            69,
            37,
            62,
            35,
            59,
            7,
            43,
            74
        ],
        [
            62,
            71,
            73,
            5
        ],
        [
            27,
            19,
            5,
            51,
            10,
            46
        ],
        [
            14,
            4,
            75,
            61,
            18,
            38,
            45,
            13,
            29,
            74,
            14,
            12,
            65,
            18
        ],
        [
            70,
            15,
            53,
            34,
            7,
            2,
            16
        ],
        [
            20,
            9,
            0,
            55,
            67,
            73,
            57
        ],
        [
            32,
            6,
            64,
            36,
            68,
            6,
            8,
            11,
            44,
            76,
            70,
            42,
            39
        ],
        [
            49,
            66,
            57
        ],
        [
            55,
            56,
            63,
            7,
            70,
            50,
            0,
            31
        ],
        [
            48,
            22,
            44,
            2,
            63,
            36,
            65,
            22,
            42,
            58
        ],
        [
            23,
            64,
            25
        ],
        [
            41,
            49,
            63
        ],
        [
            35,
            13,
            10,
            22,
            75,
            28,
            30,
            5
        ],
        [
            12,
            68,
            40,
            55,
            20,
            39,
            21,
            57,
            45,
            36
        ],
        [
            51,
            9,
            28,
            15,
            30,
            28
        ]
    ],
    "matching": {
        "0": 3,
        "1": 4,
        "2": 1,
        "3": 1,
        "4": 0,
        "5": 2,
        "6": 2,
        "7": 1,
        "8": 3,
        "9": 1,
        "10": 1,
        "11": 1,
        "12": 4,
        "13": 3,
        "14": 4,
        "15": 4,
        "16": 3,
        "17": 2,
        "18": 0,
        "19": 1,
        "20": 1,
        "21": 2,
        "22": 1,
        "23": 3,
        "24": 4,
        "25": 2,
        "26": 2,
        "27": 3,
        "28": 0,
        "29": 0,
        "30": 3,
        "31": 0,
        "32": 4,
        "33": 0,
        "34": 4,
        "35": 0,
        "36": 3,
        "37": 0,
        "38": 3,
        "39": 4,
        "40": 4,
        "41": 3,
        "42": 3,
        "43": 4,
        "44": 1,
        "45": 3,
        "46": 1,
        "47": 4,
        "48": 3,
        "49": 2,
        "50": 0,
        "51": 0,
        "52": 3,
        "53": 4,
        "54": 1,
        "55": 4,
        "56": 4,
        "57": 0,
        "58": 2,
        "59": 3,
        "60": 2,
        "61": 2,
        "62": 2,
        "63": 2,
        "64": 4,
        "65": 2,
        "66": 4,
        "67": 1,
        "68": 4,
        "69": 3,
        "70": 1,
        "71": 0,
        "72": 4,
        "73": 4,
        "74": 0,
        "75": 2,
        "76": 0
    },
    "lower_bound": 54.0
}