{
    "node_types": [
        "invoice",
        "sku",
        "zone"
    ],
    "edge_types": [
        "('invoice', 'requires', 'sku')",
        "('sku', 'located_at', 'zone')",
        "('sku', 'rev_requires', 'invoice')",
        "('zone', 'rev_located_at', 'sku')"
    ],
    "num_invoices": 32,
    "num_sku": 82,
    "num_zone": 5,
    "invoices": [
        [
            72,
            42,
            20,
            21,
            14,
            58,
            52,
            42,
            17,
            4,
            2,
            70,
            29
        ],
        [
            16,
            49,
            30,
            79,
            74,
            24,
            26,
            75
        ],
        [
            78,
            24,
            17,
            44,
            54,
            32,
            59,
            9,
            59,
            8,
            27,
            6
        ],
        [
            68,
            67,
            80,
            45,
            7,
            18,
            44
        ],
        [
            18,
            30,
            46,
            6,
            55
        ],
        [
            64,
            54,
            81
        ],
        [
            73,
            55,
            71,
            26,
            62,
            21,
            17,
            12,
            39
        ],
        [
            60,
            32,
            45,
            69,
            74,
            81,
            50,
            60,
            32
        ],
        [
            16,
            5,
            5,
            1,
            49,
            63,
            53,
            40
        ],
        [
            74,
            34,
            40,
            34,
            77,
            61,
            38,
            14,
            58
        ],
        [
            55,
            46,
            51,
            2,
            7
        ],
        [
            28,
            31,
            22,
            28,
            65,
            31
        ],
        [
            48,
            55,
            19,
            65,
            11,
            67,
            61
        ],
        [
            14,
            40,
            79,
            52,
            56,
            62,
            60,
            78,
            48,
            28,
            63,
            37,
            35
        ],
        [
            66,
            3,
            10,
            12,
            66,
            53,
            25,
            37,
            63
        ],
        [
            24,
            61,
            25,
            1,
            79,
            49,
            70,
            44
        ],
        [
            46,
            75,
            81,
            22,
            14,
            30,
            71,
            57
        ],
        [
            54,
            4,
            51,
            7
        ],
        [
            56,
            70,
            3,
            43,
            68,
            20
        ],
        [
            24,
            57,
            28,
            23,
            3,
            18,
            41,
            2,
            10,
            15
        ],
        [
            35,
            34,
            44,
            66,
            51,
            37
        ],
        [
            73,
            64,
            27
        ],
        [
            5,
            11,
            80,
            11,
            53,
            22,
            74
        ],
        [
            2,
            8,
            3,
            60
        ],
        [
            4,
            17,
            73,
            32,
            0,
            54
        ],
        [
            47,
            63,
            39,
            68,
            47
        ],
        [
            15,
            41,
            62,
            0,
            50,
            47,
            78,
            76,
            77,
            0,
            31,
            72,
            36
        ],
        [
            52,
            29,
            76,
            25,
            43,
            36,
            67,
            80,
            19,
            81
        ],
        [
            36,
            26,
            41,
            33,
            21,
            38
        ],
        [
            13,
            20,
            35,
            69,
            39,
            69,
            68,
            34,
            50,
            9,
            59,
            33,
            57
        ],
        [
            77,
            57,
            6,
            47,
            41,
            13,
            67,
            30,
            21,
            45
        ],
        [
            42,
            43,
            9,
            31,
            23,
            8
        ]
    ],
    "matching": {
        "0": 4,
        "1": 1,
        "2": 0,
        "3": 0,
        "4": 3,
        "5": 2,
        "6": 2,
        "7": 2,
        "8": 3,
        "9": 1,
        "10": 4,
        "11": 0,
        "12": 1,
        "13": 0,
        "14": 1,
        "15": 4,
        "16": 0,
        "17": 2,
        "18": 0,
        "19": 0,
        "20": 4,
        "21": 1,
        "22": 4,
        "23": 3,
        "24": 4,
        "25": 3,
        "26": 4,
        "27": 3,
        "28": 0,
        "29": 2,
        "30": 3,
        "31": 3,
        "32": 1,
        "33": 3,
        "34": 2,
        "35": 2,
        "36": 4,
        "37": 1,
        "38": 0,
        "39": 4,
        "40": 1,
        "41": 1,
        "42": 0,
        "43": 2,
        "44": 3,
        "45": 2,
        "46": 0,
        "47": 3,
        "48": 3,
        "49": 1,
        "50": 4,
        "51": 4,
        "52": 4,
        "53": 3,
        "54": 3,
        "55": 3,
        "56": 4,
        "57": 4,
        "58": 4,
        "59": 0,
        "60": 3,
        "61": 3,
        "62": 4,
        "63": 1,
        "64": 2,
        "65": 0,
        "66": 4,
        "67": 0,
        "68": 3,
        "69": 2,
        "70": 4,
        "71": 0,
        "72": 0,
        "73": 3,
        "74": 0,
        "75": 4,
        "76": 2,
        "77": 1,
        "78": 2,
        "79": 3,
        "80": 2,
        "81": 0
    },
    "lower_bound": 51.0
}