{
    "node_types": [
        "invoice",
        "sku",
        "zone"
    ],
    "edge_types": [
        "('invoice', 'requires', 'sku')",
        "('sku', 'located_at', 'zone')",
        "('sku', 'rev_requires', 'invoice')",
        "('zone', 'rev_located_at', 'sku')"
    ],
    "num_invoices": 32,
    "num_sku": 74,
    "num_zone": 5,
    "invoices": [
        [
            25,
            63,
            16,
            33,
            29,
            44,
            16
        ],
        [
            26,
            22,
            42,
            32,
            62,
            7,
            4,
            51
        ],
        [
            13,
            50,
            0,
            2,
            37,
            47
        ],
        [
            63,
            46,
            65,
            54,
            30,
            48
        ],
        [
            44,
            53,
            44,
            71,
            10,
            53,
            57
        ],
        [
            38,
            9,
            25,
            23
        ],
        [
            1,
            30,
            22,
            11,
            62,
            43
        ],
        [
            71,
            47,
            28,
            49,
            6,
            15,
            57
        ],
        [
            48,
            38,
            14,
            71,
            9,
            23
        ],
        [
            45,
            1,
            61,
            67,
            60,
            34,
            27,
            53,
            36,
            47
        ],
        [
            70,
            41,
            35,
            51,
            58,
            63,
            60,
            47,
            8,
            32,
            7,
            34,
            40
        ],
        [
            34,
            72,
            25,
            59,
            15,
            29,
            31,
            59
        ],
        [
            68,
            20,
            0,
            41,
            24
        ],
        [
            46,
            42,
            51,
            54,
            70,
            3,
            46,
            26
        ],
        [
            39,
            7,
            42,
            38,
            37,
            7,
            72
        ],
        [
            51,
            61,
            20,
            15,
            55,
            44
        ],
        [
            2,
            73,
            56
        ],
        [
            55,
            23,
            9,
            31,
            50
        ],
        [
            49,
            16
        ],
        [
            21,
            11,
            13
        ],
        [
            22,
            49,
            29,
            39,
            56,
            4,
            27,
            69
        ],
        [
            32,
            29,
            68,
            12,
            19,
            43,
            34,
            6,
            1,
            37,
            57
        ],
        [
            4,
            53,
            16,
            21,
            0,
            36
        ],
        [
            49,
            69,
            13,
            9,
            68,
            71,
            43,
            40
        ],
        [
            1,
            65,
            27,
            0,
            67,
            19
        ],
        [
            35,
            58,
            55,
            42,
            52,
            4
        ],
        [
            52,
            40
        ],
        [
            43,
            45,
            20,
            15,
            17,
            17,
            8,
            64,
            52,
            46,
            12,
            18
        ],
        [
            59,
            35,
            52,
            66,
            10,
            5
        ],
        [
            60,
            65,
            26,
            45
        ],
        [
            22,
            18,
            32,
            33,
            45,
            73,
            27,
            59,
            72,
            6,
            14
        ],
        [
            5,
            66,
            3,
            64,
            28,
            39,
            24,
            62
        ]
    ],
    "matching": {
        "0": 1,
        "1": 2,
        "2": 2,
        "3": 0,
        "4": 4,
        "5": 3,
        "6": 2,
        "7": 0,
        "8": 1,
        "9": 1,
        "10": 2,
        "11": 3,
        "12": 4,
        "13": 1,
        "14": 0,
        "15": 0,
        "16": 2,
        "17": 4,
        "18": 1,
        "19": 1,
        "20": 2,
        "21": 3,
        "22": 4,
        "23": 4,
        "24": 2,
        "25": 4,
        "26": 0,
        "27": 4,
        "28": 3,
        "29": 2,
        "30": 1,
        "31": 4,
        "32": 1,
        "33": 2,
        "34": 4,
        "35": 1,
        "36": 0,
        "37": 3,
        "38": 1,
        "39": 0,
        "40": 1,
        "41": 3,
        "42": 3,
        "43": 1,
        "44": 1,
        "45": 0,
        "46": 2,
        "47": 3,
        "48": 4,
        "49": 3,
        "50": 4,
        "51": 4,
        "52": 2,
        "53": 1,
        "54": 2,
        "55": 2,
        "56": 3,
        "57": 3,
        "58": 0,
        "59": 1,
        "60": 1,
        "61": 3,
        "62": 2,
        "63": 1,
        "64": 3,
        "65": 4,
        "66": 3,
        "67": 2,
        "68": 0,
        "69": 2,
        "70": 1,
        "71": 4,
        "72": 0,
        "73": 0
    },
    "lower_bound": 51.0
}