{
    "node_types": [
        "invoice",
        "sku",
        "zone"
    ],
    "edge_types": [
        "('invoice', 'requires', 'sku')",
        "('sku', 'located_at', 'zone')",
        "('sku', 'rev_requires', 'invoice')",
        "('zone', 'rev_located_at', 'sku')"
    ],
    "num_invoices": 25,
    "num_sku": 81,
    "num_zone": 5,
    "invoices": [
        [
            80,
            79,
            19,
            29,
            0,
            51,
            44,
            12,
            60,
            37,
            29,
            80,
            15,
            57,
            68,
            28,
            51
        ],
        [
            13,
            52,
            62,
            37,
            19,
            8,
            27,
            61,
            4
        ],
        [
            75,
            24,
            22,
            67,
            43,
            74,
            73,
            50
        ],
        [
            38,
            46,
            7,
            19,
            10,
            68,
            77,
            48
        ],
        [
            56,
            27,
            73,
            69,
            76,
            40,
            17,
            69,
            71,
            31,
            25
        ],
        [
            41,
            12,
            80,
            57,
            71,
            47,
            23,
            25
        ],
        [
            70,
            5,
            72,
            11,
            0,
            50,
            9,
            7,
            31
        ],
        [
            61,
            68,
            72,
            34,
            23,
            42,
            4,
            59,
            16,
            57,
            30,
            1
        ],
        [
            26,
            25,
            17,
            63,
            60,
            58
        ],
        [
            58,
            65,
            64,
            67,
            61,
            28,
            13,
            38,
            42,
            66,
            4,
            16,
            22,
            39
        ],
        [
            35,
            21,
            68,
            14,
            78,
            48,
            0,
            55,
            76
        ],
        [
            77,
            55,
            10,
            50,
            52,
            74,
            43,
            58
        ],
        [
            62,
            52,
            58,
            41,
            70,
            6,
            79,
            51,
            7,
            71
        ],
        [
            43,
            24,
            30,
            76,
            32,
            20,
            71,
            14,
            45,
            75,
            63,
            64,
            54,
            44,
            66,
            76
        ],
        [
            20,
            33,
            17,
            11,
            56,
            11,
            23,
            40,
            54,
            49
        ],
        [
            32,
            29,
            13,
            21,
            18,
            57
        ],
        [
            62,
            9,
            35,
            46,
            43,
            2,
            45,
            33,
            70
        ],
        [
            30,
            38,
            47,
            44,
            6,
            65,
            18,
            21,
            78
        ],
        [
            60,
            25,
            2,
            60,
            15,
            39,
            56,
            22,
            72,
            3,
            59,
            3,
            56,
            46
        ],
        [
            34,
            41,
            5,
            19,
            1,
            26,
            21,
            8,
            72
        ],
        [
            16,
            35,
            24,
            41,
            33,
            34,
            34,
            12,
            13,
            23
        ],
        [
            16,
            18,
            1,
            49,
            35,
            69
        ],
        [
            36,
            47,
            79,
            7,
            49,
            42,
            24,
            53,
            11
        ],
        [
            17,
            36,
            66,
            47,
            66,
            78,
            0,
            53,
            74,
            42
        ],
        [
            29,
            51,
            5,
            1,
            69,
            4,
            8
        ]
    ],
    "matching": {
        "0": 2,
        "1": 2,
        "2": 3,
        "3": 4,
        "4": 2,
        "5": 1,
        "6": 2,
        "7": 4,
        "8": 4,
        "9": 4,
        "10": 0,
        "11": 1,
        "12": 3,
        "13": 4,
        "14": 1,
        "15": 3,
        "16": 2,
        "17": 3,
        "18": 0,
        "19": 4,
        "20": 1,
        "21": 3,
        "22": 3,
        "23": 3,
        "24": 0,
        "25": 0,
        "26": 3,
        "27": 1,
        "28": 1,
        "29": 4,
        "30": 0,
        "31": 1,
        "32": 2,
        "33": 1,
        "34": 1,
        "35": 4,
        "36": 1,
        "37": 1,
        "38": 4,
        "39": 1,
        "40": 1,
        "41": 4,
        "42": 2,
        "43": 1,
        "44": 0,
        "45": 2,
        "46": 0,
        "47": 1,
        "48": 3,
        "49": 3,
        "50": 1,
        "51": 3,
        "52": 1,
        "53": 4,
        "54": 1,
        "55": 4,
        "56": 1,
        "57": 1,
        "58": 0,
        "59": 0,
        "60": 4,
        "61": 0,
        "62": 3,
        "63": 4,
        "64": 3,
        "65": 3,
        "66": 4,
        "67": 3,
        "68": 2,
        "69": 2,
        "70": 0,
        "71": 3,
        "72": 0,
        "73": 3,
        "74": 3,
        "75": 3,
        "76": 2,
        "77": 3,
        "78": 3,
        "79": 1,
        "80": 4
    },
    "lower_bound": 63.0
}