{
    "node_types": [
        "invoice",
        "sku",
        "zone"
    ],
    "edge_types": [
        "('invoice', 'requires', 'sku')",
        "('sku', 'located_at', 'zone')",
        "('sku', 'rev_requires', 'invoice')",
        "('zone', 'rev_located_at', 'sku')"
    ],
    "num_invoices": 30,
    "num_sku": 85,
    "num_zone": 5,
    "invoices": [
        [
            42,
            6,
            2,
            75,
            61
        ],
        [
            15,
            12,
            31,
            69,
            69,
            10
        ],
        [
            58,
            18,
            7,
            83,
            8,
            77,
            36,
            9
        ],
        [
            44,
            40,
            13,
            82,
            30
        ],
        [
            37,
            11,
            40,
            37
        ],
        [
            45,
            78,
            45,
            79,
            63,
            42,
            84,
            55,
            32,
            48,
            27,
            54
        ],
        [
            65,
            73,
            66,
            6,
            71,
            14,
            17,
            83,
            39,
            70
        ],
        [
            71,
            70,
            64,
            12,
            24,
            38
        ],
        [
            14,
            39,
            69,
            82,
            18,
            21,
            6,
            58,
            55
        ],
        [
            22,
            21,
            37,
            30,
            27,
            61,
            81,
            29,
            31,
            68,
            70,
            45,
            53,
            27,
            32,
            77,
            82
        ],
        [
            67,
            81,
            71,
            80,
            73,
            75,
            56,
            59
        ],
        [
            3,
            15,
            11,
            2,
            23,
            29,
            12,
            46,
            13,
            77,
            50,
            55,
            20,
            28,
            4
        ],
        [
            10,
            20,
            29,
            54,
            52,
            84,
            20,
            54,
            80,
            23,
            74
        ],
        [
            46,
            1,
            43,
            69,
            7,
            11,
            42,
            34,
            65
        ],
        [
            1,
            38,
            8,
            34,
            19,
            62,
            68,
            0,
            80
        ],
        [
            64,
            27,
            14,
            41,
            79,
            76,
            68
        ],
        [
            25,
            72,
            73,
            18,
            61,
            5,
            59
        ],
        [
            43,
            44,
            36,
            33,
            1,
            4,
            63,
            72
        ],
        [
            63,
            47,
            72,
            20,
            57,
            51,
            12,
            77,
            17
        ],
        [
            13,
            36,
            15,
            17,
            36,
            28,
            67,
            74,
            74
        ],
        [
            51,
            46,
            9,
            57,
            39,
            56,
            50,
            63
        ],
        [
            82,
            5,
            40,
            0,
            52,
            10,
            7,
            8,
            57,
            3
        ],
        [
            19,
            58,
            14,
            30,
            34,
            67
        ],
        [
            17,
            41,
            49,
            76,
            80,
            29,
            42
        ],
        [
            72,
            62,
            53,
            53,
            2,
            11,
            16,
            83,
            78,
            54,
            73,
            16
        ],
        [
            48,
            35,
            59,
            79,
            15,
            66,
            33,
            24,
            38,
            62
        ],
        [
            48,
            61,
            19,
            76,
            8
        ],
        [
            26,
            51,
            78,
            33,
            60,
            35,
            24,
            44,
            43
        ],
        [
            24,
            56,
            57,
            9,
            81,
            60,
            25,
            71,
            13,
            46,
            40,
            47
        ],
        [
            34,
            31,
            22,
            26,
            50,
            16,
            49,
            84,
            74,
            78,
            23,
            52
        ]
    ],
    "matching": {
        "0": 0,
        "1": 1,
        "2": 0,
        "3": 1,
        "4": 0,
        "5": 1,
        "6": 3,
        "7": 0,
        "8": 1,
        "9": 1,
        "10": 2,
        "11": 0,
        "12": 0,
        "13": 3,
        "14": 1,
        "15": 3,
        "16": 2,
        "17": 4,
        "18": 4,
        "19": 3,
        "20": 4,
        "21": 1,
        "22": 2,
        "23": 4,
        "24": 0,
        "25": 2,
        "26": 4,
        "27": 4,
        "28": 2,
        "29": 1,
        "30": 0,
        "31": 2,
        "32": 2,
        "33": 2,
        "34": 0,
        "35": 1,
        "36": 2,
        "37": 4,
        "38": 3,
        "39": 4,
        "40": 3,
        "41": 4,
        "42": 3,
        "43": 0,
        "44": 4,
        "45": 4,
        "46": 4,
        "47": 1,
        "48": 2,
        "49": 4,
        "50": 4,
        "51": 4,
        "52": 3,
        "53": 3,
        "54": 3,
        "55": 3,
        "56": 3,
        "57": 0,
        "58": 2,
        "59": 4,
        "60": 4,
        "61": 0,
        "62": 2,
        "63": 3,
        "64": 1,
        "65": 2,
        "66": 0,
        "67": 4,
        "68": 2,
        "69": 1,
        "70": 1,
        "71": 1,
        "72": 3,
        "73": 2,
        "74": 1,
        "75": 2,
        "76": 3,
        "77": 4,
        "78": 0,
        "79": 0,
        "80": 3,
        "81": 1,
        "82": 4,
        "83": 2,
        "84": 4
    },
    "lower_bound": 63.0
}