{
    "node_types": [
        "invoice",
        "sku",
        "zone"
    ],
    "edge_types": [
        "('invoice', 'requires', 'sku')",
        "('sku', 'located_at', 'zone')",
        "('sku', 'rev_requires', 'invoice')",
        "('zone', 'rev_located_at', 'sku')"
    ],
    "num_invoices": 31,
    "num_sku": 74,
    "num_zone": 5,
    "invoices": [
        [
            35,
            63,
            9,
            15,
            45,
            49
        ],
        [
            22,
            38,
            8,
            12,
            36,
            46,
            2,
            72,
            70,
            66,
            51
        ],
        [
            52,
            16,
            15,
            61
        ],
        [
            60,
            50,
            23,
            4,
            20,
            38,
            12,
            47,
            49,
            20
        ],
        [
            62,
            64,
            50,
            44,
            25
        ],
        [
            19,
            71,
            10,
            11,
            8,
            65,
            36,
            39
        ],
        [
            47,
            57,
            5,
            5,
            34,
            2,
            2,
            42,
            14
        ],
        [
            62
        ],
        [
            5,
            59,
            47,
            39,
            59,
            63,
            13
        ],
        [
            13,
            69,
            36,
            53,
            49,
            24,
            32,
            4,
            7
        ],
        [
            52,
            33,
            8,
            39,
            30,
            6,
            21
        ],
        [
            62,
            16,
            18,
            45,
            70,
            61,
            73,
            17,
            72,
            38,
            13
        ],
        [
            3,
            40,
            51,
            62,
            11,
            30,
            39,
            27,
            29
        ],
        [
            9,
            4,
            43,
            5,
            40,
            58
        ],
        [
            13,
            3,
            50,
            57,
            10,
            20,
            60
        ],
        [
            12,
            27,
            19,
            11,
            33
        ],
        [
            69,
            70,
            41,
            68,
            0
        ],
        [
            6,
            73,
            2,
            23,
            67,
            38
        ],
        [
            69,
            46,
            3,
            14,
            44,
            52,
            33,
            21,
            15,
            36,
            24
        ],
        [
            67,
            33,
            71,
            48,
            26,
            34
        ],
        [
            4,
            28,
            37,
            0,
            35,
            68
        ],
        [
            66,
            43,
            54,
            20,
            32,
            28,
            7,
            68,
            40
        ],
        [
            45,
            58,
            66,
            10,
            53,
            42,
            55,
            35,
            23,
            64
        ],
        [
            54,
            37,
            59,
            63,
            51,
            19,
            42,
            22
        ],
        [
            65,
            70,
            63,
            23,
            48,
            26,
            41,
            34
        ],
        [
            14,
            9,
            1,
            0
        ],
        [
            8,
            31,
            58,
            73,
            54,
            9,
            48,
            58,
            6
        ],
        [
            21,
            55,
            48,
            52,
            22,
            15,
            56,
            57
        ],
        [
            42,
            55,
            18,
            56
        ],
        [
            27,
            6,
            40,
            1,
            25,
            17,
            31,
            26,
            47
        ],
        [
            57,
            12,
            22,
            29,
            43
        ]
    ],
    "matching": {
        "0": 4,
        "1": 4,
        "2": 1,
        "3": 0,
        "4": 0,
        "5": 0,
        "6": 3,
        "7": 3,
        "8": 3,
        "9": 3,
        "10": 0,
        "11": 0,
        "12": 2,
        "13": 1,
        "14": 3,
        "15": 1,
        "16": 4,
        "17": 4,
        "18": 4,
        "19": 2,
        "20": 0,
        "21": 2,
        "22": 4,
        "23": 1,
        "24": 4,
        "25": 2,
        "26": 1,
        "27": 0,
        "28": 2,
        "29": 1,
        "30": 1,
        "31": 3,
        "32": 3,
        "33": 1,
        "34": 0,
        "35": 4,
        "36": 0,
        "37": 4,
        "38": 3,
        "39": 4,
        "40": 0,
        "41": 4,
        "42": 4,
        "43": 2,
        "44": 3,
        "45": 2,
        "46": 1,
        "47": 4,
        "48": 1,
        "49": 4,
        "50": 4,
        "51": 4,
        "52": 2,
        "53": 0,
        "54": 2,
        "55": 1,
        "56": 1,
        "57": 0,
        "58": 3,
        "59": 4,
        "60": 2,
        "61": 3,
        "62": 2,
        "63": 4,
        "64": 4,
        "65": 0,
        "66": 3,
        "67": 3,
        "68": 3,
        "69": 2,
        "70": 2,
        "71": 2,
        "72": 4,
        "73": 1
    },
    "lower_bound": 45.0
}