{
    "node_types": [
        "invoice",
        "sku",
        "zone"
    ],
    "edge_types": [
        "('invoice', 'requires', 'sku')",
        "('sku', 'located_at', 'zone')",
        "('sku', 'rev_requires', 'invoice')",
        "('zone', 'rev_located_at', 'sku')"
    ],
    "num_invoices": 25,
    "num_sku": 56,
    "num_zone": 5,
    "invoices": [
        [
            40,
            0,
            5,
            51,
            36,
            17,
            23,
            2
        ],
        [
            21,
            34,
            52,
            32,
            39,
            17,
            51
        ],
        [
            23,
            20,
            8,
            19
        ],
        [
            35,
            38,
            6,
            10,
            3,
            28,
            40,
            48
        ],
        [
            37,
            26,
            7,
            42,
            0
        ],
        [
            32,
            33,
            45,
            4,
            11,
            18,
            32,
            49
        ],
        [
            13,
            53,
            18,
            25,
            55,
            46,
            21,
            49,
            14,
            45,
            19
        ],
        [
            48,
            8,
            10,
            0,
            7,
            2,
            1,
            17,
            27
        ],
        [
            18,
            21,
            30,
            24,
            42
        ],
        [
            16,
            33,
            15,
            40,
            47,
            12
        ],
        [
            32,
            10,
            38,
            9,
            30,
            41,
            19,
            24,
            15
        ],
        [
            7,
            39,
            35,
            34,
            29,
            6,
            3,
            39,
            46
        ],
        [
            37,
            21,
            29,
            47
        ],
        [
            40,
            11,
            1,
            55,
            52,
            0,
            42,
            11,
            28,
            37,
            36
        ],
        [
            36,
            7,
            53,
            41,
            30,
            13,
            33,
            41,
            29
        ],
        [
            31,
            26,
            47,
            26,
            4,
            11,
            37
        ],
        [
            39,
            14,
            44
        ],
        [
            24,
            27,
            45,
            22,
            14
        ],
        [
            54,
            22,
            50,
            50,
            2
        ],
        [
            3,
            31,
            45,
            35,
            47
        ],
        [
            44,
            54,
            46,
            43,
            6,
            25,
            12,
            36
        ],
        [
            29,
            1,
            28,
            20,
            17,
            34
        ],
        [
            20,
            9,
            55,
            43
        ],
        [
            16
        ],
        [
            34,
            16,
            33,
            54,
            5
        ]
    ],
    "matching": {
        "0": 1,
        "1": 1,
        "2": 0,
        "3": 4,
        "4": 4,
        "5": 4,
        "6": 3,
        "7": 0,
        "8": 4,
        "9": 2,
        "10": 4,
        "11": 1,
        "12": 0,
        "13": 0,
        "14": 4,
        "15": 4,
        "16": 0,
        "17": 0,
        "18": 0,
        "19": 3,
        "20": 1,
        "21": 3,
        "22": 4,
        "23": 2,
        "24": 3,
        "25": 3,
        "26": 4,
        "27": 2,
        "28": 4,
        "29": 1,
        "30": 0,
        "31": 2,
        "32": 1,
        "33": 3,
        "34": 1,
        "35": 0,
        "36": 0,
        "37": 1,
        "38": 2,
        "39": 4,
        "40": 1,
        "41": 2,
        "42": 4,
        "43": 4,
        "44": 0,
        "45": 4,
        "46": 0,
        "47": 3,
        "48": 3,
        "49": 1,
        "50": 2,
        "51": 4,
        "52": 1,
        "53": 4,
        "54": 0,
        "55": 3
    },
    "lower_bound": 45.0
}