{
    "node_types": [
        "invoice",
        "sku",
        "zone"
    ],
    "edge_types": [
        "('invoice', 'requires', 'sku')",
        "('sku', 'located_at', 'zone')",
        "('sku', 'rev_requires', 'invoice')",
        "('zone', 'rev_located_at', 'sku')"
    ],
    "num_invoices": 31,
    "num_sku": 76,
    "num_zone": 5,
    "invoices": [
        [
            38,
            66,
            48,
            23,
            16,
            2,
            8,
            38,
            51,
            22,
            31,
            35,
            47,
            49
        ],
        [
            57,
            26,
            57,
            59,
            67,
            29
        ],
        [
            55,
            24,
            32,
            53,
            75,
            60,
            41,
            73
        ],
        [
            41,
            36,
            44,
            21,
            74,
            12,
            16,
            65,
            7,
            60
        ],
        [
            74
        ],
        [
            58,
            49,
            5,
            67,
            56,
            14,
            33,
            43
        ],
        [
            36,
            0,
            12,
            54,
            57,
            18,
            4,
            17,
            34
        ],
        [
            41,
            61,
            62,
            2,
            66,
            50,
            64,
            10,
            54,
            20,
            43,
            34
        ],
        [
            43,
            12,
            38,
            32
        ],
        [
            61,
            40,
            40,
            23,
            50,
            43,
            54,
            29
        ],
        [
            30,
            72,
            2,
            26,
            36,
            18,
            57,
            34
        ],
        [
            13,
            18,
            70,
            10
        ],
        [
            11,
            34,
            5,
            14,
            22,
            53,
            15,
            69
        ],
        [
            24,
            6,
            4,
            47,
            15,
            52,
            70,
            31,
            53,
            45
        ],
        [
            20,
            27,
            21,
            3,
            45,
            65,
            36
        ],
        [
            56,
            38
        ],
        [
            58,
            44,
            20,
            56,
            2,
            55,
            30,
            14,
            71,
            28
        ],
        [
            69,
            71,
            72,
            52
        ],
        [
            17,
            6,
            25,
            56
        ],
        [
            1,
            53,
            27,
            3,
            64,
            3,
            40,
            22,
            22,
            63,
            13
        ],
        [
            13,
            7,
            25,
            45,
            68,
            1,
            28,
            59,
            41,
            50
        ],
        [
            74,
            52,
            8,
            11,
            39,
            48,
            69
        ],
        [
            11,
            30,
            37,
            4,
            65,
            19,
            37,
            58,
            55,
            51
        ],
        [
            61,
            73,
            23,
            74,
            52,
            45
        ],
        [
            67,
            62,
            9,
            5,
            55,
            62,
            60,
            50,
            35,
            8
        ],
        [
            0,
            42
        ],
        [
            32,
            12,
            46,
            60,
            17,
            25,
            70
        ],
        [
            9,
            24,
            54,
            42,
            46,
            63,
            39,
            72,
            8,
            75,
            1
        ],
        [
            20,
            75,
            70,
            19,
            7,
            33,
            37,
            62,
            13,
            68,
            42
        ],
        [
            67,
            18,
            19,
            30,
            42,
            31,
            44,
            40,
            63
        ],
        [
            26,
            10,
            19,
            68,
            1,
            28,
            59
        ]
    ],
    "matching": {
        "0": 2,
        "1": 1,
        "2": 2,
        "3": 4,
        "4": 1,
        "5": 1,
        "6": 0,
        "7": 0,
        "8": 2,
        "9": 1,
        "10": 2,
        "11": 4,
        "12": 2,
        "13": 3,
        "14": 3,
        "15": 4,
        "16": 1,
        "17": 1,
        "18": 1,
        "19": 1,
        "20": 1,
        "21": 1,
        "22": 2,
        "23": 1,
        "24": 3,
        "25": 1,
        "26": 4,
        "27": 3,
        "28": 1,
        "29": 4,
        "30": 3,
        "31": 0,
        "32": 2,
        "33": 1,
        "34": 4,
        "35": 1,
        "36": 2,
        "37": 1,
        "38": 4,
        "39": 1,
        "40": 0,
        "41": 3,
        "42": 0,
        "43": 4,
        "44": 0,
        "45": 4,
        "46": 4,
        "47": 2,
        "48": 1,
        "49": 0,
        "50": 3,
        "51": 2,
        "52": 2,
        "53": 0,
        "54": 2,
        "55": 2,
        "56": 2,
        "57": 0,
        "58": 2,
        "59": 2,
        "60": 1,
        "61": 2,
        "62": 0,
        "63": 3,
        "64": 3,
        "65": 4,
        "66": 2,
        "67": 0,
        "68": 1,
        "69": 2,
        "70": 2,
        "71": 3,
        "72": 2,
        "73": 3,
        "74": 1,
        "75": 1
    },
    "lower_bound": 54.0
}