{
    "node_types": [
        "invoice",
        "sku",
        "zone"
    ],
    "edge_types": [
        "('invoice', 'requires', 'sku')",
        "('sku', 'located_at', 'zone')",
        "('sku', 'rev_requires', 'invoice')",
        "('zone', 'rev_located_at', 'sku')"
    ],
    "num_invoices": 34,
    "num_sku": 80,
    "num_zone": 5,
    "invoices": [
        [
            5,
            31,
            15,
            56,
            60,
            44
        ],
        [
            69,
            40,
            25,
            49,
            18,
            57,
            46,
            27,
            78
        ],
        [
            22,
            62,
            60,
            16,
            23
        ],
        [
            65,
            14,
            57,
            4,
            15,
            24
        ],
        [
            36,
            19,
            53,
            70,
            39
        ],
        [
            26,
            54,
            8,
            17,
            55,
            25,
            30
        ],
        [
            19,
            61,
            52
        ],
        [
            4,
            49,
            29,
            0
        ],
        [
            11,
            35,
            47,
            38,
            53,
            23,
            14,
            32,
            36,
            68,
            20,
            34,
            62,
            40
        ],
        [
            51,
            51,
            68,
            56,
            59
        ],
        [
            72,
            29,
            45,
            69,
            1,
            31
        ],
        [
            76,
            75,
            22,
            73,
            59,
            23,
            66,
            79,
            13,
            63,
            76
        ],
        [
            12,
            11,
            19,
            7,
            20,
            25,
            17,
            46,
            6
        ],
        [
            4,
            33,
            44,
            63,
            17,
            58
        ],
        [
            69,
            42,
            13,
            77,
            32,
            29,
            33,
            7,
            72,
            12,
            58,
            22,
            71
        ],
        [
            3,
            52,
            64,
            2,
            46,
            1,
            8,
            10
        ],
        [
            3,
            35,
            28,
            12,
            77,
            38
        ],
        [
            68,
            58,
            21,
            0,
            50,
            30
        ],
        [
            70,
            26,
            45,
            16,
            52,
            1,
            71
        ],
        [
            21,
            18,
            31,
            33,
            24,
            44,
            8,
            46,
            27,
            38,
            60
        ],
        [
            26,
            1,
            72,
            57,
            48,
            33,
            28,
            12
        ],
        [
            50,
            70,
            63,
            35
        ],
        [
            43,
            74,
            51,
            5,
            2,
            66,
            19,
            41,
            61
        ],
        [
            45,
            58,
            71,
            66,
            65,
            15,
            69,
            7,
            38,
            25
        ],
        [
            34,
            26,
            6,
            73,
            42,
            11,
            74,
            9
        ],
        [
            2,
            78,
            54,
            67,
            3,
            9,
            18,
            67
        ],
        [
            71,
            3,
            76,
            36,
            79,
            65,
            64,
            9,
            64
        ],
        [
            43,
            37,
            10,
            60
        ],
        [
            36,
            35,
            55,
            76,
            75,
            72,
            48,
            31
        ],
        [
            49,
            78,
            9,
            29
        ],
        [
            79,
            56,
            63,
            62,
            37,
            27,
            17,
            15
        ],
        [
            22,
            7,
            64,
            56,
            47,
            52,
            34,
            54,
            32,
            39,
            68
        ],
        [
            73,
            0
        ],
        [
            45,
            11,
            48,
            4,
            67,
            18,
            32,
            42,
            41,
            2
        ]
    ],
    "matching": {
        "0": 2,
        "1": 1,
        "2": 4,
        "3": 3,
        "4": 0,
        "5": 4,
        "6": 3,
        "7": 2,
        "8": 0,
        "9": 0,
        "10": 2,
        "11": 1,
        "12": 4,
        "13": 3,
        "14": 0,
        "15": 0,
        "16": 2,
        "17": 0,
        "18": 1,
        "19": 0,
        "20": 0,
        "21": 4,
        "22": 2,
        "23": 2,
        "24": 0,
        "25": 3,
        "26": 2,
        "27": 1,
        "28": 1,
        "29": 0,
        "30": 2,
        "31": 1,
        "32": 1,
        "33": 0,
        "34": 3,
        "35": 2,
        "36": 2,
        "37": 2,
        "38": 1,
        "39": 0,
        "40": 3,
        "41": 3,
        "42": 1,
        "43": 3,
        "44": 1,
        "45": 1,
        "46": 4,
        "47": 2,
        "48": 1,
        "49": 4,
        "50": 4,
        "51": 1,
        "52": 0,
        "53": 1,
        "54": 1,
        "55": 2,
        "56": 0,
        "57": 4,
        "58": 2,
        "59": 3,
        "60": 3,
        "61": 0,
        "62": 1,
        "63": 1,
        "64": 2,
        "65": 3,
        "66": 4,
        "67": 0,
        "68": 2,
        "69": 1,
        "70": 3,
        "71": 1,
        "72": 0,
        "73": 4,
        "74": 0,
        "75": 4,
        "76": 0,
        "77": 4,
        "78": 1,
        "79": 0
    },
    "lower_bound": 54.0
}