{
    "node_types": [
        "invoice",
        "sku",
        "zone"
    ],
    "edge_types": [
        "('invoice', 'requires', 'sku')",
        "('sku', 'located_at', 'zone')",
        "('sku', 'rev_requires', 'invoice')",
        "('zone', 'rev_located_at', 'sku')"
    ],
    "num_invoices": 31,
    "num_sku": 58,
    "num_zone": 5,
    "invoices": [
        [
            52,
            35
        ],
        [
            21,
            51,
            19,
            29
        ],
        [
            25,
            54,
            20,
            26,
            3
        ],
        [
            11,
            22,
            13,
            40,
            14,
            43,
            18
        ],
        [
            53,
            8,
            40,
            10,
            27,
            9,
            55
        ],
        [
            34,
            42,
            56,
            47,
            1
        ],
        [
            5,
            42,
            42,
            40
        ],
        [
            7,
            8,
            14,
            5
        ],
        [
            49,
            12
        ],
        [
            29,
            26,
            29,
            32,
            42
        ],
        [
            14,
            2,
            37
        ],
        [
            52,
            11,
            30,
            30,
            15,
            7,
            10,
            17
        ],
        [
            32,
            22,
            24,
            43,
            28
        ],
        [
            6,
            34,
            33,
            37,
            30,
            24,
            27,
            34,
            13
        ],
        [
            24,
            2,
            3,
            21,
            20,
            47,
            25,
            43,
            35,
            28
        ],
        [
            4,
            39,
            48
        ],
        [
            11,
            50,
            14,
            51,
            23,
            30,
            57,
            46,
            5,
            21,
            9
        ],
        [
            20,
            45,
            26,
            54,
            4
        ],
        [
            22,
            0,
            1,
            39,
            21,
            51
        ],
        [
            32,
            12,
            16,
            52,
            56
        ],
        [
            33,
            46,
            0,
            10,
            53
        ],
        [
            36,
            49,
            4,
            29
        ],
        [
            16,
            46,
            37,
            19,
            17,
            43,
            24,
            48,
            36
        ],
        [
            18,
            23,
            13,
            35,
            41,
            41
        ],
        [
            57,
            6,
            57,
            44,
            2,
            28,
            37
        ],
        [
            38,
            36,
            56,
            27,
            7,
            56,
            31,
            41,
            0
        ],
        [
            25,
            4,
            55,
            45,
            54,
            45,
            38
        ],
        [
            1,
            40,
            39,
            31
        ],
        [
            32,
            39,
            10,
            23
        ],
        [
            50,
            13,
            18,
            49,
            53,
            15
        ],
        [
            45,
            34,
            44,
            46,
            36,
            28
        ]
    ],
    "matching": {
        "0": 0,
        "1": 0,
        "2": 1,
        "3": 0,
        "4": 3,
        "5": 3,
        "6": 4,
        "7": 1,
        "8": 1,
        "9": 3,
        "10": 3,
        "11": 0,
        "12": 1,
        "13": 3,
        "14": 4,
        "15": 2,
        "16": 4,
        "17": 4,
        "18": 0,
        "19": 1,
        "20": 2,
        "21": 2,
        "22": 0,
        "23": 3,
        "24": 2,
        "25": 0,
        "26": 3,
        "27": 3,
        "28": 3,
        "29": 3,
        "30": 3,
        "31": 3,
        "32": 0,
        "33": 4,
        "34": 0,
        "35": 3,
        "36": 0,
        "37": 1,
        "38": 1,
        "39": 4,
        "40": 2,
        "41": 1,
        "42": 3,
        "43": 3,
        "44": 3,
        "45": 0,
        "46": 4,
        "47": 2,
        "48": 2,
        "49": 4,
        "50": 1,
        "51": 4,
        "52": 3,
        "53": 4,
        "54": 4,
        "55": 2,
        "56": 3,
        "57": 2
    },
    "lower_bound": 45.0
}