{
    "node_types": [
        "invoice",
        "sku",
        "zone"
    ],
    "edge_types": [
        "('invoice', 'requires', 'sku')",
        "('sku', 'located_at', 'zone')",
        "('sku', 'rev_requires', 'invoice')",
        "('zone', 'rev_located_at', 'sku')"
    ],
    "num_invoices": 25,
    "num_sku": 65,
    "num_zone": 5,
    "invoices": [
        [
            49,
            28,
            34,
            57,
            60,
            39,
            17,
            19,
            40
        ],
        [
            54,
            19,
            64,
            46,
            32,
            53,
            14,
            31,
            25,
            23
        ],
        [
            28,
            35,
            44,
            29,
            37,
            1,
            2,
            28,
            8,
            20
        ],
        [
            22,
            22,
            13,
            15,
            63,
            26
        ],
        [
            7,
            2,
            47,
            59,
            25,
            56,
            32,
            27,
            25,
            28,
            10,
            53
        ],
        [
            48,
            5,
            57,
            49,
            36,
            11,
            2,
            48,
            14,
            5
        ],
        [
            55,
            2,
            53,
            16,
            1,
            37,
            27,
            26,
            21,
            55,
            49,
            11
        ],
        [
            20,
            59,
            20,
            26,
            3
        ],
        [
            13,
            48,
            21,
            23,
            0,
            19,
            44,
            50,
            61,
            63,
            37,
            57
        ],
        [
            35,
            33,
            43,
            32
        ],
        [
            17,
            12,
            30,
            45,
            50,
            9,
            36,
            40,
            4,
            34
        ],
        [
            9,
            52,
            46,
            22,
            41,
            58,
            10,
            51,
            51,
            0
        ],
        [
            7,
            26,
            15,
            6,
            43,
            15,
            42,
            12,
            38,
            46,
            4,
            43
        ],
        [
            42,
            9,
            23,
            9,
            30,
            49,
            30,
            18,
            3
        ],
        [
            61,
            47,
            31,
            45,
            46,
            38,
            60
        ],
        [
            13,
            31,
            8,
            12,
            35,
            3,
            54,
            7,
            56,
            42,
            35
        ],
        [
            33,
            36,
            1,
            59,
            60,
            44,
            0,
            54,
            56,
            62,
            58,
            34
        ],
        [
            58,
            62,
            24,
            42,
            33,
            64
        ],
        [
            64,
            4,
            63,
            5,
            17
        ],
        [
            33,
            13,
            50,
            52,
            57,
            24,
            29,
            17
        ],
        [
            4,
            18,
            34,
            63,
            58
        ],
        [
            61,
            6,
            56,
            22,
            14
        ],
        [
            55,
            62,
            48,
            12,
            50,
            54,
            29,
            37,
            38,
            24,
            38
        ],
        [
            8,
            21,
            45,
            44,
            36,
            20,
            16,
            25,
            39
        ],
        [
            41,
            59,
            18
        ]
    ],
    "matching": {
        "0": 1,
        "1": 1,
        "2": 1,
        "3": 2,
        "4": 0,
        "5": 4,
        "6": 3,
        "7": 2,
        "8": 4,
        "9": 1,
        "10": 2,
        "11": 1,
        "12": 3,
        "13": 0,
        "14": 1,
        "15": 4,
        "16": 4,
        "17": 3,
        "18": 0,
        "19": 4,
        "20": 4,
        "21": 1,
        "22": 1,
        "23": 3,
        "24": 0,
        "25": 4,
        "26": 4,
        "27": 2,
        "28": 3,
        "29": 3,
        "30": 1,
        "31": 3,
        "32": 2,
        "33": 4,
        "34": 4,
        "35": 1,
        "36": 2,
        "37": 0,
        "38": 3,
        "39": 1,
        "40": 0,
        "41": 1,
        "42": 3,
        "43": 1,
        "44": 0,
        "45": 3,
        "46": 0,
        "47": 3,
        "48": 3,
        "49": 2,
        "50": 4,
        "51": 1,
        "52": 4,
        "53": 2,
        "54": 4,
        "55": 1,
        "56": 0,
        "57": 2,
        "58": 0,
        "59": 2,
        "60": 1,
        "61": 0,
        "62": 3,
        "63": 2,
        "64": 4
    },
    "lower_bound": 48.0
}