{
    "node_types": [
        "invoice",
        "sku",
        "zone"
    ],
    "edge_types": [
        "('invoice', 'requires', 'sku')",
        "('sku', 'located_at', 'zone')",
        "('sku', 'rev_requires', 'invoice')",
        "('zone', 'rev_located_at', 'sku')"
    ],
    "num_invoices": 35,
    "num_sku": 66,
    "num_zone": 5,
    "invoices": [
        [
            47,
            21,
            32,
            46,
            64,
            26
        ],
        [
            35,
            5,
            28,
            24,
            14,
            42
        ],
        [
            3,
            1,
            9,
            39,
            37,
            44
        ],
        [
            1,
            3,
            28,
            27,
            54
        ],
        [
            52,
            30,
            10,
            43
        ],
        [
            10,
            57,
            35,
            51
        ],
        [
            22,
            33,
            43,
            40,
            12
        ],
        [
            19,
            30,
            54,
            61,
            48,
            42,
            40,
            24
        ],
        [
            43,
            33,
            4,
            63,
            20
        ],
        [
            30,
            3,
            30,
            15
        ],
        [
            56,
            57,
            18,
            64,
            29,
            34
        ],
        [
            53,
            44,
            7,
            39,
            17,
            59
        ],
        [
            26,
            12,
            21,
            54,
            0,
            20
        ],
        [
            44,
            21,
            60,
            3,
            60
        ],
        [
            36,
            57,
            55,
            1,
            19,
            44
        ],
        [
            13,
            27,
            9,
            56,
            58,
            63
        ],
        [
            32,
            47,
            63,
            0
        ],
        [
            53,
            17,
            1,
            26,
            54,
            59
        ],
        [
            49,
            56,
            18,
            50,
            36,
            62
        ],
        [
            60,
            18,
            13
        ],
        [
            29,
            32,
            6,
            5,
            40,
            55
        ],
        [
            7,
            40,
            5,
            4
        ],
        [
            5,
            55,
            14,
            32,
            39,
            38,
            65
        ],
        [
            51,
            6,
            20
        ],
        [
            34,
            46,
            52,
            11,
            29,
            41
        ],
        [
            25,
            27,
            16,
            24,
            28
        ],
        [
            11,
            25,
            2,
            25,
            38,
            50
        ],
        [
            6,
            23,
            62,
            8,
            43,
            41
        ],
        [
            37,
            2,
            46,
            8,
            33
        ],
        [
            0,
            31,
            6,
            50,
            31,
            61,
            31,
            14
        ],
        [
            58,
            45,
            33,
            61,
            59,
            42,
            63
        ],
        [
            12,
            38
        ],
        [
            50,
            65,
            56,
            10,
            49
        ],
        [
            23,
            31,
            23,
            45,
            49,
            49,
            10,
            29,
            64,
            57
        ],
        [
            22,
            15,
            12,
            38,
            14,
            16,
            48,
            28,
            53
        ]
    ],
    "matching": {
        "0": 3,
        "1": 3,
        "2": 3,
        "3": 2,
        "4": 1,
        "5": 1,
        "6": 4,
        "7": 0,
        "8": 3,
        "9": 1,
        "10": 4,
        "11": 3,
        "12": 3,
        "13": 4,
        "14": 4,
        "15": 2,
        "16": 4,
        "17": 4,
        "18": 4,
        "19": 3,
        "20": 4,
        "21": 1,
        "22": 0,
        "23": 2,
        "24": 3,
        "25": 3,
        "26": 4,
        "27": 4,
        "28": 4,
        "29": 0,
        "30": 3,
        "31": 3,
        "32": 1,
        "33": 1,
        "34": 1,
        "35": 1,
        "36": 3,
        "37": 2,
        "38": 4,
        "39": 2,
        "40": 1,
        "41": 0,
        "42": 4,
        "43": 4,
        "44": 3,
        "45": 4,
        "46": 0,
        "47": 0,
        "48": 4,
        "49": 0,
        "50": 2,
        "51": 0,
        "52": 1,
        "53": 3,
        "54": 2,
        "55": 3,
        "56": 0,
        "57": 2,
        "58": 0,
        "59": 2,
        "60": 2,
        "61": 4,
        "62": 0,
        "63": 1,
        "64": 1,
        "65": 0
    },
    "lower_bound": 42.0
}