{
    "node_types": [
        "invoice",
        "sku",
        "zone"
    ],
    "edge_types": [
        "('invoice', 'requires', 'sku')",
        "('sku', 'located_at', 'zone')",
        "('sku', 'rev_requires', 'invoice')",
        "('zone', 'rev_located_at', 'sku')"
    ],
    "num_invoices": 31,
    "num_sku": 79,
    "num_zone": 5,
    "invoices": [
        [
            56,
            44,
            78,
            56,
            6,
            4,
            72,
            63,
            75,
            49
        ],
        [
            43,
            0,
            72,
            65
        ],
        [
            58,
            33,
            46,
            71,
            5,
            3
        ],
        [
            6,
            70,
            46,
            30,
            32,
            75,
            69,
            2,
            8,
            27,
            32,
            16,
            67
        ],
        [
            45,
            48,
            0,
            15,
            1,
            44,
            48,
            27,
            41
        ],
        [
            76,
            51,
            36,
            4,
            71,
            18,
            58,
            5,
            21
        ],
        [
            5,
            52,
            25,
            8,
            57,
            47,
            77,
            67
        ],
        [
            58,
            71,
            41,
            59,
            19,
            2,
            60,
            67,
            45,
            37
        ],
        [
            39,
            6,
            52,
            12,
            33,
            68,
            10,
            7,
            74,
            68,
            28,
            23,
            73,
            24
        ],
        [
            45,
            47,
            17,
            0,
            54,
            22
        ],
        [
            70,
            30,
            63,
            48,
            24,
            35
        ],
        [
            37,
            16,
            60,
            65,
            51,
            47,
            32
        ],
        [
            42,
            22,
            70,
            72,
            34,
            72,
            77
        ],
        [
            58,
            41,
            6,
            68,
            2,
            28
        ],
        [
            50,
            38,
            75,
            53,
            31,
            14
        ],
        [
            78,
            10,
            40,
            62,
            15,
            78,
            47,
            43,
            59,
            15,
            66
        ],
        [
            15,
            77,
            25,
            56,
            44,
            12,
            74
        ],
        [
            55,
            8,
            2,
            62,
            76,
            53,
            9
        ],
        [
            27,
            26,
            18,
            54,
            39,
            77,
            55,
            51,
            57
        ],
        [
            23,
            46,
            19
        ],
        [
            61,
            61,
            14,
            60,
            38,
            32,
            64
        ],
        [
            29,
            33,
            67,
            34,
            29,
            9,
            75,
            24
        ],
        [
            13,
            57,
            76,
            65,
            55,
            37,
            74
        ],
        [
            71,
            78,
            7,
            54,
            41,
            64,
            20,
            28,
            39
        ],
        [
            8,
            37,
            50,
            62
        ],
        [
            31,
            13,
            25,
            12,
            40,
            50,
            39,
            53
        ],
        [
            11,
            18,
            55,
            1,
            36,
            66,
            26
        ],
        [
            17,
            10,
            42,
            20,
            16,
            14,
            29,
            31,
            10,
            69,
            1
        ],
        [
            0,
            35,
            66
        ],
        [
            64,
            11,
            9,
            21,
            18,
            48
        ],
        [
            1,
            49,
            73,
            11,
            34,
            74,
            40,
            3,
            73,
            22,
            65,
            56,
            60
        ]
    ],
    "matching": {
        "0": 4,
        "1": 3,
        "2": 3,
        "3": 0,
        "4": 0,
        "5": 0,
        "6": 4,
        "7": 0,
        "8": 2,
        "9": 4,
        "10": 3,
        "11": 1,
        "12": 4,
        "13": 2,
        "14": 0,
        "15": 3,
        "16": 0,
        "17": 1,
        "18": 4,
        "19": 1,
        "20": 2,
        "21": 3,
        "22": 2,
        "23": 2,
        "24": 2,
        "25": 3,
        "26": 0,
        "27": 4,
        "28": 4,
        "29": 0,
        "30": 2,
        "31": 2,
        "32": 4,
        "33": 3,
        "34": 0,
        "35": 2,
        "36": 2,
        "37": 1,
        "38": 3,
        "39": 4,
        "40": 3,
        "41": 4,
        "42": 0,
        "43": 1,
        "44": 4,
        "45": 2,
        "46": 3,
        "47": 0,
        "48": 1,
        "49": 1,
        "50": 1,
        "51": 2,
        "52": 0,
        "53": 1,
        "54": 0,
        "55": 4,
        "56": 3,
        "57": 0,
        "58": 0,
        "59": 4,
        "60": 3,
        "61": 3,
        "62": 4,
        "63": 4,
        "64": 2,
        "65": 2,
        "66": 3,
        "67": 4,
        "68": 3,
        "69": 3,
        "70": 2,
        "71": 0,
        "72": 4,
        "73": 4,
        "74": 2,
        "75": 0,
        "76": 0,
        "77": 4,
        "78": 4
    },
    "lower_bound": 54.0
}