{
    "node_types": [
        "invoice",
        "sku",
        "zone"
    ],
    "edge_types": [
        "('invoice', 'requires', 'sku')",
        "('sku', 'located_at', 'zone')",
        "('sku', 'rev_requires', 'invoice')",
        "('zone', 'rev_located_at', 'sku')"
    ],
    "num_invoices": 25,
    "num_sku": 80,
    "num_zone": 5,
    "invoices": [
        [
            61,
            52,
            46,
            77,
            6,
            70,
            54,
            36,
            24,
            79
        ],
        [
            6,
            56,
            66,
            44,
            37,
            43,
            76,
            22,
            24,
            75,
            63,
            64,
            40,
            45,
            36
        ],
        [
            3,
            66,
            36,
            48,
            15,
            8,
            56,
            12,
            54,
            15,
            31
        ],
        [
            36,
            72,
            35,
            28,
            53,
            67,
            12,
            63
        ],
        [
            54,
            45,
            8,
            26,
            10,
            17,
            38,
            78,
            26,
            33,
            37
        ],
        [
            76,
            18,
            26,
            21,
            71,
            0,
            75
        ],
        [
            7,
            2,
            29,
            66,
            69,
            49,
            5
        ],
        [
            20,
            30,
            64,
            10,
            28,
            23,
            8,
            14,
            60
        ],
        [
            79,
            58,
            67,
            67,
            39,
            55,
            40,
            17
        ],
        [
            17,
            11,
            1,
            66,
            20,
            74
        ],
        [
            2,
            27,
            23,
            27,
            55,
            14,
            1
        ],
        [
            5,
            70,
            47,
            19,
            51,
            65,
            47,
            74,
            59,
            62
        ],
        [
            22,
            45,
            59,
            9,
            17,
            35,
            51
        ],
        [
            4,
            33,
            8,
            34,
            62,
            3,
            9,
            1
        ],
        [
            42,
            12,
            30,
            35,
            35,
            56,
            70,
            3
        ],
        [
            44,
            50,
            38,
            42,
            31,
            9,
            4,
            52,
            68,
            44,
            1,
            16,
            57
        ],
        [
            73,
            58,
            45,
            12,
            77,
            55,
            4,
            67,
            41,
            42
        ],
        [
            70,
            39,
            51,
            53,
            37,
            3,
            7,
            43,
            53,
            7
        ],
        [
            15,
            51,
            37,
            78,
            69,
            38,
            0,
            11,
            32,
            11,
            55
        ],
        [
            41,
            18,
            49,
            72,
            52,
            22,
            44,
            62,
            29,
            11,
            13,
            24,
            21,
            73
        ],
        [
            75,
            25,
            50,
            31,
            56,
            63,
            43,
            0,
            60,
            61,
            42,
            71,
            20
        ],
        [
            19,
            32,
            63,
            25,
            13
        ],
        [
            76,
            25,
            7,
            34,
            61,
            34,
            61,
            27,
            60,
            79,
            46,
            5,
            64,
            2
        ],
        [
            46,
            33,
            0,
            30,
            60,
            46,
            33,
            16,
            71,
            48,
            78,
            68,
            49
        ],
        [
            16,
            50,
            57,
            40,
            26,
            69,
            65,
            5,
            79,
            72
        ]
    ],
    "matching": {
        "0": 1,
        "1": 3,
        "2": 3,
        "3": 1,
        "4": 3,
        "5": 1,
        "6": 2,
        "7": 4,
        "8": 4,
        "9": 0,
        "10": 1,
        "11": 4,
        "12": 0,
        "13": 1,
        "14": 0,
        "15": 2,
        "16": 3,
        "17": 2,
        "18": 4,
        "19": 3,
        "20": 3,
        "21": 0,
        "22": 3,
        "23": 0,
        "24": 4,
        "25": 0,
        "26": 1,
        "27": 1,
        "28": 2,
        "29": 2,
        "30": 4,
        "31": 2,
        "32": 0,
        "33": 0,
        "34": 2,
        "35": 3,
        "36": 0,
        "37": 3,
        "38": 3,
        "39": 0,
        "40": 0,
        "41": 2,
        "42": 1,
        "43": 1,
        "44": 1,
        "45": 2,
        "46": 1,
        "47": 4,
        "48": 2,
        "49": 2,
        "50": 0,
        "51": 2,
        "52": 2,
        "53": 4,
        "54": 1,
        "55": 2,
        "56": 1,
        "57": 2,
        "58": 4,
        "59": 4,
        "60": 3,
        "61": 2,
        "62": 0,
        "63": 4,
        "64": 3,
        "65": 3,
        "66": 3,
        "67": 0,
        "68": 0,
        "69": 0,
        "70": 2,
        "71": 1,
        "72": 4,
        "73": 2,
        "74": 4,
        "75": 3,
        "76": 2,
        "77": 4,
        "78": 2,
        "79": 0
    },
    "lower_bound": 57.0
}