{
    "node_types": [
        "invoice",
        "sku",
        "zone"
    ],
    "edge_types": [
        "('invoice', 'requires', 'sku')",
        "('sku', 'located_at', 'zone')",
        "('sku', 'rev_requires', 'invoice')",
        "('zone', 'rev_located_at', 'sku')"
    ],
    "num_invoices": 35,
    "num_sku": 76,
    "num_zone": 5,
    "invoices": [
        [
            59,
            58,
            62,
            66,
            52
        ],
        [
            2,
            3,
            44,
            25,
            39,
            41,
            21,
            0,
            38
        ],
        [
            68,
            49,
            53,
            67,
            26,
            21,
            34,
            59,
            51
        ],
        [
            5,
            61,
            26,
            14
        ],
        [
            35,
            57,
            42,
            12
        ],
        [
            18,
            8,
            7,
            43,
            71
        ],
        [
            40,
            2,
            71,
            51,
            75,
            50,
            27
        ],
        [
            72,
            28,
            20,
            9,
            60,
            24
        ],
        [
            64,
            5,
            60,
            27,
            29,
            32,
            43
        ],
        [
            50,
            63,
            45,
            53,
            14,
            60,
            1
        ],
        [
            71,
            20
        ],
        [
            49,
            47,
            0,
            5,
            49
        ],
        [
            27,
            4,
            13,
            17,
            23,
            75,
            17,
            36
        ],
        [
            65,
            54,
            15,
            62,
            56,
            47,
            70
        ],
        [
            44,
            56,
            66,
            10,
            53,
            18,
            58,
            55,
            62,
            5,
            19
        ],
        [
            63,
            34,
            47,
            70,
            38,
            44,
            13
        ],
        [
            67,
            64,
            61,
            54,
            54,
            31,
            58,
            33,
            4,
            28
        ],
        [
            70,
            69,
            65,
            31
        ],
        [
            2,
            1,
            41
        ],
        [
            30,
            13,
            40,
            23,
            48,
            2,
            61,
            56
        ],
        [
            22,
            72,
            73,
            50,
            46,
            36
        ],
        [
            13,
            57,
            3,
            34,
            41,
            72,
            35,
            0,
            48,
            1
        ],
        [
            16,
            9,
            18,
            42,
            52,
            57,
            73,
            52,
            61,
            11,
            46
        ],
        [
            71,
            65,
            15,
            11,
            24,
            25
        ],
        [
            69,
            52,
            0
        ],
        [
            16,
            26,
            75,
            23,
            43,
            72
        ],
        [
            63,
            70,
            42,
            19,
            34
        ],
        [
            12,
            24,
            17,
            68,
            39
        ],
        [
            75,
            31,
            1,
            29,
            14,
            16,
            38
        ],
        [
            10,
            33
        ],
        [
            20,
            16,
            36,
            8,
            6,
            12,
            45
        ],
        [
            24,
            22,
            74,
            32,
            65,
            17
        ],
        [
            7,
            6,
            74,
            3,
            22,
            55,
            37
        ],
        [
            63,
            4,
            21,
            18,
            37,
            30,
            14,
            68
        ],
        [
            57,
            7,
            19,
            9,
            23,
            27
        ]
    ],
    "matching": {
        "0": 2,
        "1": 4,
        "2": 0,
        "3": 4,
        "4": 3,
        "5": 4,
        "6": 4,
        "7": 4,
        "8": 4,
        "9": 4,
        "10": 0,
        "11": 1,
        "12": 3,
        "13": 1,
        "14": 0,
        "15": 2,
        "16": 1,
        "17": 0,
        "18": 3,
        "19": 3,
        "20": 1,
        "21": 0,
        "22": 2,
        "23": 1,
        "24": 2,
        "25": 1,
        "26": 4,
        "27": 3,
        "28": 0,
        "29": 1,
        "30": 2,
        "31": 0,
        "32": 3,
        "33": 3,
        "34": 1,
        "35": 3,
        "36": 3,
        "37": 3,
        "38": 2,
        "39": 3,
        "40": 3,
        "41": 4,
        "42": 4,
        "43": 0,
        "44": 0,
        "45": 3,
        "46": 0,
        "47": 3,
        "48": 0,
        "49": 0,
        "50": 4,
        "51": 4,
        "52": 0,
        "53": 3,
        "54": 1,
        "55": 2,
        "56": 4,
        "57": 0,
        "58": 4,
        "59": 4,
        "60": 1,
        "61": 0,
        "62": 0,
        "63": 2,
        "64": 1,
        "65": 1,
        "66": 4,
        "67": 3,
        "68": 2,
        "69": 4,
        "70": 1,
        "71": 2,
        "72": 0,
        "73": 4,
        "74": 4,
        "75": 0
    },
    "lower_bound": 45.0
}