{
    "node_types": [
        "invoice",
        "sku",
        "zone"
    ],
    "edge_types": [
        "('invoice', 'requires', 'sku')",
        "('sku', 'located_at', 'zone')",
        "('sku', 'rev_requires', 'invoice')",
        "('zone', 'rev_located_at', 'sku')"
    ],
    "num_invoices": 25,
    "num_sku": 69,
    "num_zone": 5,
    "invoices": [
        [
            27,
            8,
            9,
            7,
            46,
            30,
            25,
            18,
            7
        ],
        [
            44,
            3,
            59,
            65,
            48,
            41,
            11,
            63
        ],
        [
            14,
            54,
            49,
            42,
            47
        ],
        [
            38,
            34,
            67,
            42,
            11,
            33
        ],
        [
            17,
            15,
            67,
            54,
            53,
            47
        ],
        [
            15,
            19,
            41,
            63,
            6,
            7,
            42,
            38,
            27,
            58,
            61,
            37,
            7,
            43
        ],
        [
            62,
            44,
            20,
            31,
            68,
            61,
            52,
            52,
            53,
            36
        ],
        [
            20,
            30,
            57,
            59,
            14,
            46,
            52,
            36,
            19,
            21
        ],
        [
            54,
            8,
            62,
            24,
            3,
            43,
            24,
            68,
            58
        ],
        [
            35,
            1,
            25,
            49,
            50,
            47
        ],
        [
            32,
            40,
            50,
            52,
            10,
            64,
            32,
            41,
            4
        ],
        [
            2,
            0,
            14,
            44,
            30,
            28,
            25
        ],
        [
            66,
            12,
            19,
            39,
            26,
            38,
            36,
            0,
            35
        ],
        [
            58,
            50,
            12,
            3,
            61,
            20,
            50,
            5,
            34
        ],
        [
            29,
            26,
            23,
            23,
            35,
            55,
            18,
            48
        ],
        [
            9,
            0,
            51,
            22,
            66,
            1,
            64,
            28,
            27,
            68,
            9,
            10
        ],
        [
            57,
            12,
            1,
            60,
            13,
            25
        ],
        [
            33,
            38,
            2,
            8,
            58,
            19,
            51
        ],
        [
            22,
            13,
            13,
            40,
            17,
            42,
            60
        ],
        [
            61,
            10,
            9,
            66,
            57,
            47,
            20
        ],
        [
            65,
            18,
            40,
            14,
            4,
            33
        ],
        [
            23,
            56,
            41,
            0,
            40,
            39,
            5,
            56,
            62,
            30,
            55,
            23,
            36,
            37,
            1,
            15,
            18,
            6
        ],
        [
            46,
            37,
            29,
            45,
            49,
            31,
            16,
            17
        ],
        [
            29,
            10,
            45,
            67,
            49,
            67
        ],
        [
            46,
            55,
            17,
            21,
            66,
            16,
            15,
            45,
            54,
            53,
            44
        ]
    ],
    "matching": {
        "0": 3,
        "1": 3,
        "2": 0,
        "3": 1,
        "4": 2,
        "5": 1,
        "6": 3,
        "7": 0,
        "8": 2,
        "9": 2,
        "10": 4,
        "11": 1,
        "12": 0,
        "13": 1,
        "14": 4,
        "15": 0,
        "16": 2,
        "17": 1,
        "18": 1,
        "19": 4,
        "20": 1,
        "21": 4,
        "22": 2,
        "23": 4,
        "24": 2,
        "25": 4,
        "26": 4,
        "27": 1,
        "28": 0,
        "29": 3,
        "30": 4,
        "31": 1,
        "32": 1,
        "33": 3,
        "34": 4,
        "35": 3,
        "36": 4,
        "37": 4,
        "38": 1,
        "39": 3,
        "40": 4,
        "41": 4,
        "42": 3,
        "43": 4,
        "44": 2,
        "45": 1,
        "46": 0,
        "47": 1,
        "48": 0,
        "49": 1,
        "50": 1,
        "51": 1,
        "52": 0,
        "53": 3,
        "54": 3,
        "55": 2,
        "56": 0,
        "57": 3,
        "58": 4,
        "59": 3,
        "60": 4,
        "61": 3,
        "62": 4,
        "63": 2,
        "64": 1,
        "65": 2,
        "66": 1,
        "67": 1,
        "68": 4
    },
    "lower_bound": 66.0
}