{
    "node_types": [
        "invoice",
        "sku",
        "zone"
    ],
    "edge_types": [
        "('invoice', 'requires', 'sku')",
        "('sku', 'located_at', 'zone')",
        "('sku', 'rev_requires', 'invoice')",
        "('zone', 'rev_located_at', 'sku')"
    ],
    "num_invoices": 35,
    "num_sku": 66,
    "num_zone": 5,
    "invoices": [
        [
            14,
            20,
            28,
            15,
            33,
            13,
            55
        ],
        [
            48,
            44,
            56,
            58,
            38
        ],
        [
            56,
            24,
            0,
            16,
            63
        ],
        [
            27,
            42,
            15,
            50,
            13
        ],
        [
            60,
            36,
            31,
            30
        ],
        [
            8,
            37,
            28,
            28,
            62,
            25,
            12
        ],
        [
            3,
            62,
            9,
            48,
            52,
            26,
            50,
            39,
            38
        ],
        [
            1,
            19,
            24,
            17,
            21,
            35,
            2
        ],
        [
            48,
            24,
            43,
            23
        ],
        [
            50,
            29,
            19
        ],
        [
            21,
            65,
            65,
            35,
            31,
            12,
            42,
            22
        ],
        [
            55,
            61,
            10,
            11,
            26,
            20,
            53,
            40,
            25
        ],
        [
            59,
            52,
            18,
            41,
            37,
            44
        ],
        [
            30,
            40,
            36,
            49,
            15,
            49,
            12,
            8
        ],
        [
            42,
            52,
            3,
            58,
            63
        ],
        [
            50,
            31,
            51,
            44
        ],
        [
            34,
            7
        ],
        [
            45,
            5,
            5,
            36,
            45,
            9,
            56,
            64
        ],
        [
            14,
            35,
            51,
            40,
            57
        ],
        [
            56,
            60,
            46,
            41,
            0,
            37,
            53
        ],
        [
            62,
            51,
            17,
            43
        ],
        [
            0,
            34,
            61
        ],
        [
            7,
            6,
            51,
            54,
            11,
            18,
            3,
            23
        ],
        [
            58,
            11,
            42,
            40,
            59,
            4,
            7,
            63
        ],
        [
            37,
            8,
            24,
            16
        ],
        [
            19,
            64,
            12
        ],
        [
            23,
            20,
            14,
            41,
            60,
            38
        ],
        [
            39,
            18,
            9,
            33
        ],
        [
            16,
            25,
            1,
            10,
            23,
            7
        ],
        [
            1,
            57,
            22,
            47,
            26,
            32
        ],
        [
            22,
            54,
            3
        ],
        [
            20,
            13,
            10,
            4,
            27
        ],
        [
            38,
            35,
            15,
            32,
            6,
            2,
            46,
            22
        ],
        [
            57,
            47,
            58,
            1,
            11,
            25,
            43
        ],
        [
            29,
            46
        ]
    ],
    "matching": {
        "0": 2,
        "1": 0,
        "2": 4,
        "3": 3,
        "4": 2,
        "5": 1,
        "6": 0,
        "7": 4,
        "8": 3,
        "9": 1,
        "10": 0,
        "11": 4,
        "12": 4,
        "13": 0,
        "14": 2,
        "15": 2,
        "16": 3,
        "17": 1,
        "18": 1,
        "19": 3,
        "20": 4,
        "21": 3,
        "22": 4,
        "23": 0,
        "24": 2,
        "25": 4,
        "26": 3,
        "27": 4,
        "28": 0,
        "29": 2,
        "30": 3,
        "31": 3,
        "32": 0,
        "33": 4,
        "34": 3,
        "35": 1,
        "36": 3,
        "37": 0,
        "38": 3,
        "39": 0,
        "40": 3,
        "41": 1,
        "42": 3,
        "43": 3,
        "44": 0,
        "45": 2,
        "46": 0,
        "47": 2,
        "48": 0,
        "49": 4,
        "50": 3,
        "51": 0,
        "52": 4,
        "53": 4,
        "54": 3,
        "55": 3,
        "56": 0,
        "57": 4,
        "58": 3,
        "59": 0,
        "60": 0,
        "61": 3,
        "62": 3,
        "63": 1,
        "64": 4,
        "65": 2
    },
    "lower_bound": 39.0
}