{
    "node_types": [
        "invoice",
        "sku",
        "zone"
    ],
    "edge_types": [
        "('invoice', 'requires', 'sku')",
        "('sku', 'located_at', 'zone')",
        "('sku', 'rev_requires', 'invoice')",
        "('zone', 'rev_located_at', 'sku')"
    ],
    "num_invoices": 28,
    "num_sku": 95,
    "num_zone": 5,
    "invoices": [
        [
            89,
            25,
            58,
            75,
            0,
            41,
            60,
            18,
            46,
            3
        ],
        [
            45,
            2,
            37,
            68,
            13,
            39,
            12,
            48,
            72
        ],
        [
            64,
            61,
            43,
            70,
            42,
            56,
            31,
            7
        ],
        [
            56,
            71,
            18,
            5,
            54,
            24,
            90,
            54,
            68,
            43,
            30,
            85,
            8,
            17,
            53,
            50,
            83,
            80
        ],
        [
            91,
            66,
            21,
            36,
            61
        ],
        [
            15,
            40,
            85,
            84,
            91,
            7,
            27,
            47
        ],
        [
            29,
            43,
            4,
            39,
            39,
            5,
            47
        ],
        [
            10,
            28,
            90,
            30,
            57,
            82,
            72,
            14,
            41,
            58
        ],
        [
            27,
            81,
            58,
            87,
            53,
            6,
            75,
            62,
            30,
            0,
            90,
            84,
            74
        ],
        [
            65,
            81,
            19,
            52,
            32,
            32,
            81
        ],
        [
            17,
            75,
            6,
            53,
            63,
            56,
            86,
            30,
            69,
            8,
            20,
            39
        ],
        [
            25,
            67,
            1,
            37,
            11,
            87,
            94,
            87
        ],
        [
            13,
            48,
            36,
            1,
            31,
            88,
            50,
            24,
            23,
            10,
            66
        ],
        [
            11,
            49,
            76,
            44,
            23,
            52,
            79,
            70,
            9,
            76
        ],
        [
            26,
            11,
            15,
            91,
            57,
            47,
            40,
            80,
            69
        ],
        [
            70,
            72,
            43,
            8,
            61,
            12,
            45,
            38,
            93,
            89,
            68,
            24,
            49
        ],
        [
            89,
            60,
            24,
            47,
            5,
            78,
            85,
            65,
            93,
            8,
            35,
            65
        ],
        [
            2,
            0,
            34,
            84,
            14,
            86,
            87,
            33,
            50,
            49,
            19,
            16,
            46,
            41,
            9,
            71,
            1
        ],
        [
            3,
            20,
            79,
            78,
            71,
            49,
            59,
            40,
            94
        ],
        [
            11,
            80,
            73,
            74,
            73,
            42,
            22,
            12,
            82,
            23,
            44,
            3,
            18
        ],
        [
            34,
            41,
            9,
            28,
            57,
            48,
            82,
            78,
            71,
            29,
            58,
            89,
            63,
            2,
            73
        ],
        [
            26,
            14,
            32,
            60,
            34,
            37,
            55,
            66,
            86,
            42,
            35,
            38,
            77,
            59
        ],
        [
            21,
            3,
            37,
            54,
            22,
            5,
            18,
            83,
            4
        ],
        [
            6,
            64,
            65,
            2,
            70,
            16,
            22,
            55,
            45,
            59,
            73,
            28,
            34,
            36,
            75
        ],
        [
            32,
            17,
            85,
            44,
            21,
            59,
            83,
            92
        ],
        [
            33,
            90,
            51,
            45,
            88,
            28,
            51,
            67,
            92,
            44,
            92
        ],
        [
            15,
            66,
            33,
            62,
            63,
            81
        ],
        [
            63,
            55,
            4,
            9,
            14,
            20,
            76,
            88,
            35,
            4,
            77,
            79
        ]
    ],
    "matching": {
        "0": 1,
        "1": 3,
        "2": 3,
        "3": 4,
        "4": 3,
        "5": 0,
        "6": 4,
        "7": 0,
        "8": 2,
        "9": 3,
        "10": 3,
        "11": 4,
        "12": 2,
        "13": 0,
        "14": 1,
        "15": 4,
        "16": 4,
        "17": 2,
        "18": 3,
        "19": 0,
        "20": 1,
        "21": 0,
        "22": 4,
        "23": 3,
        "24": 2,
        "25": 1,
        "26": 4,
        "27": 3,
        "28": 1,
        "29": 1,
        "30": 3,
        "31": 4,
        "32": 1,
        "33": 2,
        "34": 1,
        "35": 1,
        "36": 4,
        "37": 0,
        "38": 1,
        "39": 0,
        "40": 4,
        "41": 1,
        "42": 2,
        "43": 1,
        "44": 1,
        "45": 1,
        "46": 2,
        "47": 1,
        "48": 3,
        "49": 3,
        "50": 2,
        "51": 2,
        "52": 2,
        "53": 0,
        "54": 2,
        "55": 3,
        "56": 3,
        "57": 3,
        "58": 2,
        "59": 1,
        "60": 4,
        "61": 1,
        "62": 2,
        "63": 3,
        "64": 4,
        "65": 0,
        "66": 0,
        "67": 1,
        "68": 3,
        "69": 2,
        "70": 1,
        "71": 4,
        "72": 4,
        "73": 3,
        "74": 1,
        "75": 1,
        "76": 0,
        "77": 4,
        "78": 3,
        "79": 0,
        "80": 2,
        "81": 1,
        "82": 3,
        "83": 0,
        "84": 2,
        "85": 1,
        "86": 2,
        "87": 1,
        "88": 2,
        "89": 3,
        "90": 4,
        "91": 0,
        "92": 4,
        "93": 2,
        "94": 4
    },
    "lower_bound": 66.0
}