{
    "node_types": [
        "invoice",
        "sku",
        "zone"
    ],
    "edge_types": [
        "('invoice', 'requires', 'sku')",
        "('sku', 'located_at', 'zone')",
        "('sku', 'rev_requires', 'invoice')",
        "('zone', 'rev_located_at', 'sku')"
    ],
    "num_invoices": 25,
    "num_sku": 100,
    "num_zone": 5,
    "invoices": [
        [
            62,
            54,
            90,
            45,
            75,
            78,
            44,
            48,
            21,
            89
        ],
        [
            15,
            65,
            51,
            67,
            74,
            47,
            93,
            9,
            99,
            69
        ],
        [
            40,
            57,
            45,
            11,
            68,
            24,
            1,
            29,
            97,
            71,
            13,
            9,
            61
        ],
        [
            40,
            5,
            53,
            37,
            17,
            34,
            95,
            18,
            99
        ],
        [
            56,
            0,
            4,
            13,
            96,
            37,
            81,
            68,
            91,
            62,
            58,
            93,
            32,
            18,
            1,
            5
        ],
        [
            73,
            30,
            61,
            55,
            41,
            29,
            79,
            46,
            23,
            67,
            88,
            36,
            85
        ],
        [
            83,
            27,
            10,
            49,
            30,
            71,
            55,
            43,
            72,
            86,
            98,
            24
        ],
        [
            45,
            88,
            26,
            33,
            76,
            89,
            42,
            84
        ],
        [
            44,
            60,
            65,
            45,
            42,
            12,
            80,
            48,
            33,
            94,
            35,
            39,
            32,
            76,
            27
        ],
        [
            97,
            28,
            15,
            47,
            46,
            94,
            61
        ],
        [
            73,
            58,
            19,
            23,
            54,
            1,
            2,
            16,
            98,
            96,
            55,
            55,
            11,
            39
        ],
        [
            66,
            20,
            70,
            52,
            74,
            71,
            88,
            11,
            93,
            82,
            95,
            46,
            78,
            31
        ],
        [
            54,
            63,
            28,
            86,
            50,
            38,
            60,
            78,
            56
        ],
        [
            94,
            78,
            5,
            3,
            21,
            64,
            84,
            28,
            12,
            57,
            6,
            36,
            90
        ],
        [
            75,
            22,
            68,
            6,
            34,
            62,
            7,
            15,
            30,
            13,
            3,
            38,
            79,
            90
        ],
        [
            64,
            14,
            25,
            75,
            69,
            16,
            92,
            87,
            83
        ],
        [
            84,
            67,
            4,
            82,
            70,
            79,
            64,
            62,
            15,
            74,
            99
        ],
        [
            35,
            8,
            16,
            75,
            35,
            0,
            66,
            20,
            80,
            74,
            52,
            18
        ],
        [
            9,
            19,
            7,
            48,
            14,
            19,
            70,
            2,
            44,
            11,
            73
        ],
        [
            40,
            14,
            59,
            25,
            38,
            66,
            54,
            59,
            91,
            44,
            63,
            49,
            51,
            37,
            12,
            21
        ],
        [
            52,
            39,
            8,
            51,
            43,
            13,
            22,
            41,
            4,
            7,
            24,
            58,
            26,
            50,
            10
        ],
        [
            36,
            85,
            34,
            43,
            42,
            18,
            91,
            68,
            17,
            23
        ],
        [
            77,
            77,
            97,
            80,
            85,
            7,
            84,
            72,
            22,
            81,
            49,
            0
        ],
        [
            87,
            79,
            63,
            91,
            96,
            31,
            30,
            93,
            60,
            33,
            49,
            16
        ],
        [
            17,
            28,
            17,
            0,
            66,
            85,
            50,
            73,
            59,
            9,
            53,
            92,
            88
        ]
    ],
    "matching": {
        "0": 3,
        "1": 4,
        "2": 0,
        "3": 3,
        "4": 3,
        "5": 3,
        "6": 4,
        "7": 4,
        "8": 2,
        "9": 4,
        "10": 4,
        "11": 2,
        "12": 2,
        "13": 4,
        "14": 0,
        "15": 2,
        "16": 2,
        "17": 4,
        "18": 1,
        "19": 0,
        "20": 3,
        "21": 3,
        "22": 0,
        "23": 0,
        "24": 3,
        "25": 0,
        "26": 2,
        "27": 2,
        "28": 2,
        "29": 4,
        "30": 4,
        "31": 4,
        "32": 4,
        "33": 1,
        "34": 4,
        "35": 1,
        "36": 0,
        "37": 4,
        "38": 3,
        "39": 0,
        "40": 1,
        "41": 1,
        "42": 3,
        "43": 0,
        "44": 0,
        "45": 1,
        "46": 2,
        "47": 2,
        "48": 1,
        "49": 0,
        "50": 0,
        "51": 1,
        "52": 0,
        "53": 1,
        "54": 2,
        "55": 1,
        "56": 1,
        "57": 3,
        "58": 4,
        "59": 0,
        "60": 4,
        "61": 3,
        "62": 0,
        "63": 0,
        "64": 0,
        "65": 2,
        "66": 2,
        "67": 2,
        "68": 0,
        "69": 1,
        "70": 0,
        "71": 2,
        "72": 0,
        "73": 2,
        "74": 4,
        "75": 1,
        "76": 1,
        "77": 2,
        "78": 0,
        "79": 4,
        "80": 4,
        "81": 3,
        "82": 4,
        "83": 3,
        "84": 3,
        "85": 0,
        "86": 2,
        "87": 3,
        "88": 2,
        "89": 3,
        "90": 0,
        "91": 1,
        "92": 1,
        "93": 2,
        "94": 3,
        "95": 2,
        "96": 2,
        "97": 3,
        "98": 2,
        "99": 1
    },
    "lower_bound": 60.0
}