{
    "node_types": [
        "invoice",
        "sku",
        "zone"
    ],
    "edge_types": [
        "('invoice', 'requires', 'sku')",
        "('sku', 'located_at', 'zone')",
        "('sku', 'rev_requires', 'invoice')",
        "('zone', 'rev_located_at', 'sku')"
    ],
    "num_invoices": 35,
    "num_sku": 73,
    "num_zone": 5,
    "invoices": [
        [
            8,
            36,
            18
        ],
        [
            43,
            42,
            19,
            56,
            70,
            10,
            37,
            63,
            29,
            28
        ],
        [
            7,
            51,
            58,
            56
        ],
        [
            61,
            70,
            23,
            7,
            17,
            45,
            35,
            66
        ],
        [
            39,
            34,
            5,
            17,
            25,
            41,
            18,
            47
        ],
        [
            63,
            29,
            17,
            30,
            29,
            10
        ],
        [
            7
        ],
        [
            52,
            21,
            12,
            36,
            19,
            21,
            31,
            42,
            29,
            11,
            66
        ],
        [
            50,
            47,
            47,
            59,
            28
        ],
        [
            57,
            27,
            23,
            67,
            15,
            70,
            42,
            5,
            10,
            40,
            69
        ],
        [
            64,
            39,
            3,
            24
        ],
        [
            31,
            33,
            46,
            34,
            71,
            31,
            59,
            58
        ],
        [
            64,
            36,
            16,
            46,
            6,
            32,
            61,
            17,
            53,
            4
        ],
        [
            42,
            26,
            47,
            0,
            62,
            16,
            6
        ],
        [
            48,
            50,
            43,
            3,
            59,
            35,
            19,
            20,
            1,
            9
        ],
        [
            7,
            66,
            51,
            52,
            71
        ],
        [
            38,
            53
        ],
        [
            44,
            48,
            22,
            11,
            67,
            67,
            35
        ],
        [
            39,
            55,
            23,
            59,
            24
        ],
        [
            69,
            37,
            32,
            28,
            65,
            1,
            27
        ],
        [
            65,
            50,
            26,
            67,
            30,
            38
        ],
        [
            41,
            44,
            22
        ],
        [
            56,
            52,
            62,
            69,
            61,
            30,
            60,
            54,
            0
        ],
        [
            14,
            72,
            8,
            4,
            12,
            27
        ],
        [
            38,
            38,
            26,
            37,
            50,
            72,
            60
        ],
        [
            34,
            54,
            69,
            4
        ],
        [
            13,
            55,
            63,
            13,
            65
        ],
        [
            58,
            11,
            12
        ],
        [
            34,
            46,
            2,
            27,
            65,
            33,
            60,
            53,
            40,
            61
        ],
        [
            5,
            11,
            49
        ],
        [
            44,
            37,
            22,
            28
        ],
        [
            36,
            21,
            19,
            26
        ],
        [
            9,
            35,
            70,
            43,
            32,
            63,
            15,
            45,
            31
        ],
        [
            68,
            25,
            57,
            22,
            24,
            14,
            10
        ],
        [
            2,
            24,
            49,
            20,
            20,
            68,
            62
        ]
    ],
    "matching": {
        "0": 3,
        "1": 3,
        "2": 4,
        "3": 4,
        "4": 1,
        "5": 4,
        "6": 3,
        "7": 2,
        "8": 4,
        "9": 4,
        "10": 1,
        "11": 1,
        "12": 0,
        "13": 2,
        "14": 0,
        "15": 0,
        "16": 1,
        "17": 4,
        "18": 4,
        "19": 2,
        "20": 2,
        "21": 1,
        "22": 1,
        "23": 4,
        "24": 3,
        "25": 1,
        "26": 0,
        "27": 1,
        "28": 4,
        "29": 1,
        "30": 4,
        "31": 4,
        "32": 1,
        "33": 0,
        "34": 3,
        "35": 1,
        "36": 1,
        "37": 2,
        "38": 4,
        "39": 0,
        "40": 4,
        "41": 3,
        "42": 0,
        "43": 1,
        "44": 0,
        "45": 1,
        "46": 2,
        "47": 0,
        "48": 4,
        "49": 2,
        "50": 3,
        "51": 1,
        "52": 1,
        "53": 0,
        "54": 0,
        "55": 0,
        "56": 0,
        "57": 2,
        "58": 3,
        "59": 0,
        "60": 3,
        "61": 0,
        "62": 0,
        "63": 0,
        "64": 4,
        "65": 2,
        "66": 4,
        "67": 4,
        "68": 3,
        "69": 3,
        "70": 3,
        "71": 2,
        "72": 0
    },
    "lower_bound": 45.0
}