{
    "node_types": [
        "invoice",
        "sku",
        "zone"
    ],
    "edge_types": [
        "('invoice', 'requires', 'sku')",
        "('sku', 'located_at', 'zone')",
        "('sku', 'rev_requires', 'invoice')",
        "('zone', 'rev_located_at', 'sku')"
    ],
    "num_invoices": 30,
    "num_sku": 86,
    "num_zone": 5,
    "invoices": [
        [
            9,
            12,
            83,
            5,
            17,
            65
        ],
        [
            3,
            20,
            66,
            55,
            52
        ],
        [
            65,
            64,
            83,
            26,
            5,
            71,
            54,
            19,
            20,
            69,
            25
        ],
        [
            0,
            75,
            62,
            47,
            19,
            9,
            30,
            43
        ],
        [
            66,
            61,
            16,
            12,
            26,
            31,
            71
        ],
        [
            28,
            67,
            85,
            7,
            60,
            69,
            59,
            75,
            6,
            54
        ],
        [
            78,
            16,
            68,
            41,
            32,
            44,
            29,
            34,
            2
        ],
        [
            56,
            84,
            29,
            42,
            45
        ],
        [
            40,
            2,
            65,
            4,
            53,
            53,
            48
        ],
        [
            28,
            47,
            59,
            21,
            74,
            28,
            6,
            48
        ],
        [
            32,
            10,
            63,
            60,
            51,
            77,
            21,
            80
        ],
        [
            61,
            41,
            53,
            15,
            57,
            49,
            51,
            67,
            79,
            14,
            46
        ],
        [
            85,
            53,
            1,
            15,
            83,
            38,
            67,
            70,
            68,
            39
        ],
        [
            46,
            57,
            18,
            72,
            11,
            35
        ],
        [
            46,
            82,
            33,
            56,
            18,
            79
        ],
        [
            23,
            30,
            22,
            16,
            41,
            29,
            5,
            14,
            17
        ],
        [
            65,
            34,
            17,
            74,
            8,
            19,
            7,
            75,
            10,
            66,
            29,
            47
        ],
        [
            60,
            81,
            21,
            52,
            27,
            80,
            31,
            14
        ],
        [
            22,
            8,
            83,
            73,
            1,
            22,
            54,
            24,
            18,
            44,
            82,
            72,
            37,
            84,
            24
        ],
        [
            35,
            57,
            82,
            60,
            13,
            72,
            11,
            44,
            68,
            81,
            35,
            52
        ],
        [
            27,
            33,
            13,
            20,
            58,
            48,
            33,
            43,
            73,
            4,
            58
        ],
        [
            10,
            75,
            25,
            66,
            45,
            64,
            40,
            64
        ],
        [
            62,
            55,
            50,
            2,
            52,
            0,
            55,
            70,
            37,
            76,
            15
        ],
        [
            85,
            26,
            78
        ],
        [
            41,
            22,
            61,
            6,
            63,
            79,
            42
        ],
        [
            28,
            25,
            33,
            67,
            44
        ],
        [
            34,
            79,
            59,
            40,
            49,
            85,
            49,
            0,
            38,
            76
        ],
        [
            37,
            36,
            50,
            10,
            72,
            70,
            21,
            50
        ],
        [
            0,
            36,
            17,
            23,
            47,
            1,
            78,
            74
        ],
        [
            7,
            80,
            81,
            50,
            8,
            25,
            57,
            77,
            70,
            3,
            39,
            55
        ]
    ],
    "matching": {
        "0": 0,
        "1": 3,
        "2": 3,
        "3": 4,
        "4": 3,
        "5": 4,
        "6": 2,
        "7": 0,
        "8": 0,
        "9": 1,
        "10": 2,
        "11": 2,
        "12": 4,
        "13": 0,
        "14": 2,
        "15": 0,
        "16": 4,
        "17": 3,
        "18": 3,
        "19": 0,
        "20": 4,
        "21": 3,
        "22": 0,
        "23": 0,
        "24": 3,
        "25": 0,
        "26": 3,
        "27": 3,
        "28": 2,
        "29": 1,
        "30": 3,
        "31": 1,
        "32": 0,
        "33": 1,
        "34": 3,
        "35": 2,
        "36": 0,
        "37": 3,
        "38": 2,
        "39": 0,
        "40": 4,
        "41": 0,
        "42": 1,
        "43": 3,
        "44": 3,
        "45": 1,
        "46": 2,
        "47": 1,
        "48": 1,
        "49": 4,
        "50": 3,
        "51": 2,
        "52": 4,
        "53": 2,
        "54": 4,
        "55": 2,
        "56": 2,
        "57": 4,
        "58": 4,
        "59": 3,
        "60": 0,
        "61": 4,
        "62": 1,
        "63": 1,
        "64": 0,
        "65": 2,
        "66": 1,
        "67": 4,
        "68": 1,
        "69": 2,
        "70": 0,
        "71": 0,
        "72": 2,
        "73": 3,
        "74": 3,
        "75": 2,
        "76": 1,
        "77": 3,
        "78": 2,
        "79": 1,
        "80": 2,
        "81": 1,
        "82": 3,
        "83": 3,
        "84": 0,
        "85": 3
    },
    "lower_bound": 57.0
}