{
    "node_types": [
        "invoice",
        "sku",
        "zone"
    ],
    "edge_types": [
        "('invoice', 'requires', 'sku')",
        "('sku', 'located_at', 'zone')",
        "('sku', 'rev_requires', 'invoice')",
        "('zone', 'rev_located_at', 'sku')"
    ],
    "num_invoices": 35,
    "num_sku": 65,
    "num_zone": 5,
    "invoices": [
        [
            3,
            34,
            62,
            46,
            35,
            41,
            30,
            63
        ],
        [
            27,
            47,
            28
        ],
        [
            16,
            15,
            60
        ],
        [
            50,
            16,
            56,
            4,
            15,
            30,
            48,
            49
        ],
        [
            53,
            2,
            38,
            33,
            58,
            31,
            33,
            34,
            4,
            7,
            62
        ],
        [
            37,
            3,
            49,
            57,
            22,
            59,
            30,
            46
        ],
        [
            54,
            3,
            59,
            24,
            53,
            50
        ],
        [
            25,
            45,
            53,
            14
        ],
        [
            36,
            6,
            41,
            43
        ],
        [
            9,
            48,
            14,
            54,
            56,
            1,
            46,
            62,
            58
        ],
        [
            6,
            46,
            11
        ],
        [
            22,
            13,
            16,
            20,
            38,
            20
        ],
        [
            53,
            57,
            48,
            33,
            58,
            25
        ],
        [
            15,
            7,
            36,
            40,
            34
        ],
        [
            52,
            37,
            8,
            21
        ],
        [
            19,
            23,
            29,
            64,
            44
        ],
        [
            26,
            8,
            43,
            55,
            62
        ],
        [
            31,
            39
        ],
        [
            61,
            42,
            10,
            39,
            32
        ],
        [
            11,
            36,
            57,
            17,
            35
        ],
        [
            21,
            7,
            37,
            6,
            45,
            7,
            30
        ],
        [
            56,
            45,
            61,
            47
        ],
        [
            9,
            41,
            44,
            64,
            49,
            36,
            32,
            42,
            12
        ],
        [
            17,
            12
        ],
        [
            26,
            63,
            56,
            21,
            28,
            15,
            14,
            23,
            17
        ],
        [
            38,
            24,
            1,
            9
        ],
        [
            37,
            40,
            44,
            19,
            40,
            10,
            5,
            60,
            51
        ],
        [
            51,
            42,
            44
        ],
        [
            35,
            8
        ],
        [
            63
        ],
        [
            0,
            0,
            5,
            17,
            27
        ],
        [
            2,
            42,
            25,
            64,
            25,
            31,
            4
        ],
        [
            54,
            27,
            18,
            54,
            52
        ],
        [
            10,
            16,
            5,
            9,
            13,
            29,
            55
        ],
        [
            59,
            50,
            59,
            23,
            34,
            2,
            18
        ]
    ],
    "matching": {
        "0": 0,
        "1": 2,
        "2": 1,
        "3": 0,
        "4": 1,
        "5": 4,
        "6": 1,
        "7": 2,
        "8": 0,
        "9": 1,
        "10": 4,
        "11": 0,
        "12": 1,
        "13": 2,
        "14": 1,
        "15": 0,
        "16": 2,
        "17": 1,
        "18": 3,
        "19": 4,
        "20": 1,
        "21": 2,
        "22": 2,
        "23": 4,
        "24": 0,
        "25": 3,
        "26": 4,
        "27": 2,
        "28": 1,
        "29": 1,
        "30": 4,
        "31": 1,
        "32": 3,
        "33": 1,
        "34": 1,
        "35": 0,
        "36": 1,
        "37": 2,
        "38": 1,
        "39": 4,
        "40": 4,
        "41": 0,
        "42": 1,
        "43": 4,
        "44": 3,
        "45": 4,
        "46": 4,
        "47": 1,
        "48": 1,
        "49": 3,
        "50": 4,
        "51": 1,
        "52": 1,
        "53": 1,
        "54": 1,
        "55": 4,
        "56": 2,
        "57": 0,
        "58": 2,
        "59": 0,
        "60": 4,
        "61": 1,
        "62": 3,
        "63": 2,
        "64": 2
    },
    "lower_bound": 45.0
}