{
    "node_types": [
        "invoice",
        "sku",
        "zone"
    ],
    "edge_types": [
        "('invoice', 'requires', 'sku')",
        "('sku', 'located_at', 'zone')",
        "('sku', 'rev_requires', 'invoice')",
        "('zone', 'rev_located_at', 'sku')"
    ],
    "num_invoices": 34,
    "num_sku": 87,
    "num_zone": 5,
    "invoices": [
        [
            25,
            74,
            17,
            30,
            64,
            79,
            21,
            14,
            36
        ],
        [
            74,
            60,
            46,
            79,
            40,
            86,
            31,
            28
        ],
        [
            52,
            48,
            16,
            38,
            9,
            17,
            3,
            52
        ],
        [
            14,
            54,
            71,
            10,
            35,
            82,
            72,
            83,
            12,
            71,
            86
        ],
        [
            66,
            26,
            32,
            49,
            71,
            33,
            50,
            45,
            24,
            37,
            27,
            47,
            51
        ],
        [
            11,
            3,
            85,
            42,
            57
        ],
        [
            80,
            39,
            21,
            58,
            77,
            16,
            58,
            85,
            18,
            7,
            55,
            45,
            75,
            10,
            35
        ],
        [
            80,
            39,
            31,
            64,
            53,
            19,
            29,
            12,
            0,
            57
        ],
        [
            4,
            85,
            20,
            42
        ],
        [
            16,
            84,
            33,
            1,
            13,
            19,
            77,
            75
        ],
        [
            23,
            33,
            44,
            35,
            62,
            60,
            60
        ],
        [
            69,
            5,
            11,
            50,
            6,
            35
        ],
        [
            12,
            26,
            44,
            72,
            25,
            17,
            29,
            12
        ],
        [
            32,
            81,
            11
        ],
        [
            66,
            67,
            48,
            60,
            67,
            81,
            58,
            73
        ],
        [
            50,
            30,
            28,
            34,
            7,
            56
        ],
        [
            34,
            65,
            61,
            78,
            26,
            67
        ],
        [
            4,
            53,
            0,
            8,
            63,
            25
        ],
        [
            32,
            64,
            55,
            59,
            51,
            78,
            23,
            2,
            21,
            25,
            69,
            84,
            30,
            15
        ],
        [
            34,
            1,
            36,
            2
        ],
        [
            79,
            64,
            11,
            65,
            47,
            49,
            41,
            39,
            37,
            49
        ],
        [
            33,
            9,
            51,
            68,
            80,
            31,
            61,
            15,
            61,
            28,
            68
        ],
        [
            63,
            48,
            63,
            0,
            8,
            66,
            75
        ],
        [
            20,
            43,
            39,
            14,
            83,
            86,
            69,
            49
        ],
        [
            30,
            68,
            20,
            47
        ],
        [
            45,
            46,
            40
        ],
        [
            56,
            55,
            31
        ],
        [
            59,
            18,
            22,
            3,
            71,
            36
        ],
        [
            24,
            7,
            57,
            23,
            70,
            6,
            62,
            24,
            57
        ],
        [
            43,
            14,
            70,
            0,
            76,
            70,
            70,
            85,
            36,
            15
        ],
        [
            41,
            27,
            86,
            52,
            68,
            76,
            72
        ],
        [
            26,
            38,
            45,
            58,
            54,
            20,
            78
        ],
        [
            47,
            55,
            82,
            17,
            1,
            8,
            73,
            5,
            56,
            13,
            65
        ],
        [
            50,
            81,
            82,
            83,
            48,
            38,
            22
        ]
    ],
    "matching": {
        "0": 0,
        "1": 2,
        "2": 3,
        "3": 1,
        "4": 1,
        "5": 4,
        "6": 4,
        "7": 1,
        "8": 0,
        "9": 2,
        "10": 3,
        "11": 2,
        "12": 0,
        "13": 2,
        "14": 1,
        "15": 3,
        "16": 2,
        "17": 2,
        "18": 0,
        "19": 4,
        "20": 1,
        "21": 4,
        "22": 0,
        "23": 2,
        "24": 0,
        "25": 1,
        "26": 3,
        "27": 2,
        "28": 4,
        "29": 0,
        "30": 4,
        "31": 4,
        "32": 1,
        "33": 1,
        "34": 2,
        "35": 3,
        "36": 2,
        "37": 1,
        "38": 2,
        "39": 1,
        "40": 0,
        "41": 0,
        "42": 2,
        "43": 3,
        "44": 3,
        "45": 4,
        "46": 3,
        "47": 1,
        "48": 4,
        "49": 2,
        "50": 3,
        "51": 3,
        "52": 2,
        "53": 3,
        "54": 2,
        "55": 0,
        "56": 4,
        "57": 4,
        "58": 1,
        "59": 3,
        "60": 2,
        "61": 4,
        "62": 1,
        "63": 4,
        "64": 4,
        "65": 2,
        "66": 2,
        "67": 1,
        "68": 0,
        "69": 1,
        "70": 2,
        "71": 4,
        "72": 2,
        "73": 2,
        "74": 0,
        "75": 0,
        "76": 0,
        "77": 3,
        "78": 2,
        "79": 4,
        "80": 4,
        "81": 0,
        "82": 4,
        "83": 3,
        "84": 2,
        "85": 2,
        "86": 0
    },
    "lower_bound": 57.0
}