{
    "node_types": [
        "invoice",
        "sku",
        "zone"
    ],
    "edge_types": [
        "('invoice', 'requires', 'sku')",
        "('sku', 'located_at', 'zone')",
        "('sku', 'rev_requires', 'invoice')",
        "('zone', 'rev_located_at', 'sku')"
    ],
    "num_invoices": 32,
    "num_sku": 77,
    "num_zone": 5,
    "invoices": [
        [
            10,
            12,
            76,
            40,
            67
        ],
        [
            28,
            66,
            12,
            73,
            60
        ],
        [
            52,
            38,
            75,
            40,
            71,
            32,
            46,
            64
        ],
        [
            60,
            32,
            43,
            42,
            26,
            73,
            14,
            20,
            3,
            55
        ],
        [
            3,
            68,
            15
        ],
        [
            56,
            27,
            19,
            45
        ],
        [
            25,
            6,
            54,
            24,
            21,
            22,
            67,
            63,
            47,
            38,
            23,
            70,
            12
        ],
        [
            24,
            14,
            37,
            26
        ],
        [
            39,
            19,
            18,
            16,
            74,
            0
        ],
        [
            58,
            13,
            53,
            28,
            44,
            23,
            4
        ],
        [
            72,
            37,
            9,
            56,
            17,
            25,
            51,
            26,
            9,
            12,
            65,
            27,
            58
        ],
        [
            42,
            15,
            57,
            50,
            2
        ],
        [
            7,
            15,
            47,
            27,
            46,
            20,
            14
        ],
        [
            75,
            69,
            14
        ],
        [
            24,
            68,
            10,
            74,
            35,
            41,
            62
        ],
        [
            36,
            35,
            59,
            72,
            76,
            52,
            7,
            13,
            45,
            2
        ],
        [
            59,
            6,
            37,
            19,
            31,
            16,
            16,
            25,
            58,
            39,
            68
        ],
        [
            65,
            75,
            74,
            59,
            24,
            35
        ],
        [
            11,
            48,
            40,
            68,
            28,
            70,
            33,
            17
        ],
        [
            49,
            33,
            41,
            56,
            5
        ],
        [
            57,
            60,
            18,
            63,
            11,
            64,
            4,
            51
        ],
        [
            31,
            49,
            2,
            50,
            69,
            38,
            36,
            62
        ],
        [
            1,
            4,
            8,
            66,
            71,
            3,
            21,
            43
        ],
        [
            6,
            52,
            53
        ],
        [
            75,
            37,
            25,
            3,
            39,
            50
        ],
        [
            7,
            21,
            9,
            63
        ],
        [
            61,
            13,
            48,
            1,
            32,
            44,
            15,
            47,
            61
        ],
        [
            60,
            47,
            76,
            29,
            16,
            41,
            29
        ],
        [
            61,
            5,
            9,
            27,
            58,
            21,
            55
        ],
        [
            18,
            8,
            63,
            34,
            13,
            31
        ],
        [
            31,
            0,
            54,
            30,
            72,
            10,
            22,
            28,
            65,
            19,
            65,
            36,
            7,
            22
        ],
        [
            53,
            0,
            22,
            55,
            30,
            72,
            34
        ]
    ],
    "matching": {
        "0": 3,
        "1": 4,
        "2": 3,
        "3": 0,
        "4": 1,
        "5": 3,
        "6": 0,
        "7": 0,
        "8": 2,
        "9": 2,
        "10": 0,
        "11": 0,
        "12": 1,
        "13": 2,
        "14": 3,
        "15": 1,
        "16": 4,
        "17": 3,
        "18": 1,
        "19": 3,
        "20": 1,
        "21": 2,
        "22": 4,
        "23": 1,
        "24": 3,
        "25": 0,
        "26": 3,
        "27": 4,
        "28": 0,
        "29": 2,
        "30": 1,
        "31": 1,
        "32": 0,
        "33": 4,
        "34": 1,
        "35": 4,
        "36": 0,
        "37": 0,
        "38": 0,
        "39": 4,
        "40": 0,
        "41": 3,
        "42": 0,
        "43": 0,
        "44": 4,
        "45": 4,
        "46": 1,
        "47": 3,
        "48": 4,
        "49": 0,
        "50": 2,
        "51": 1,
        "52": 4,
        "53": 1,
        "54": 0,
        "55": 2,
        "56": 2,
        "57": 4,
        "58": 4,
        "59": 2,
        "60": 0,
        "61": 0,
        "62": 4,
        "63": 3,
        "64": 0,
        "65": 1,
        "66": 2,
        "67": 2,
        "68": 4,
        "69": 2,
        "70": 1,
        "71": 4,
        "72": 3,
        "73": 1,
        "74": 4,
        "75": 4,
        "76": 1
    },
    "lower_bound": 54.0
}