{
    "node_types": [
        "invoice",
        "sku",
        "zone"
    ],
    "edge_types": [
        "('invoice', 'requires', 'sku')",
        "('sku', 'located_at', 'zone')",
        "('sku', 'rev_requires', 'invoice')",
        "('zone', 'rev_located_at', 'sku')"
    ],
    "num_invoices": 33,
    "num_sku": 94,
    "num_zone": 5,
    "invoices": [
        [
            80,
            7,
            1,
            87,
            77,
            29,
            55
        ],
        [
            73,
            63,
            23,
            13,
            17,
            45,
            46,
            23,
            30,
            58,
            84
        ],
        [
            22,
            92,
            60,
            48,
            17
        ],
        [
            38,
            65,
            14,
            4,
            50,
            66,
            48,
            12,
            22,
            54,
            70,
            81
        ],
        [
            15,
            11,
            18,
            91,
            41,
            56,
            49,
            76,
            19
        ],
        [
            88,
            87,
            69,
            24,
            62,
            43,
            8
        ],
        [
            75,
            14,
            12,
            3,
            36,
            72,
            81,
            44,
            45
        ],
        [
            8,
            92,
            19,
            57,
            35,
            51,
            24,
            33,
            46,
            54,
            91,
            68,
            8
        ],
        [
            68,
            40,
            10,
            30,
            43,
            61,
            59,
            20,
            5
        ],
        [
            92,
            79,
            27,
            62,
            61,
            44,
            38,
            9,
            25,
            75,
            35,
            63,
            38
        ],
        [
            12,
            50,
            22,
            37
        ],
        [
            59,
            88,
            37,
            58,
            87,
            21,
            41
        ],
        [
            31,
            72,
            53,
            35,
            40,
            92,
            63,
            18,
            66,
            29,
            62,
            23
        ],
        [
            26,
            18,
            36,
            74,
            11,
            39,
            64,
            40,
            1,
            52,
            82,
            57,
            57,
            6
        ],
        [
            5,
            9,
            48,
            80,
            9,
            47
        ],
        [
            91,
            71,
            22,
            73,
            85,
            10,
            49,
            65,
            83,
            87,
            84
        ],
        [
            10,
            0,
            45,
            43,
            3,
            62,
            26,
            44,
            67,
            71,
            56
        ],
        [
            28,
            56,
            41,
            48,
            42,
            42,
            51,
            19,
            46,
            20,
            60,
            81
        ],
        [
            66,
            43,
            79,
            20,
            70,
            32,
            83,
            71
        ],
        [
            60,
            21,
            29,
            25,
            88
        ],
        [
            68,
            39,
            93,
            2,
            83,
            44,
            13,
            28,
            37
        ],
        [
            84,
            29,
            14,
            34,
            68
        ],
        [
            69,
            55,
            90,
            1,
            75,
            24,
            70,
            15,
            0,
            13
        ],
        [
            2,
            27,
            86,
            39,
            78,
            42,
            28,
            90
        ],
        [
            93,
            89,
            10,
            12,
            7,
            70,
            6,
            35,
            25,
            85
        ],
        [
            30,
            8,
            5,
            3,
            78,
            52,
            91,
            59,
            82,
            19
        ],
        [
            84,
            73,
            74,
            60,
            41,
            76,
            33,
            71,
            53,
            0
        ],
        [
            46,
            20,
            31,
            45,
            73,
            16,
            34
        ],
        [
            50,
            6,
            74,
            78,
            51,
            93,
            7,
            39
        ],
        [
            56,
            31,
            82,
            6,
            47
        ],
        [
            38,
            18,
            24,
            64,
            85,
            32,
            36,
            90,
            55
        ],
        [
            4,
            16,
            67,
            86,
            5,
            79,
            86,
            89,
            37
        ],
        [
            53,
            89,
            77,
            34,
            17
        ]
    ],
    "matching": {
        "0": 4,
        "1": 0,
        "2": 3,
        "3": 1,
        "4": 1,
        "5": 0,
        "6": 1,
        "7": 4,
        "8": 2,
        "9": 2,
        "10": 3,
        "11": 3,
        "12": 0,
        "13": 2,
        "14": 3,
        "15": 0,
        "16": 0,
        "17": 0,
        "18": 0,
        "19": 1,
        "20": 1,
        "21": 1,
        "22": 2,
        "23": 0,
        "24": 2,
        "25": 3,
        "26": 0,
        "27": 2,
        "28": 3,
        "29": 4,
        "30": 0,
        "31": 4,
        "32": 0,
        "33": 1,
        "34": 2,
        "35": 0,
        "36": 2,
        "37": 2,
        "38": 3,
        "39": 3,
        "40": 0,
        "41": 3,
        "42": 0,
        "43": 2,
        "44": 4,
        "45": 4,
        "46": 2,
        "47": 3,
        "48": 4,
        "49": 1,
        "50": 2,
        "51": 2,
        "52": 4,
        "53": 2,
        "54": 1,
        "55": 4,
        "56": 0,
        "57": 1,
        "58": 0,
        "59": 1,
        "60": 0,
        "61": 1,
        "62": 3,
        "63": 0,
        "64": 0,
        "65": 2,
        "66": 2,
        "67": 3,
        "68": 2,
        "69": 2,
        "70": 3,
        "71": 2,
        "72": 3,
        "73": 2,
        "74": 2,
        "75": 1,
        "76": 2,
        "77": 4,
        "78": 1,
        "79": 4,
        "80": 4,
        "81": 3,
        "82": 3,
        "83": 2,
        "84": 4,
        "85": 3,
        "86": 0,
        "87": 2,
        "88": 3,
        "89": 4,
        "90": 4,
        "91": 0,
        "92": 2,
        "93": 0
    },
    "lower_bound": 54.0
}