{
    "node_types": [
        "invoice",
        "sku",
        "zone"
    ],
    "edge_types": [
        "('invoice', 'requires', 'sku')",
        "('sku', 'located_at', 'zone')",
        "('sku', 'rev_requires', 'invoice')",
        "('zone', 'rev_located_at', 'sku')"
    ],
    "num_invoices": 35,
    "num_sku": 52,
    "num_zone": 5,
    "invoices": [
        [
            40,
            16,
            28,
            14
        ],
        [],
        [
            20,
            48
        ],
        [
            24,
            27,
            49,
            16,
            27,
            8,
            38,
            36
        ],
        [
            0,
            46,
            33,
            1,
            12
        ],
        [
            0,
            15,
            42,
            14
        ],
        [
            9,
            12,
            13,
            26
        ],
        [
            51,
            40,
            43,
            25,
            28
        ],
        [
            34,
            43,
            6,
            44,
            4
        ],
        [
            35,
            23,
            32,
            21
        ],
        [
            29,
            45,
            43
        ],
        [
            44,
            37,
            39,
            28,
            23,
            44,
            25,
            2
        ],
        [
            41,
            3,
            17,
            34
        ],
        [
            40,
            27,
            9,
            13
        ],
        [
            36,
            13
        ],
        [
            33,
            18,
            9
        ],
        [
            10,
            50,
            24,
            14
        ],
        [
            3,
            6
        ],
        [
            21,
            35,
            7,
            1,
            50,
            22
        ],
        [
            30,
            8,
            20,
            44,
            6
        ],
        [
            33,
            25,
            11,
            49
        ],
        [
            8
        ],
        [
            11,
            32,
            39,
            17,
            5,
            36,
            47
        ],
        [
            39,
            37,
            31,
            45,
            45,
            19
        ],
        [
            51,
            17,
            42,
            24,
            50
        ],
        [
            26,
            10,
            21,
            15,
            26,
            15,
            48,
            8,
            7,
            16,
            11,
            38,
            50
        ],
        [
            34,
            22,
            36,
            29,
            13
        ],
        [
            45,
            2,
            4,
            51,
            30,
            5,
            47,
            19
        ],
        [
            51,
            29,
            49,
            10,
            46
        ],
        [
            28,
            34
        ],
        [
            31,
            24,
            20
        ],
        [
            16,
            32,
            18,
            12,
            43,
            1
        ],
        [
            23,
            7,
            41,
            22,
            19,
            27,
            19,
            26
        ],
        [
            39,
            48
        ],
        [
            10,
            47,
            25
        ]
    ],
    "matching": {
        "0": 0,
        "1": 2,
        "2": 4,
        "3": 4,
        "4": 4,
        "5": 1,
        "6": 1,
        "7": 4,
        "8": 2,
        "9": 3,
        "10": 1,
        "11": 1,
        "12": 2,
        "13": 2,
        "14": 1,
        "15": 1,
        "16": 0,
        "17": 0,
        "18": 1,
        "19": 0,
        "20": 2,
        "21": 1,
        "22": 3,
        "23": 2,
        "24": 1,
        "25": 1,
        "26": 3,
        "27": 3,
        "28": 1,
        "29": 4,
        "30": 2,
        "31": 2,
        "32": 0,
        "33": 2,
        "34": 1,
        "35": 3,
        "36": 0,
        "37": 1,
        "38": 3,
        "39": 0,
        "40": 2,
        "41": 1,
        "42": 1,
        "43": 1,
        "44": 2,
        "45": 0,
        "46": 4,
        "47": 0,
        "48": 4,
        "49": 3,
        "50": 1,
        "51": 3
    },
    "lower_bound": 51.0
}