{
    "node_types": [
        "invoice",
        "sku",
        "zone"
    ],
    "edge_types": [
        "('invoice', 'requires', 'sku')",
        "('sku', 'located_at', 'zone')",
        "('sku', 'rev_requires', 'invoice')",
        "('zone', 'rev_located_at', 'sku')"
    ],
    "num_invoices": 26,
    "num_sku": 62,
    "num_zone": 5,
    "invoices": [
        [
            28,
            30,
            44,
            6,
            52
        ],
        [
            42,
            28,
            4,
            60,
            52
        ],
        [
            13,
            27,
            53,
            25,
            31,
            10,
            45
        ],
        [
            53,
            19,
            17,
            35,
            50,
            18,
            13,
            58
        ],
        [
            45,
            20,
            57,
            39,
            37,
            53,
            52,
            0,
            44,
            56
        ],
        [
            1,
            14,
            38,
            51,
            2
        ],
        [
            10,
            9,
            36,
            14,
            33,
            32,
            27
        ],
        [
            9,
            23,
            16,
            40,
            61,
            34,
            12,
            21
        ],
        [
            35,
            7,
            5,
            27,
            1,
            7
        ],
        [
            11,
            55,
            37,
            1
        ],
        [
            24,
            47,
            31,
            61,
            56,
            21,
            10
        ],
        [
            14,
            54,
            10
        ],
        [
            38,
            46,
            46,
            0,
            32,
            37,
            54,
            5,
            39
        ],
        [
            31,
            42,
            24,
            24,
            5,
            12,
            19,
            26,
            57,
            22,
            20,
            24
        ],
        [
            14,
            44,
            49,
            16,
            55
        ],
        [
            4,
            48,
            11,
            48,
            42,
            22,
            40,
            30
        ],
        [
            2,
            1,
            9,
            60,
            23
        ],
        [
            41,
            6,
            41,
            51,
            33,
            45,
            57,
            33
        ],
        [
            2,
            23,
            59,
            43,
            44,
            40,
            23,
            16,
            18,
            7
        ],
        [
            20,
            29,
            51,
            30,
            25,
            51,
            60,
            3,
            29,
            3
        ],
        [
            49,
            28,
            30,
            43,
            0,
            61,
            41
        ],
        [
            52,
            50,
            42,
            0,
            33,
            6,
            22,
            47,
            31
        ],
        [
            59,
            48,
            15,
            57,
            16,
            26,
            15,
            12
        ],
        [
            17,
            34,
            6,
            36,
            29,
            36,
            58
        ],
        [
            46,
            59,
            54,
            43,
            43,
            8,
            20
        ],
        [
            56,
            17,
            8,
            5,
            61,
            29
        ]
    ],
    "matching": {
        "0": 0,
        "1": 3,
        "2": 4,
        "3": 3,
        "4": 1,
        "5": 3,
        "6": 3,
        "7": 1,
        "8": 3,
        "9": 2,
        "10": 1,
        "11": 3,
        "12": 0,
        "13": 3,
        "14": 2,
        "15": 3,
        "16": 2,
        "17": 0,
        "18": 2,
        "19": 2,
        "20": 3,
        "21": 4,
        "22": 3,
        "23": 0,
        "24": 3,
        "25": 1,
        "26": 2,
        "27": 3,
        "28": 4,
        "29": 1,
        "30": 4,
        "31": 4,
        "32": 4,
        "33": 2,
        "34": 0,
        "35": 3,
        "36": 3,
        "37": 2,
        "38": 0,
        "39": 1,
        "40": 0,
        "41": 4,
        "42": 1,
        "43": 4,
        "44": 3,
        "45": 4,
        "46": 0,
        "47": 4,
        "48": 1,
        "49": 0,
        "50": 2,
        "51": 3,
        "52": 0,
        "53": 3,
        "54": 0,
        "55": 1,
        "56": 0,
        "57": 0,
        "58": 2,
        "59": 1,
        "60": 2,
        "61": 3
    },
    "lower_bound": 48.0
}