{
    "node_types": [
        "invoice",
        "sku",
        "zone"
    ],
    "edge_types": [
        "('invoice', 'requires', 'sku')",
        "('sku', 'located_at', 'zone')",
        "('sku', 'rev_requires', 'invoice')",
        "('zone', 'rev_located_at', 'sku')"
    ],
    "num_invoices": 33,
    "num_sku": 53,
    "num_zone": 5,
    "invoices": [
        [
            8,
            32,
            5,
            24
        ],
        [
            39,
            42,
            36,
            47
        ],
        [
            20,
            13,
            5,
            34,
            25
        ],
        [
            15,
            48,
            10,
            38,
            27
        ],
        [
            27,
            10,
            11,
            6
        ],
        [
            10,
            20,
            13,
            40,
            26,
            17
        ],
        [
            43,
            19,
            21
        ],
        [
            2,
            27,
            45
        ],
        [
            29,
            42,
            45,
            2,
            2,
            22
        ],
        [
            44
        ],
        [
            27,
            51,
            12,
            40,
            9,
            28
        ],
        [
            52,
            32,
            9,
            46
        ],
        [
            0,
            33,
            43,
            12
        ],
        [
            4,
            18,
            47
        ],
        [
            38,
            14,
            43,
            37
        ],
        [
            45,
            7,
            19
        ],
        [
            15,
            20,
            13,
            50,
            6,
            3,
            32,
            17,
            6
        ],
        [
            41,
            41,
            30
        ],
        [
            52,
            23,
            10,
            48,
            40,
            0,
            44
        ],
        [
            35,
            39,
            21,
            12,
            33,
            4,
            47
        ],
        [
            50,
            16,
            25,
            31,
            22,
            7
        ],
        [
            5,
            30,
            36,
            46,
            5,
            15,
            3
        ],
        [
            17,
            47,
            37,
            14,
            11,
            3,
            29,
            29
        ],
        [
            38,
            2,
            14,
            1
        ],
        [
            34,
            15
        ],
        [
            6,
            33,
            49,
            11,
            18
        ],
        [
            25,
            8,
            31,
            17
        ],
        [
            23,
            4,
            20,
            45
        ],
        [
            31,
            24,
            48,
            1,
            37
        ],
        [
            19,
            38,
            21
        ],
        [
            13,
            16,
            0,
            35
        ],
        [
            23,
            49,
            18,
            40
        ],
        [
            12,
            26,
            43,
            28,
            51
        ]
    ],
    "matching": {
        "0": 2,
        "1": 0,
        "2": 2,
        "3": 3,
        "4": 3,
        "5": 3,
        "6": 2,
        "7": 0,
        "8": 2,
        "9": 0,
        "10": 0,
        "11": 1,
        "12": 2,
        "13": 2,
        "14": 1,
        "15": 2,
        "16": 3,
        "17": 1,
        "18": 1,
        "19": 2,
        "20": 4,
        "21": 2,
        "22": 4,
        "23": 0,
        "24": 2,
        "25": 1,
        "26": 0,
        "27": 1,
        "28": 1,
        "29": 4,
        "30": 4,
        "31": 3,
        "32": 3,
        "33": 0,
        "34": 1,
        "35": 3,
        "36": 2,
        "37": 4,
        "38": 4,
        "39": 2,
        "40": 1,
        "41": 2,
        "42": 1,
        "43": 4,
        "44": 3,
        "45": 2,
        "46": 0,
        "47": 0,
        "48": 4,
        "49": 0,
        "50": 4,
        "51": 4,
        "52": 1
    },
    "lower_bound": 39.0
}