{
    "node_types": [
        "invoice",
        "sku",
        "zone"
    ],
    "edge_types": [
        "('invoice', 'requires', 'sku')",
        "('sku', 'located_at', 'zone')",
        "('sku', 'rev_requires', 'invoice')",
        "('zone', 'rev_located_at', 'sku')"
    ],
    "num_invoices": 35,
    "num_sku": 71,
    "num_zone": 5,
    "invoices": [
        [
            63,
            5,
            9,
            30,
            1,
            11,
            19
        ],
        [
            57,
            18,
            31,
            25
        ],
        [
            2,
            37,
            4,
            28,
            30,
            66,
            47,
            53,
            8
        ],
        [
            48,
            55,
            35,
            12,
            16,
            68,
            40,
            38,
            31,
            48
        ],
        [
            17,
            20,
            0,
            23,
            44,
            34,
            0,
            16
        ],
        [
            22,
            43,
            39,
            13
        ],
        [
            2,
            11,
            39,
            37
        ],
        [
            54,
            29,
            45,
            66,
            8,
            7
        ],
        [
            4,
            12,
            23,
            36,
            45
        ],
        [
            24,
            54,
            59,
            26,
            34,
            33,
            33,
            42,
            24
        ],
        [
            67,
            35,
            37,
            10
        ],
        [
            8,
            8,
            49,
            3,
            47,
            50
        ],
        [
            63,
            35,
            31,
            40,
            26,
            66,
            41,
            15,
            41
        ],
        [
            70,
            46,
            10
        ],
        [
            14,
            63,
            46,
            51
        ],
        [
            18,
            56
        ],
        [
            42,
            64,
            25,
            24,
            64,
            29,
            58,
            5,
            60
        ],
        [
            59,
            46,
            70,
            47,
            21,
            6,
            32,
            32,
            51,
            16
        ],
        [
            3,
            70,
            23,
            51,
            12,
            14,
            35,
            66,
            27,
            68,
            51
        ],
        [
            56,
            38,
            24,
            52,
            57
        ],
        [
            40
        ],
        [
            20,
            69,
            52,
            69,
            5,
            9,
            43
        ],
        [
            0,
            62
        ],
        [
            55,
            1,
            13,
            61,
            57
        ],
        [
            13,
            4,
            42,
            5,
            18,
            6,
            31,
            22,
            44,
            15
        ],
        [
            28,
            19,
            1,
            54
        ],
        [
            56,
            32,
            9,
            19,
            69,
            54,
            34
        ],
        [
            41,
            6,
            44,
            10,
            39,
            70,
            57,
            60,
            63
        ],
        [
            61,
            37,
            62,
            29,
            62,
            55
        ],
        [
            14,
            4,
            38
        ],
        [
            36,
            49,
            17,
            65,
            59,
            1,
            7
        ],
        [
            44,
            13,
            67,
            22
        ],
        [
            14,
            53,
            27,
            2,
            12,
            69
        ],
        [
            58,
            11,
            38,
            0
        ],
        [
            45,
            2,
            58,
            48,
            65,
            16,
            21,
            50,
            59
        ]
    ],
    "matching": {
        "0": 3,
        "1": 3,
        "2": 2,
        "3": 4,
        "4": 0,
        "5": 0,
        "6": 1,
        "7": 0,
        "8": 2,
        "9": 1,
        "10": 0,
        "11": 3,
        "12": 0,
        "13": 4,
        "14": 3,
        "15": 0,
        "16": 2,
        "17": 3,
        "18": 0,
        "19": 3,
        "20": 0,
        "21": 3,
        "22": 3,
        "23": 4,
        "24": 0,
        "25": 0,
        "26": 0,
        "27": 1,
        "28": 2,
        "29": 4,
        "30": 3,
        "31": 1,
        "32": 4,
        "33": 0,
        "34": 2,
        "35": 3,
        "36": 2,
        "37": 1,
        "38": 0,
        "39": 4,
        "40": 2,
        "41": 3,
        "42": 0,
        "43": 4,
        "44": 4,
        "45": 0,
        "46": 1,
        "47": 4,
        "48": 1,
        "49": 1,
        "50": 3,
        "51": 0,
        "52": 3,
        "53": 1,
        "54": 0,
        "55": 4,
        "56": 3,
        "57": 4,
        "58": 2,
        "59": 0,
        "60": 2,
        "61": 3,
        "62": 0,
        "63": 0,
        "64": 1,
        "65": 3,
        "66": 3,
        "67": 0,
        "68": 0,
        "69": 0,
        "70": 2
    },
    "lower_bound": 45.0
}