{
    "node_types": [
        "invoice",
        "sku",
        "zone"
    ],
    "edge_types": [
        "('invoice', 'requires', 'sku')",
        "('sku', 'located_at', 'zone')",
        "('sku', 'rev_requires', 'invoice')",
        "('zone', 'rev_located_at', 'sku')"
    ],
    "num_invoices": 35,
    "num_sku": 65,
    "num_zone": 5,
    "invoices": [
        [
            15,
            39,
            9,
            37
        ],
        [
            23,
            51,
            14,
            10
        ],
        [
            58,
            27,
            48,
            4,
            17
        ],
        [
            60,
            30,
            28,
            21
        ],
        [
            21,
            63,
            8,
            27,
            45,
            21
        ],
        [
            25,
            6,
            51,
            22,
            61,
            60,
            53,
            51,
            25
        ],
        [
            59,
            24,
            64,
            31,
            10,
            58
        ],
        [
            20,
            36,
            24
        ],
        [
            9,
            3,
            13,
            9,
            6,
            5
        ],
        [
            42,
            33,
            18,
            27,
            38,
            45
        ],
        [
            38,
            49,
            8,
            0,
            44
        ],
        [
            48,
            46
        ],
        [
            7,
            42,
            52,
            50,
            11,
            29,
            47,
            59,
            48
        ],
        [
            1,
            5,
            50,
            28,
            53,
            30,
            47
        ],
        [
            52,
            34,
            57,
            57,
            36,
            55,
            32,
            54,
            54,
            14
        ],
        [
            39,
            37,
            55,
            41,
            22
        ],
        [
            59,
            63,
            56,
            38
        ],
        [
            34,
            28,
            12,
            63,
            50,
            19,
            64,
            8
        ],
        [
            6,
            18,
            18,
            64,
            4,
            24
        ],
        [
            7,
            20,
            29,
            50
        ],
        [
            31,
            10,
            56
        ],
        [
            62,
            37,
            17,
            35
        ],
        [
            31,
            42,
            54,
            40,
            56,
            26,
            39
        ],
        [
            40,
            15,
            40,
            30,
            22
        ],
        [
            62,
            11,
            42,
            18
        ],
        [
            5,
            16,
            1,
            41
        ],
        [
            36,
            47,
            19,
            27,
            44
        ],
        [
            34,
            0,
            30,
            54
        ],
        [
            37,
            16,
            14,
            7,
            32,
            13,
            35,
            6,
            15,
            60,
            43,
            22
        ],
        [
            33,
            51,
            62,
            60
        ],
        [
            36,
            43,
            40,
            32,
            2,
            12
        ],
        [
            45,
            35,
            38,
            49,
            26,
            35,
            5
        ],
        [
            43,
            49,
            24,
            61,
            46,
            17,
            3,
            46
        ],
        [
            2,
            17,
            4
        ],
        [
            47,
            23,
            45,
            32,
            59
        ]
    ],
    "matching": {
        "0": 3,
        "1": 2,
        "2": 3,
        "3": 2,
        "4": 1,
        "5": 0,
        "6": 3,
        "7": 0,
        "8": 3,
        "9": 4,
        "10": 0,
        "11": 1,
        "12": 1,
        "13": 2,
        "14": 1,
        "15": 2,
        "16": 3,
        "17": 0,
        "18": 1,
        "19": 3,
        "20": 0,
        "21": 0,
        "22": 3,
        "23": 0,
        "24": 2,
        "25": 4,
        "26": 2,
        "27": 2,
        "28": 0,
        "29": 4,
        "30": 0,
        "31": 2,
        "32": 1,
        "33": 1,
        "34": 0,
        "35": 3,
        "36": 2,
        "37": 2,
        "38": 4,
        "39": 2,
        "40": 1,
        "41": 4,
        "42": 2,
        "43": 2,
        "44": 2,
        "45": 4,
        "46": 2,
        "47": 1,
        "48": 3,
        "49": 0,
        "50": 4,
        "51": 4,
        "52": 0,
        "53": 1,
        "54": 2,
        "55": 1,
        "56": 0,
        "57": 2,
        "58": 1,
        "59": 0,
        "60": 3,
        "61": 4,
        "62": 1,
        "63": 0,
        "64": 4
    },
    "lower_bound": 48.0
}