{
    "node_types": [
        "invoice",
        "sku",
        "zone"
    ],
    "edge_types": [
        "('invoice', 'requires', 'sku')",
        "('sku', 'located_at', 'zone')",
        "('sku', 'rev_requires', 'invoice')",
        "('zone', 'rev_located_at', 'sku')"
    ],
    "num_invoices": 31,
    "num_sku": 59,
    "num_zone": 5,
    "invoices": [
        [
            30,
            34,
            29,
            1,
            41
        ],
        [
            6,
            17,
            10,
            13
        ],
        [
            21,
            26,
            2,
            34,
            54
        ],
        [
            30,
            43,
            39,
            48,
            33
        ],
        [
            5,
            34,
            6,
            21,
            20,
            33
        ],
        [
            46,
            13,
            3,
            25,
            58,
            44
        ],
        [
            32,
            21,
            33,
            9,
            23,
            1,
            36,
            27,
            28,
            20,
            47
        ],
        [
            29,
            14,
            22,
            13
        ],
        [
            37,
            53,
            54,
            49,
            56,
            28
        ],
        [
            56,
            58,
            41,
            37,
            50,
            32,
            17,
            25,
            10
        ],
        [
            31,
            48,
            41,
            12,
            50,
            22,
            1,
            11,
            49
        ],
        [
            32,
            43,
            16,
            58,
            10
        ],
        [
            2,
            25,
            6,
            15,
            37,
            9,
            55
        ],
        [
            14,
            55,
            22,
            8,
            36
        ],
        [
            3,
            24,
            19,
            48,
            52,
            51,
            50,
            42
        ],
        [
            49,
            15,
            27,
            53
        ],
        [
            9,
            3,
            44,
            0,
            45,
            4
        ],
        [
            51,
            23,
            21,
            55,
            56,
            42,
            22
        ],
        [
            27,
            52,
            36,
            57
        ],
        [
            38,
            47
        ],
        [
            16,
            53,
            56,
            7,
            40,
            43,
            8,
            31
        ],
        [
            4,
            9,
            32,
            45,
            14,
            51
        ],
        [
            24,
            57,
            53,
            42,
            23,
            47,
            35,
            11
        ],
        [
            27,
            40,
            43,
            35,
            0,
            5,
            0,
            11,
            20,
            35,
            39,
            42
        ],
        [
            24,
            41,
            28,
            26,
            52
        ],
        [
            3,
            48,
            18,
            19,
            38,
            12,
            17
        ],
        [
            35,
            7,
            11
        ],
        [
            8,
            34,
            5,
            40
        ],
        [
            54,
            18,
            33,
            46
        ],
        [
            30,
            57,
            17,
            2,
            37,
            24,
            49
        ],
        [
            0,
            45,
            29
        ]
    ],
    "matching": {
        "0": 0,
        "1": 4,
        "2": 3,
        "3": 3,
        "4": 3,
        "5": 3,
        "6": 4,
        "7": 3,
        "8": 2,
        "9": 4,
        "10": 0,
        "11": 2,
        "12": 1,
        "13": 4,
        "14": 4,
        "15": 3,
        "16": 0,
        "17": 3,
        "18": 2,
        "19": 3,
        "20": 1,
        "21": 0,
        "22": 3,
        "23": 1,
        "24": 4,
        "25": 4,
        "26": 2,
        "27": 3,
        "28": 3,
        "29": 3,
        "30": 0,
        "31": 0,
        "32": 3,
        "33": 4,
        "34": 4,
        "35": 4,
        "36": 1,
        "37": 2,
        "38": 3,
        "39": 1,
        "40": 2,
        "41": 3,
        "42": 1,
        "43": 2,
        "44": 0,
        "45": 2,
        "46": 0,
        "47": 3,
        "48": 2,
        "49": 4,
        "50": 4,
        "51": 4,
        "52": 0,
        "53": 4,
        "54": 0,
        "55": 4,
        "56": 1,
        "57": 0,
        "58": 0
    },
    "lower_bound": 48.0
}