{
    "node_types": [
        "invoice",
        "sku",
        "zone"
    ],
    "edge_types": [
        "('invoice', 'requires', 'sku')",
        "('sku', 'located_at', 'zone')",
        "('sku', 'rev_requires', 'invoice')",
        "('zone', 'rev_located_at', 'sku')"
    ],
    "num_invoices": 29,
    "num_sku": 52,
    "num_zone": 5,
    "invoices": [
        [
            29,
            46,
            18,
            4,
            5,
            48,
            24
        ],
        [
            5,
            6,
            11
        ],
        [
            19,
            36,
            0,
            43,
            6,
            31
        ],
        [
            49,
            19,
            18,
            9,
            34,
            27
        ],
        [
            29,
            24,
            21,
            40,
            46
        ],
        [
            28,
            39,
            46,
            11,
            41,
            47,
            16,
            6,
            27
        ],
        [
            50,
            20,
            36,
            34,
            22,
            3,
            18,
            14
        ],
        [
            8,
            44,
            15,
            1,
            37,
            3
        ],
        [
            26,
            20,
            47,
            21,
            6,
            21
        ],
        [
            31,
            43,
            2,
            32,
            50,
            10,
            4,
            38,
            16
        ],
        [
            45,
            29,
            14,
            13,
            9,
            24,
            8,
            34
        ],
        [
            10,
            24,
            2,
            31,
            3,
            43,
            45,
            23,
            35
        ],
        [
            42,
            48,
            28,
            49,
            4,
            7,
            38
        ],
        [
            19,
            17,
            38,
            35,
            9,
            21
        ],
        [
            44,
            9,
            23
        ],
        [
            10,
            36,
            0,
            1,
            33,
            47
        ],
        [
            14,
            39,
            33
        ],
        [
            30,
            32,
            12
        ],
        [
            0,
            13,
            51,
            40,
            2,
            37
        ],
        [
            5,
            32,
            39,
            11,
            22,
            30,
            26
        ],
        [
            33,
            25,
            15,
            44,
            42,
            36,
            41,
            50,
            25,
            43
        ],
        [
            27,
            7,
            18,
            31
        ],
        [
            51,
            7,
            49,
            22,
            45,
            12
        ],
        [
            22,
            17,
            35
        ],
        [
            49,
            30,
            17,
            16,
            46
        ],
        [
            38,
            13
        ],
        [
            19,
            12,
            34,
            4
        ],
        [
            14,
            32,
            23,
            44,
            16
        ],
        [
            23,
            25,
            11,
            28,
            10,
            17,
            42,
            45,
            12
        ]
    ],
    "matching": {
        "0": 3,
        "1": 2,
        "2": 4,
        "3": 1,
        "4": 3,
        "5": 2,
        "6": 3,
        "7": 3,
        "8": 3,
        "9": 0,
        "10": 4,
        "11": 2,
        "12": 3,
        "13": 0,
        "14": 2,
        "15": 1,
        "16": 0,
        "17": 0,
        "18": 4,
        "19": 4,
        "20": 1,
        "21": 4,
        "22": 0,
        "23": 1,
        "24": 4,
        "25": 1,
        "26": 2,
        "27": 4,
        "28": 0,
        "29": 0,
        "30": 3,
        "31": 4,
        "32": 0,
        "33": 2,
        "34": 1,
        "35": 0,
        "36": 2,
        "37": 4,
        "38": 2,
        "39": 1,
        "40": 2,
        "41": 0,
        "42": 3,
        "43": 0,
        "44": 1,
        "45": 2,
        "46": 4,
        "47": 3,
        "48": 4,
        "49": 2,
        "50": 1,
        "51": 0
    },
    "lower_bound": 42.0
}