{
    "node_types": [
        "invoice",
        "sku",
        "zone"
    ],
    "edge_types": [
        "('invoice', 'requires', 'sku')",
        "('sku', 'located_at', 'zone')",
        "('sku', 'rev_requires', 'invoice')",
        "('zone', 'rev_located_at', 'sku')"
    ],
    "num_invoices": 31,
    "num_sku": 64,
    "num_zone": 5,
    "invoices": [
        [
            45,
            24,
            51,
            38,
            22
        ],
        [
            29,
            23,
            6,
            21,
            53,
            44,
            46,
            27,
            1,
            34
        ],
        [
            3,
            26,
            49,
            33,
            57,
            2,
            30
        ],
        [
            4,
            31,
            9,
            18,
            30
        ],
        [
            28,
            11,
            24,
            20,
            27,
            61,
            49
        ],
        [
            8,
            57,
            41,
            40,
            48,
            10
        ],
        [
            4,
            2,
            19,
            26,
            24,
            47,
            5
        ],
        [
            2,
            5,
            47,
            31,
            36,
            52
        ],
        [
            63,
            57,
            53,
            58,
            29,
            15,
            5
        ],
        [
            37,
            48,
            16,
            40,
            25,
            15,
            31
        ],
        [
            18,
            36,
            13,
            31,
            60,
            14,
            50,
            13,
            35,
            14,
            45,
            12,
            63,
            2
        ],
        [
            11,
            1,
            58,
            45,
            63,
            41,
            41,
            22,
            60
        ],
        [
            26,
            8,
            30,
            43,
            32,
            41
        ],
        [
            46,
            43,
            1,
            55,
            37,
            25,
            20,
            19,
            34,
            38
        ],
        [
            38,
            16,
            32,
            17
        ],
        [
            39,
            0,
            14,
            28,
            56,
            59,
            40,
            0
        ],
        [
            19,
            24,
            54
        ],
        [
            10,
            4,
            35,
            22,
            0,
            37
        ],
        [
            23,
            43,
            6,
            32,
            20
        ],
        [
            17,
            56,
            9,
            54,
            35,
            23,
            58
        ],
        [
            35,
            42,
            63,
            57,
            60,
            30
        ],
        [
            16,
            61,
            54,
            25,
            50,
            33,
            3
        ],
        [
            9,
            50,
            22,
            9,
            17
        ],
        [
            52,
            4,
            40,
            36,
            7,
            12,
            61
        ],
        [
            53,
            23,
            46,
            45,
            17,
            59,
            44,
            51
        ],
        [
            6,
            42,
            42,
            7,
            48
        ],
        [
            62,
            12,
            5,
            58,
            11,
            47,
            8
        ],
        [
            18,
            39,
            53
        ],
        [
            12,
            49,
            32,
            47,
            0,
            21
        ],
        [
            62,
            51,
            21,
            14,
            44
        ],
        [
            62,
            33,
            10,
            42,
            49,
            11,
            48,
            55,
            8,
            21,
            46,
            54
        ]
    ],
    "matching": {
        "0": 4,
        "1": 0,
        "2": 1,
        "3": 1,
        "4": 0,
        "5": 4,
        "6": 0,
        "7": 0,
        "8": 2,
        "9": 3,
        "10": 4,
        "11": 1,
        "12": 0,
        "13": 4,
        "14": 0,
        "15": 0,
        "16": 4,
        "17": 1,
        "18": 1,
        "19": 1,
        "20": 3,
        "21": 0,
        "22": 2,
        "23": 2,
        "24": 1,
        "25": 1,
        "26": 3,
        "27": 1,
        "28": 0,
        "29": 3,
        "30": 3,
        "31": 2,
        "32": 0,
        "33": 2,
        "34": 4,
        "35": 2,
        "36": 0,
        "37": 4,
        "38": 0,
        "39": 4,
        "40": 3,
        "41": 2,
        "42": 2,
        "43": 1,
        "44": 1,
        "45": 0,
        "46": 2,
        "47": 4,
        "48": 3,
        "49": 1,
        "50": 2,
        "51": 4,
        "52": 0,
        "53": 0,
        "54": 3,
        "55": 1,
        "56": 3,
        "57": 3,
        "58": 1,
        "59": 3,
        "60": 1,
        "61": 1,
        "62": 2,
        "63": 0
    },
    "lower_bound": 54.0
}