{
    "node_types": [
        "invoice",
        "sku",
        "zone"
    ],
    "edge_types": [
        "('invoice', 'requires', 'sku')",
        "('sku', 'located_at', 'zone')",
        "('sku', 'rev_requires', 'invoice')",
        "('zone', 'rev_located_at', 'sku')"
    ],
    "num_invoices": 33,
    "num_sku": 74,
    "num_zone": 5,
    "invoices": [
        [
            73,
            43,
            56,
            28,
            32,
            42,
            17,
            10,
            55
        ],
        [
            18,
            46,
            63,
            29,
            6,
            72,
            55,
            8,
            70
        ],
        [
            32,
            68,
            1,
            9,
            60
        ],
        [
            23,
            17,
            7
        ],
        [
            0,
            27,
            41,
            9,
            41,
            0,
            53,
            8,
            18
        ],
        [
            58,
            51,
            40,
            71,
            54
        ],
        [
            25,
            36,
            26,
            67
        ],
        [
            72,
            28
        ],
        [
            40,
            6,
            51,
            56,
            36,
            42,
            10,
            69,
            43
        ],
        [
            5,
            7,
            3,
            52,
            10,
            51,
            26,
            53,
            35,
            1
        ],
        [
            47,
            71,
            12,
            39
        ],
        [
            2,
            10,
            70,
            3,
            5,
            22,
            72
        ],
        [
            73,
            69,
            48,
            45,
            0,
            43,
            47,
            65,
            12,
            58
        ],
        [
            3,
            53,
            33,
            45,
            39,
            57,
            59,
            55
        ],
        [
            59,
            60,
            68,
            61,
            72
        ],
        [
            28,
            64
        ],
        [
            14
        ],
        [
            38,
            64,
            37,
            5,
            55,
            18,
            73,
            2
        ],
        [
            20,
            11,
            32,
            19,
            61,
            51,
            22,
            13
        ],
        [
            70,
            46,
            23,
            38,
            16
        ],
        [
            62,
            14,
            64,
            24,
            27,
            41,
            47
        ],
        [
            68,
            19,
            63,
            41
        ],
        [
            28,
            20,
            62,
            34,
            16,
            15,
            5,
            18,
            66,
            24
        ],
        [
            43,
            4,
            42,
            39,
            42,
            7,
            8,
            54,
            65,
            44,
            31
        ],
        [
            63,
            56,
            48,
            4,
            21,
            35,
            52
        ],
        [
            30,
            37,
            44,
            73,
            11
        ],
        [
            50,
            7,
            22
        ],
        [
            30,
            57,
            46,
            33,
            49,
            17,
            52,
            21
        ],
        [
            25,
            49,
            70,
            4,
            63,
            13
        ],
        [
            35,
            30,
            2,
            67,
            35,
            68,
            31
        ],
        [
            29,
            64,
            11,
            34,
            16,
            50
        ],
        [
            48,
            11,
            20,
            15,
            23,
            66,
            4
        ],
        [
            13,
            69,
            12,
            47,
            6,
            31,
            62,
            39,
            67,
            20
        ]
    ],
    "matching": {
        "0": 0,
        "1": 2,
        "2": 2,
        "3": 4,
        "4": 1,
        "5": 4,
        "6": 1,
        "7": 1,
        "8": 4,
        "9": 4,
        "10": 2,
        "11": 0,
        "12": 2,
        "13": 4,
        "14": 2,
        "15": 4,
        "16": 0,
        "17": 0,
        "18": 1,
        "19": 3,
        "20": 4,
        "21": 0,
        "22": 3,
        "23": 2,
        "24": 2,
        "25": 1,
        "26": 1,
        "27": 3,
        "28": 4,
        "29": 1,
        "30": 0,
        "31": 0,
        "32": 1,
        "33": 3,
        "34": 0,
        "35": 1,
        "36": 2,
        "37": 3,
        "38": 3,
        "39": 4,
        "40": 3,
        "41": 3,
        "42": 0,
        "43": 2,
        "44": 1,
        "45": 2,
        "46": 0,
        "47": 4,
        "48": 0,
        "49": 4,
        "50": 2,
        "51": 3,
        "52": 2,
        "53": 1,
        "54": 1,
        "55": 2,
        "56": 4,
        "57": 2,
        "58": 0,
        "59": 1,
        "60": 2,
        "61": 4,
        "62": 0,
        "63": 3,
        "64": 1,
        "65": 2,
        "66": 2,
        "67": 1,
        "68": 3,
        "69": 2,
        "70": 4,
        "71": 4,
        "72": 3,
        "73": 1
    },
    "lower_bound": 45.0
}