{
    "node_types": [
        "invoice",
        "sku",
        "zone"
    ],
    "edge_types": [
        "('invoice', 'requires', 'sku')",
        "('sku', 'located_at', 'zone')",
        "('sku', 'rev_requires', 'invoice')",
        "('zone', 'rev_located_at', 'sku')"
    ],
    "num_invoices": 26,
    "num_sku": 83,
    "num_zone": 5,
    "invoices": [
        [
            22,
            31,
            54,
            5,
            81,
            21,
            15,
            40,
            35,
            38,
            67,
            49
        ],
        [
            64,
            82,
            43,
            46,
            79,
            2,
            28,
            30
        ],
        [
            29,
            65,
            68,
            51,
            13,
            44,
            59,
            26,
            13,
            44,
            49
        ],
        [
            78,
            52,
            59,
            72,
            0,
            77,
            5,
            60,
            19,
            61
        ],
        [
            26,
            33,
            16,
            62,
            23,
            62,
            1,
            81
        ],
        [
            66,
            52,
            4,
            48,
            78,
            59,
            2,
            1,
            58,
            8,
            14,
            24
        ],
        [
            55,
            42,
            31,
            67,
            74,
            55
        ],
        [
            65,
            79,
            63,
            37,
            18,
            29,
            80,
            4,
            59,
            61
        ],
        [
            16,
            53,
            44,
            66,
            76,
            57,
            46,
            48,
            76,
            43,
            3,
            42
        ],
        [
            80,
            32,
            80,
            41,
            23,
            27,
            25,
            29,
            9
        ],
        [
            30,
            23,
            35,
            63,
            34,
            44,
            71
        ],
        [
            11,
            50,
            17,
            43,
            47,
            74,
            10,
            13,
            79,
            41
        ],
        [
            34,
            58,
            78,
            7,
            4,
            45,
            35,
            73,
            68,
            25,
            37,
            82
        ],
        [
            36,
            40,
            14,
            28,
            70,
            69,
            56,
            52,
            67
        ],
        [
            41,
            7,
            6,
            11,
            3,
            45,
            25,
            63,
            53,
            24,
            15,
            54,
            20,
            80
        ],
        [
            50,
            14,
            39,
            38,
            42,
            66,
            70,
            8,
            70,
            46,
            14,
            27,
            71,
            60,
            47,
            79,
            51,
            37
        ],
        [
            48,
            69,
            65,
            12,
            1,
            26,
            19,
            22
        ],
        [
            4,
            69,
            71,
            56,
            38,
            73,
            17,
            1,
            65
        ],
        [
            17,
            12,
            30,
            18,
            35,
            69,
            0,
            45,
            21,
            16
        ],
        [
            31,
            6,
            10,
            10,
            39
        ],
        [
            39,
            76,
            47,
            6
        ],
        [
            64,
            5,
            77,
            53,
            64,
            75,
            75,
            53,
            67,
            43
        ],
        [
            38,
            72,
            30,
            54,
            40
        ],
        [
            81,
            33,
            27,
            51,
            9,
            37,
            16,
            20
        ],
        [
            29,
            5,
            40,
            45,
            25,
            61,
            56
        ],
        [
            26,
            81,
            56,
            27,
            31,
            76,
            32,
            36,
            47,
            61,
            57
        ]
    ],
    "matching": {
        "0": 2,
        "1": 2,
        "2": 0,
        "3": 4,
        "4": 1,
        "5": 4,
        "6": 4,
        "7": 2,
        "8": 3,
        "9": 1,
        "10": 0,
        "11": 3,
        "12": 4,
        "13": 1,
        "14": 4,
        "15": 4,
        "16": 0,
        "17": 4,
        "18": 3,
        "19": 4,
        "20": 3,
        "21": 4,
        "22": 2,
        "23": 0,
        "24": 4,
        "25": 2,
        "26": 1,
        "27": 0,
        "28": 0,
        "29": 3,
        "30": 0,
        "31": 1,
        "32": 4,
        "33": 4,
        "34": 2,
        "35": 0,
        "36": 4,
        "37": 3,
        "38": 3,
        "39": 0,
        "40": 4,
        "41": 3,
        "42": 0,
        "43": 4,
        "44": 3,
        "45": 3,
        "46": 4,
        "47": 0,
        "48": 1,
        "49": 3,
        "50": 0,
        "51": 4,
        "52": 1,
        "53": 0,
        "54": 1,
        "55": 2,
        "56": 0,
        "57": 0,
        "58": 3,
        "59": 3,
        "60": 1,
        "61": 3,
        "62": 2,
        "63": 4,
        "64": 4,
        "65": 1,
        "66": 3,
        "67": 1,
        "68": 1,
        "69": 3,
        "70": 0,
        "71": 4,
        "72": 4,
        "73": 4,
        "74": 1,
        "75": 3,
        "76": 2,
        "77": 4,
        "78": 1,
        "79": 2,
        "80": 3,
        "81": 2,
        "82": 1
    },
    "lower_bound": 66.0
}