{
    "node_types": [
        "invoice",
        "sku",
        "zone"
    ],
    "edge_types": [
        "('invoice', 'requires', 'sku')",
        "('sku', 'located_at', 'zone')",
        "('sku', 'rev_requires', 'invoice')",
        "('zone', 'rev_located_at', 'sku')"
    ],
    "num_invoices": 31,
    "num_sku": 65,
    "num_zone": 5,
    "invoices": [
        [
            58,
            20
        ],
        [
            26,
            22,
            50,
            23
        ],
        [
            48,
            15,
            50,
            2,
            28,
            30,
            23,
            14
        ],
        [
            35,
            40,
            35,
            3,
            15,
            24,
            28,
            5
        ],
        [
            11,
            32,
            3,
            36
        ],
        [
            46,
            56,
            56,
            20,
            27,
            37,
            59,
            37,
            25,
            6
        ],
        [
            60,
            60,
            64,
            56,
            53,
            58,
            12,
            14,
            49,
            39,
            40
        ],
        [
            4,
            11,
            9,
            13,
            39
        ],
        [
            4,
            59,
            52,
            39,
            64,
            18,
            33,
            49
        ],
        [
            34,
            22,
            53,
            16
        ],
        [
            21,
            43,
            5,
            17,
            21,
            53
        ],
        [
            11,
            53,
            27,
            31,
            46,
            27,
            46
        ],
        [
            29,
            0,
            14,
            35,
            7
        ],
        [
            16,
            31,
            39,
            56,
            33,
            23,
            21,
            1
        ],
        [
            35,
            2,
            54,
            61,
            43
        ],
        [
            33,
            38,
            42,
            24,
            29,
            0
        ],
        [
            5,
            27,
            55,
            47,
            4,
            64,
            22,
            47
        ],
        [
            60,
            8,
            43,
            22,
            48
        ],
        [
            38,
            44,
            11,
            36,
            29,
            36
        ],
        [
            59,
            15,
            63,
            48,
            25
        ],
        [
            57,
            32,
            18,
            3,
            45,
            60,
            20,
            61
        ],
        [
            45,
            3,
            51,
            19,
            10
        ],
        [
            54,
            26,
            62,
            12,
            0,
            13,
            9,
            0,
            30,
            55,
            42
        ],
        [
            16,
            10,
            6,
            8,
            13
        ],
        [
            10,
            38,
            59
        ],
        [
            51,
            1,
            20
        ],
        [
            32,
            52,
            5,
            45,
            44,
            41,
            25
        ],
        [
            34,
            44,
            64,
            46,
            16
        ],
        [
            7,
            63,
            52,
            31,
            23,
            57,
            40,
            33,
            40
        ],
        [
            51,
            19,
            17,
            57,
            10,
            41,
            62
        ],
        [
            1,
            21,
            54,
            31,
            19,
            51,
            58,
            7,
            28
        ]
    ],
    "matching": {
        "0": 1,
        "1": 0,
        "2": 4,
        "3": 0,
        "4": 1,
        "5": 2,
        "6": 1,
        "7": 1,
        "8": 4,
        "9": 3,
        "10": 0,
        "11": 4,
        "12": 3,
        "13": 1,
        "14": 3,
        "15": 1,
        "16": 4,
        "17": 3,
        "18": 4,
        "19": 2,
        "20": 2,
        "21": 2,
        "22": 4,
        "23": 3,
        "24": 1,
        "25": 2,
        "26": 4,
        "27": 0,
        "28": 0,
        "29": 2,
        "30": 3,
        "31": 0,
        "32": 2,
        "33": 0,
        "34": 3,
        "35": 2,
        "36": 4,
        "37": 3,
        "38": 4,
        "39": 4,
        "40": 2,
        "41": 1,
        "42": 3,
        "43": 0,
        "44": 2,
        "45": 2,
        "46": 4,
        "47": 1,
        "48": 0,
        "49": 1,
        "50": 4,
        "51": 2,
        "52": 2,
        "53": 4,
        "54": 4,
        "55": 2,
        "56": 3,
        "57": 1,
        "58": 3,
        "59": 4,
        "60": 3,
        "61": 0,
        "62": 1,
        "63": 4,
        "64": 2
    },
    "lower_bound": 45.0
}