{
    "node_types": [
        "invoice",
        "sku",
        "zone"
    ],
    "edge_types": [
        "('invoice', 'requires', 'sku')",
        "('sku', 'located_at', 'zone')",
        "('sku', 'rev_requires', 'invoice')",
        "('zone', 'rev_located_at', 'sku')"
    ],
    "num_invoices": 34,
    "num_sku": 61,
    "num_zone": 5,
    "invoices": [
        [
            9,
            24,
            13,
            23,
            40,
            41,
            13
        ],
        [
            8,
            30,
            45,
            59,
            8,
            37,
            6,
            48,
            4
        ],
        [
            18,
            29,
            4
        ],
        [
            49,
            52,
            59,
            50
        ],
        [
            49,
            27,
            36,
            32,
            44,
            37,
            28,
            34
        ],
        [
            5,
            49,
            2,
            11
        ],
        [
            22,
            36,
            1,
            38,
            20,
            40
        ],
        [
            11,
            37,
            14,
            35
        ],
        [
            43,
            6,
            57,
            22,
            60,
            47,
            10,
            31
        ],
        [
            26,
            10,
            46,
            5,
            15
        ],
        [
            23,
            60,
            48,
            50,
            9
        ],
        [
            26,
            46,
            57
        ],
        [
            34,
            19,
            18,
            23,
            6,
            22,
            47,
            52
        ],
        [
            3,
            33,
            46,
            22
        ],
        [
            39,
            16,
            17
        ],
        [
            27,
            25,
            54,
            28,
            21,
            0
        ],
        [
            10,
            35,
            46,
            32,
            14
        ],
        [
            53,
            25
        ],
        [
            57,
            26,
            17,
            5,
            49,
            54
        ],
        [
            1,
            5,
            25,
            55,
            41
        ],
        [
            31,
            42,
            58,
            50,
            29,
            29,
            52,
            28
        ],
        [
            55,
            38,
            8,
            7,
            8,
            37
        ],
        [
            58,
            27,
            15,
            38
        ],
        [
            35,
            54,
            32,
            56,
            16,
            19
        ],
        [
            42,
            45,
            42,
            51
        ],
        [
            19,
            2,
            7,
            45,
            44,
            34,
            6,
            56,
            10
        ],
        [
            12,
            38,
            51,
            39,
            12,
            43,
            23,
            21
        ],
        [
            19,
            34,
            30,
            54,
            28,
            52,
            18,
            59,
            60
        ],
        [
            35,
            4,
            27
        ],
        [
            33,
            15,
            44,
            44,
            7
        ],
        [
            51,
            59,
            53,
            1,
            20
        ],
        [
            58,
            51,
            33,
            53,
            12,
            9
        ],
        [
            24,
            1,
            12,
            3,
            9,
            30,
            0
        ],
        [
            18,
            24,
            39
        ]
    ],
    "matching": {
        "0": 2,
        "1": 2,
        "2": 0,
        "3": 2,
        "4": 1,
        "5": 1,
        "6": 0,
        "7": 1,
        "8": 2,
        "9": 2,
        "10": 4,
        "11": 1,
        "12": 2,
        "13": 3,
        "14": 4,
        "15": 4,
        "16": 4,
        "17": 3,
        "18": 0,
        "19": 1,
        "20": 4,
        "21": 1,
        "22": 0,
        "23": 0,
        "24": 0,
        "25": 4,
        "26": 2,
        "27": 1,
        "28": 4,
        "29": 1,
        "30": 0,
        "31": 4,
        "32": 4,
        "33": 2,
        "34": 4,
        "35": 4,
        "36": 2,
        "37": 3,
        "38": 0,
        "39": 4,
        "40": 0,
        "41": 2,
        "42": 4,
        "43": 0,
        "44": 0,
        "45": 1,
        "46": 3,
        "47": 3,
        "48": 2,
        "49": 2,
        "50": 3,
        "51": 4,
        "52": 0,
        "53": 0,
        "54": 2,
        "55": 3,
        "56": 1,
        "57": 0,
        "58": 0,
        "59": 2,
        "60": 1
    },
    "lower_bound": 39.0
}