{
    "node_types": [
        "invoice",
        "sku",
        "zone"
    ],
    "edge_types": [
        "('invoice', 'requires', 'sku')",
        "('sku', 'located_at', 'zone')",
        "('sku', 'rev_requires', 'invoice')",
        "('zone', 'rev_located_at', 'sku')"
    ],
    "num_invoices": 26,
    "num_sku": 55,
    "num_zone": 5,
    "invoices": [
        [
            8,
            11,
            2,
            45,
            20
        ],
        [
            44,
            0,
            42,
            38
        ],
        [
            3,
            43,
            26,
            30,
            13,
            41,
            14
        ],
        [
            22,
            19,
            18,
            12,
            7,
            48,
            54
        ],
        [
            33,
            48
        ],
        [
            2,
            40,
            49,
            37,
            40,
            16,
            16,
            17,
            48
        ],
        [
            54,
            38,
            22,
            32,
            41,
            35
        ],
        [
            2,
            7,
            52,
            53,
            47,
            32,
            11,
            43
        ],
        [
            6,
            4,
            42
        ],
        [
            1,
            17,
            42,
            33,
            18,
            17,
            49
        ],
        [
            15,
            6,
            50,
            4
        ],
        [
            38,
            35,
            12,
            33,
            46,
            1,
            1,
            18
        ],
        [
            9,
            54,
            30,
            28,
            24
        ],
        [
            27,
            19,
            20,
            0,
            25,
            19,
            51
        ],
        [
            34,
            41,
            10,
            44
        ],
        [
            34,
            11,
            51
        ],
        [
            21,
            53,
            23
        ],
        [
            29,
            25,
            7
        ],
        [
            3,
            52,
            39,
            39,
            43,
            50,
            21,
            31,
            31,
            13,
            42,
            27,
            35
        ],
        [
            19,
            23,
            52,
            34,
            54,
            23,
            29,
            41
        ],
        [
            38,
            24,
            6,
            27,
            5,
            18,
            36
        ],
        [
            47,
            5,
            8,
            26,
            45,
            37,
            13
        ],
        [
            47,
            10,
            12,
            44,
            46,
            24,
            28,
            16
        ],
        [
            16,
            36,
            46,
            6,
            28,
            35,
            20,
            43,
            39,
            15,
            34
        ],
        [
            47,
            14,
            24,
            29,
            32,
            26,
            52,
            15
        ],
        [
            14,
            36,
            15,
            9
        ]
    ],
    "matching": {
        "0": 3,
        "1": 0,
        "2": 3,
        "3": 2,
        "4": 3,
        "5": 0,
        "6": 0,
        "7": 2,
        "8": 1,
        "9": 2,
        "10": 2,
        "11": 1,
        "12": 0,
        "13": 0,
        "14": 3,
        "15": 0,
        "16": 0,
        "17": 1,
        "18": 4,
        "19": 4,
        "20": 1,
        "21": 4,
        "22": 1,
        "23": 0,
        "24": 3,
        "25": 3,
        "26": 2,
        "27": 0,
        "28": 0,
        "29": 2,
        "30": 1,
        "31": 1,
        "32": 3,
        "33": 2,
        "34": 3,
        "35": 0,
        "36": 3,
        "37": 0,
        "38": 4,
        "39": 3,
        "40": 0,
        "41": 0,
        "42": 3,
        "43": 2,
        "44": 0,
        "45": 0,
        "46": 4,
        "47": 3,
        "48": 0,
        "49": 4,
        "50": 2,
        "51": 1,
        "52": 3,
        "53": 4,
        "54": 3
    },
    "lower_bound": 51.0
}