{
    "node_types": [
        "invoice",
        "sku",
        "zone"
    ],
    "edge_types": [
        "('invoice', 'requires', 'sku')",
        "('sku', 'located_at', 'zone')",
        "('sku', 'rev_requires', 'invoice')",
        "('zone', 'rev_located_at', 'sku')"
    ],
    "num_invoices": 34,
    "num_sku": 97,
    "num_zone": 5,
    "invoices": [
        [
            29,
            86,
            40,
            81,
            27,
            65,
            57,
            62,
            87,
            6,
            65,
            18,
            14
        ],
        [
            49,
            10,
            84,
            66,
            4,
            66,
            1,
            64
        ],
        [
            1,
            79,
            20,
            94,
            24,
            10
        ],
        [
            33,
            34,
            10,
            45,
            45,
            17,
            36,
            8,
            12,
            87
        ],
        [
            68,
            20,
            8,
            54,
            55,
            37,
            19,
            24,
            22,
            63,
            3,
            45,
            15,
            19,
            90
        ],
        [
            72,
            74,
            41,
            40,
            73,
            77,
            37
        ],
        [
            48,
            28,
            46,
            9,
            57,
            11,
            32,
            28,
            52
        ],
        [
            70,
            4,
            36,
            58,
            47
        ],
        [
            77,
            71,
            85,
            27,
            47,
            24,
            54,
            15,
            83,
            84
        ],
        [
            88,
            59,
            24,
            35,
            90,
            93,
            73
        ],
        [
            27,
            79,
            13,
            28,
            14,
            93,
            82,
            92
        ],
        [
            9,
            7,
            7,
            3,
            48,
            50,
            5,
            55
        ],
        [
            53,
            39,
            36,
            62,
            49,
            56
        ],
        [
            32,
            63,
            14,
            32,
            6,
            68,
            16,
            35,
            0,
            76,
            95,
            2,
            38
        ],
        [
            53,
            71,
            55,
            93,
            96
        ],
        [
            78,
            73,
            70,
            77,
            86,
            14,
            33,
            91,
            50
        ],
        [
            21,
            11,
            5,
            31,
            5,
            65,
            29,
            86,
            96,
            36
        ],
        [
            64,
            26,
            69,
            31,
            87,
            38,
            42,
            30,
            23,
            78
        ],
        [
            89,
            72,
            35,
            13,
            75,
            39
        ],
        [
            93,
            12,
            92,
            22,
            58,
            42,
            76,
            60
        ],
        [
            25,
            92,
            40,
            19,
            61,
            6,
            28
        ],
        [
            72,
            23,
            13,
            60,
            45
        ],
        [
            96,
            34,
            63,
            44,
            55,
            42,
            84,
            77,
            92
        ],
        [
            58,
            30,
            43,
            85,
            44,
            33,
            51,
            95,
            60,
            69
        ],
        [
            57,
            32,
            3,
            4,
            16,
            54,
            0
        ],
        [
            10,
            80,
            41,
            57,
            71,
            20
        ],
        [
            2,
            49,
            52,
            29,
            67,
            74
        ],
        [
            62,
            42,
            26,
            83,
            17,
            84,
            47,
            67,
            46,
            38,
            91,
            94
        ],
        [
            80,
            50,
            56,
            89,
            50,
            82,
            66
        ],
        [
            95,
            31,
            81,
            12
        ],
        [
            3,
            21,
            59
        ],
        [
            43,
            87,
            52,
            58,
            75,
            46,
            34,
            60,
            25
        ],
        [
            33,
            38,
            51,
            12,
            74,
            96,
            19,
            63,
            7
        ],
        [
            18,
            88,
            85,
            66,
            71,
            61,
            26,
            4
        ]
    ],
    "matching": {
        "0": 3,
        "1": 1,
        "2": 3,
        "3": 2,
        "4": 0,
        "5": 1,
        "6": 4,
        "7": 0,
        "8": 0,
        "9": 3,
        "10": 2,
        "11": 4,
        "12": 0,
        "13": 1,
        "14": 2,
        "15": 4,
        "16": 3,
        "17": 2,
        "18": 2,
        "19": 3,
        "20": 1,
        "21": 0,
        "22": 1,
        "23": 2,
        "24": 3,
        "25": 4,
        "26": 0,
        "27": 0,
        "28": 0,
        "29": 2,
        "30": 0,
        "31": 0,
        "32": 0,
        "33": 4,
        "34": 3,
        "35": 2,
        "36": 4,
        "37": 4,
        "38": 2,
        "39": 3,
        "40": 3,
        "41": 4,
        "42": 0,
        "43": 0,
        "44": 2,
        "45": 4,
        "46": 3,
        "47": 0,
        "48": 1,
        "49": 0,
        "50": 3,
        "51": 1,
        "52": 3,
        "53": 2,
        "54": 3,
        "55": 1,
        "56": 2,
        "57": 1,
        "58": 3,
        "59": 0,
        "60": 4,
        "61": 3,
        "62": 3,
        "63": 4,
        "64": 0,
        "65": 1,
        "66": 3,
        "67": 1,
        "68": 2,
        "69": 1,
        "70": 1,
        "71": 3,
        "72": 3,
        "73": 4,
        "74": 2,
        "75": 3,
        "76": 2,
        "77": 2,
        "78": 1,
        "79": 1,
        "80": 1,
        "81": 1,
        "82": 4,
        "83": 3,
        "84": 0,
        "85": 3,
        "86": 2,
        "87": 3,
        "88": 1,
        "89": 4,
        "90": 4,
        "91": 3,
        "92": 2,
        "93": 3,
        "94": 1,
        "95": 4,
        "96": 0
    },
    "lower_bound": 57.0
}