{
    "node_types": [
        "invoice",
        "sku",
        "zone"
    ],
    "edge_types": [
        "('invoice', 'requires', 'sku')",
        "('sku', 'located_at', 'zone')",
        "('sku', 'rev_requires', 'invoice')",
        "('zone', 'rev_located_at', 'sku')"
    ],
    "num_invoices": 25,
    "num_sku": 70,
    "num_zone": 5,
    "invoices": [
        [
            25,
            49,
            58
        ],
        [
            43,
            47,
            28,
            10,
            47,
            40,
            24,
            18,
            63
        ],
        [
            53,
            42,
            50,
            43,
            14,
            59,
            5,
            49,
            22,
            69,
            29,
            54,
            0
        ],
        [
            34,
            24,
            7,
            5,
            25,
            1,
            10,
            45,
            21,
            19,
            18,
            21,
            22
        ],
        [
            66,
            41,
            4,
            11,
            5,
            50,
            7,
            45,
            26,
            30
        ],
        [
            67,
            35,
            38,
            6,
            22
        ],
        [
            46,
            1,
            66,
            24,
            12,
            40,
            33,
            41,
            24
        ],
        [
            29,
            39,
            19,
            40,
            20,
            1,
            55,
            65,
            20,
            57,
            16,
            28,
            37
        ],
        [
            45,
            54,
            56,
            45,
            10,
            16,
            55
        ],
        [
            68,
            34,
            30,
            50,
            31,
            38,
            15,
            19,
            3,
            36
        ],
        [
            13,
            44,
            34,
            31,
            49,
            1,
            43,
            27,
            53,
            48,
            3
        ],
        [
            37,
            59,
            4,
            42,
            56,
            48,
            54
        ],
        [
            64,
            14,
            26,
            7,
            12,
            46,
            39,
            0
        ],
        [
            4,
            60,
            46,
            41,
            35,
            26,
            41,
            62,
            29
        ],
        [
            67,
            55,
            17,
            17,
            68,
            69,
            65,
            5,
            44
        ],
        [
            13,
            64,
            60,
            33,
            60,
            26,
            7,
            48
        ],
        [
            51,
            28,
            32,
            63,
            23,
            49,
            57,
            22
        ],
        [
            8,
            51,
            38,
            37,
            9,
            8,
            39,
            28,
            42,
            18,
            63,
            64,
            14
        ],
        [
            48,
            14,
            43
        ],
        [
            0,
            68,
            29,
            11,
            35,
            38,
            36,
            2,
            11,
            61,
            11,
            23,
            62
        ],
        [
            59,
            68,
            55,
            53,
            3,
            34,
            35,
            31,
            33,
            59,
            30,
            58
        ],
        [
            19,
            4,
            6
        ],
        [
            2,
            52,
            52,
            9,
            50,
            27,
            12
        ],
        [
            62
        ],
        [
            15,
            65,
            51,
            58,
            8,
            61,
            32
        ]
    ],
    "matching": {
        "0": 4,
        "1": 2,
        "2": 1,
        "3": 1,
        "4": 0,
        "5": 0,
        "6": 3,
        "7": 0,
        "8": 0,
        "9": 4,
        "10": 2,
        "11": 2,
        "12": 2,
        "13": 0,
        "14": 3,
        "15": 2,
        "16": 1,
        "17": 3,
        "18": 2,
        "19": 3,
        "20": 1,
        "21": 3,
        "22": 4,
        "23": 2,
        "24": 0,
        "25": 2,
        "26": 0,
        "27": 2,
        "28": 3,
        "29": 1,
        "30": 2,
        "31": 3,
        "32": 0,
        "33": 4,
        "34": 2,
        "35": 1,
        "36": 3,
        "37": 3,
        "38": 4,
        "39": 1,
        "40": 4,
        "41": 4,
        "42": 2,
        "43": 1,
        "44": 3,
        "45": 1,
        "46": 2,
        "47": 4,
        "48": 4,
        "49": 2,
        "50": 1,
        "51": 3,
        "52": 2,
        "53": 2,
        "54": 1,
        "55": 2,
        "56": 4,
        "57": 4,
        "58": 1,
        "59": 4,
        "60": 0,
        "61": 1,
        "62": 1,
        "63": 1,
        "64": 4,
        "65": 4,
        "66": 0,
        "67": 4,
        "68": 2,
        "69": 3
    },
    "lower_bound": 51.0
}