{
    "node_types": [
        "invoice",
        "sku",
        "zone"
    ],
    "edge_types": [
        "('invoice', 'requires', 'sku')",
        "('sku', 'located_at', 'zone')",
        "('sku', 'rev_requires', 'invoice')",
        "('zone', 'rev_located_at', 'sku')"
    ],
    "num_invoices": 32,
    "num_sku": 94,
    "num_zone": 5,
    "invoices": [
        [
            40,
            43,
            31,
            81,
            60,
            47,
            85,
            76,
            38
        ],
        [
            32,
            16,
            1,
            26,
            28,
            81,
            74
        ],
        [
            93,
            66,
            44,
            68,
            17,
            56,
            20,
            45
        ],
        [
            16,
            47,
            46,
            75,
            77,
            2,
            48,
            59,
            54,
            83,
            36,
            39,
            74,
            34,
            28,
            21
        ],
        [
            26,
            46,
            22,
            57,
            65,
            90,
            34,
            18,
            36
        ],
        [
            86,
            54,
            67,
            75,
            38,
            29
        ],
        [
            84,
            82,
            35,
            12,
            48,
            20,
            52,
            57,
            40
        ],
        [
            47,
            44,
            49,
            48,
            63,
            73
        ],
        [
            84,
            56,
            64,
            19,
            60,
            19,
            37,
            63,
            1,
            41,
            52,
            50,
            42
        ],
        [
            59,
            18,
            39,
            63,
            37,
            10,
            84,
            2,
            53,
            42,
            0,
            29
        ],
        [
            56,
            80,
            79,
            77,
            78
        ],
        [
            73,
            15,
            88,
            85,
            4,
            77,
            27,
            21,
            13,
            19
        ],
        [
            10,
            2,
            71,
            66,
            58,
            37
        ],
        [
            51,
            49,
            41,
            74,
            20,
            55,
            65,
            48,
            28,
            70,
            43
        ],
        [
            20,
            51,
            3,
            59,
            85
        ],
        [
            5,
            4,
            30,
            3,
            26,
            14,
            43,
            5,
            10
        ],
        [
            24,
            17,
            3,
            65,
            34,
            5,
            34,
            33,
            91,
            69,
            81,
            61,
            16
        ],
        [
            83,
            76,
            91,
            13,
            84,
            74
        ],
        [
            36,
            42,
            92,
            25
        ],
        [
            30,
            23,
            79,
            85,
            67,
            42,
            22
        ],
        [
            31,
            41,
            71,
            17,
            22,
            49,
            32,
            70,
            45,
            75
        ],
        [
            73,
            7,
            44,
            81,
            53,
            0,
            7,
            10,
            60,
            11,
            92
        ],
        [
            55,
            72,
            11,
            62,
            61,
            64,
            93,
            16,
            67,
            25,
            88
        ],
        [
            90,
            89,
            44,
            9,
            46,
            64,
            51,
            1,
            40
        ],
        [
            8,
            61,
            11,
            22,
            61,
            80
        ],
        [
            86,
            23,
            52,
            58,
            6,
            52
        ],
        [
            73,
            33,
            75,
            18,
            86,
            4,
            14,
            82
        ],
        [
            8,
            14,
            88,
            65,
            38,
            28
        ],
        [
            87,
            9,
            41,
            24,
            87,
            83,
            62,
            88,
            35,
            12
        ],
        [
            6,
            27,
            54,
            56,
            91,
            69,
            14,
            89,
            58
        ],
        [
            72,
            69,
            51,
            18,
            19,
            87,
            78,
            58,
            23,
            55,
            50,
            68
        ],
        [
            23,
            25,
            26,
            27,
            92,
            15,
            80,
            60,
            53,
            59,
            2,
            68
        ]
    ],
    "matching": {
        "0": 2,
        "1": 1,
        "2": 3,
        "3": 4,
        "4": 2,
        "5": 3,
        "6": 2,
        "7": 3,
        "8": 2,
        "9": 1,
        "10": 1,
        "11": 3,
        "12": 0,
        "13": 3,
        "14": 2,
        "15": 4,
        "16": 0,
        "17": 4,
        "18": 2,
        "19": 3,
        "20": 4,
        "21": 0,
        "22": 3,
        "23": 3,
        "24": 4,
        "25": 3,
        "26": 1,
        "27": 0,
        "28": 1,
        "29": 4,
        "30": 1,
        "31": 1,
        "32": 0,
        "33": 2,
        "34": 2,
        "35": 2,
        "36": 4,
        "37": 0,
        "38": 3,
        "39": 1,
        "40": 2,
        "41": 0,
        "42": 2,
        "43": 3,
        "44": 2,
        "45": 2,
        "46": 0,
        "47": 0,
        "48": 3,
        "49": 4,
        "50": 4,
        "51": 4,
        "52": 3,
        "53": 1,
        "54": 4,
        "55": 1,
        "56": 1,
        "57": 2,
        "58": 1,
        "59": 0,
        "60": 2,
        "61": 0,
        "62": 0,
        "63": 1,
        "64": 0,
        "65": 4,
        "66": 0,
        "67": 1,
        "68": 2,
        "69": 0,
        "70": 1,
        "71": 0,
        "72": 2,
        "73": 3,
        "74": 3,
        "75": 2,
        "76": 0,
        "77": 1,
        "78": 2,
        "79": 3,
        "80": 4,
        "81": 0,
        "82": 3,
        "83": 3,
        "84": 0,
        "85": 4,
        "86": 3,
        "87": 2,
        "88": 1,
        "89": 4,
        "90": 4,
        "91": 4,
        "92": 3,
        "93": 0
    },
    "lower_bound": 60.0
}