{
    "node_types": [
        "invoice",
        "sku",
        "zone"
    ],
    "edge_types": [
        "('invoice', 'requires', 'sku')",
        "('sku', 'located_at', 'zone')",
        "('sku', 'rev_requires', 'invoice')",
        "('zone', 'rev_located_at', 'sku')"
    ],
    "num_invoices": 28,
    "num_sku": 77,
    "num_zone": 5,
    "invoices": [
        [
            16,
            25,
            55,
            6,
            57,
            75,
            41,
            3,
            33,
            47,
            42,
            5,
            2,
            24,
            72
        ],
        [
            39,
            47,
            65,
            58,
            57,
            67,
            35,
            74,
            23,
            42
        ],
        [
            61,
            30,
            34,
            7,
            65,
            10,
            41,
            31,
            10
        ],
        [
            72,
            64,
            23,
            21,
            5,
            17,
            25,
            43
        ],
        [
            18,
            43,
            27,
            69
        ],
        [
            74,
            40,
            15,
            7,
            64,
            15,
            18
        ],
        [
            6,
            71,
            50,
            63,
            10,
            75,
            19
        ],
        [
            36,
            14,
            71,
            51,
            57,
            9
        ],
        [
            44,
            32,
            39,
            25,
            54,
            9,
            12,
            23,
            28
        ],
        [
            60,
            47,
            66,
            0,
            31,
            59,
            55,
            55,
            14,
            45
        ],
        [
            54,
            16,
            30,
            40,
            74,
            73,
            64,
            12
        ],
        [
            31,
            8,
            36,
            20,
            71,
            75,
            32,
            29,
            27
        ],
        [
            19,
            37,
            33,
            25,
            27,
            13,
            49
        ],
        [
            53,
            40,
            73,
            76,
            63,
            37,
            15
        ],
        [
            27,
            47,
            19,
            2,
            39,
            56,
            59,
            3
        ],
        [
            22,
            13,
            24,
            49,
            1,
            57,
            22,
            7,
            18,
            54,
            51,
            69
        ],
        [
            35,
            38,
            32,
            20,
            1
        ],
        [
            1,
            23,
            38,
            28,
            69,
            66,
            61
        ],
        [
            20,
            21,
            76,
            52,
            49,
            50,
            48,
            34,
            17,
            29,
            16,
            37,
            54,
            70,
            11,
            70
        ],
        [
            17,
            65,
            13,
            34,
            52,
            34,
            66,
            68,
            26,
            17,
            60
        ],
        [
            62,
            59,
            51,
            8,
            36,
            26,
            58,
            22,
            53,
            33,
            24,
            9
        ],
        [
            71,
            4,
            11,
            12,
            44,
            67,
            63,
            60,
            4,
            63
        ],
        [
            0,
            30,
            46,
            30,
            52,
            32
        ],
        [
            14,
            4,
            13,
            68,
            1,
            48
        ],
        [
            19,
            38,
            75,
            52,
            24,
            10,
            56,
            8
        ],
        [
            37,
            55,
            35,
            45,
            60
        ],
        [
            22,
            62,
            42,
            20,
            72,
            50,
            46,
            66
        ],
        [
            2,
            69,
            6,
            7,
            64,
            44,
            46,
            35
        ]
    ],
    "matching": {
        "0": 3,
        "1": 0,
        "2": 0,
        "3": 4,
        "4": 2,
        "5": 1,
        "6": 4,
        "7": 2,
        "8": 2,
        "9": 0,
        "10": 0,
        "11": 0,
        "12": 4,
        "13": 4,
        "14": 3,
        "15": 1,
        "16": 3,
        "17": 0,
        "18": 2,
        "19": 4,
        "20": 4,
        "21": 4,
        "22": 0,
        "23": 2,
        "24": 1,
        "25": 3,
        "26": 3,
        "27": 2,
        "28": 1,
        "29": 0,
        "30": 4,
        "31": 0,
        "32": 1,
        "33": 0,
        "34": 4,
        "35": 2,
        "36": 2,
        "37": 4,
        "38": 4,
        "39": 1,
        "40": 0,
        "41": 3,
        "42": 2,
        "43": 4,
        "44": 3,
        "45": 3,
        "46": 4,
        "47": 2,
        "48": 3,
        "49": 0,
        "50": 3,
        "51": 1,
        "52": 1,
        "53": 3,
        "54": 1,
        "55": 4,
        "56": 4,
        "57": 4,
        "58": 0,
        "59": 1,
        "60": 3,
        "61": 1,
        "62": 0,
        "63": 2,
        "64": 4,
        "65": 4,
        "66": 2,
        "67": 1,
        "68": 0,
        "69": 3,
        "70": 4,
        "71": 0,
        "72": 4,
        "73": 0,
        "74": 4,
        "75": 3,
        "76": 1
    },
    "lower_bound": 60.0
}