{
    "node_types": [
        "invoice",
        "sku",
        "zone"
    ],
    "edge_types": [
        "('invoice', 'requires', 'sku')",
        "('sku', 'located_at', 'zone')",
        "('sku', 'rev_requires', 'invoice')",
        "('zone', 'rev_located_at', 'sku')"
    ],
    "num_invoices": 33,
    "num_sku": 65,
    "num_zone": 5,
    "invoices": [
        [
            9,
            31,
            46,
            3
        ],
        [
            27,
            6,
            15,
            38,
            55,
            4,
            20,
            43,
            39,
            54,
            34
        ],
        [
            31,
            40,
            46,
            54,
            52,
            0,
            11,
            10,
            61,
            12
        ],
        [
            34,
            52,
            41,
            16,
            42
        ],
        [
            27,
            13,
            54,
            15,
            21
        ],
        [
            5,
            14,
            30,
            37,
            51,
            33,
            48
        ],
        [
            19,
            50,
            22,
            26,
            29,
            60,
            34,
            21,
            57
        ],
        [
            17,
            41,
            58,
            16,
            19,
            24
        ],
        [
            5,
            34,
            21,
            31,
            45,
            53,
            12,
            57,
            35,
            4,
            5,
            0
        ],
        [
            12,
            14,
            28,
            24,
            24,
            8
        ],
        [
            27,
            62,
            39,
            23,
            24,
            43
        ],
        [
            29,
            8,
            7,
            25,
            40,
            15,
            22,
            42,
            64
        ],
        [
            3,
            63,
            0,
            48,
            0,
            64
        ],
        [
            12,
            11,
            1,
            1
        ],
        [
            17,
            28,
            7,
            32,
            37,
            59
        ],
        [
            55,
            2,
            57,
            49,
            61,
            20
        ],
        [
            41,
            16,
            23,
            50
        ],
        [
            41,
            29,
            60,
            33,
            50
        ],
        [
            13,
            8,
            62,
            38,
            63
        ],
        [
            51,
            53,
            9,
            58,
            6,
            18,
            60
        ],
        [
            23,
            14,
            31,
            3
        ],
        [
            39,
            1,
            3,
            39,
            53
        ],
        [
            64,
            47
        ],
        [
            2,
            35,
            56,
            20
        ],
        [
            36,
            62,
            35,
            36,
            13,
            49,
            45,
            64
        ],
        [
            20,
            58,
            17,
            33,
            59
        ],
        [
            60,
            10,
            25,
            45,
            55
        ],
        [
            9,
            35,
            44,
            47,
            54
        ],
        [
            26,
            18,
            33,
            1
        ],
        [
            38,
            44,
            7,
            10
        ],
        [
            40,
            5,
            10,
            42,
            37,
            56
        ],
        [
            32,
            38,
            9,
            27,
            59,
            47,
            13,
            58,
            8
        ],
        [
            40,
            18,
            30
        ]
    ],
    "matching": {
        "0": 4,
        "1": 2,
        "2": 0,
        "3": 1,
        "4": 4,
        "5": 4,
        "6": 2,
        "7": 0,
        "8": 1,
        "9": 3,
        "10": 4,
        "11": 1,
        "12": 2,
        "13": 1,
        "14": 2,
        "15": 1,
        "16": 4,
        "17": 2,
        "18": 0,
        "19": 0,
        "20": 1,
        "21": 4,
        "22": 1,
        "23": 3,
        "24": 3,
        "25": 4,
        "26": 4,
        "27": 0,
        "28": 4,
        "29": 0,
        "30": 2,
        "31": 1,
        "32": 2,
        "33": 1,
        "34": 1,
        "35": 4,
        "36": 1,
        "37": 1,
        "38": 4,
        "39": 2,
        "40": 1,
        "41": 1,
        "42": 0,
        "43": 3,
        "44": 3,
        "45": 3,
        "46": 4,
        "47": 4,
        "48": 0,
        "49": 3,
        "50": 2,
        "51": 3,
        "52": 0,
        "53": 4,
        "54": 4,
        "55": 1,
        "56": 4,
        "57": 3,
        "58": 0,
        "59": 4,
        "60": 1,
        "61": 2,
        "62": 1,
        "63": 1,
        "64": 2
    },
    "lower_bound": 48.0
}