{
    "node_types": [
        "invoice",
        "sku",
        "zone"
    ],
    "edge_types": [
        "('invoice', 'requires', 'sku')",
        "('sku', 'located_at', 'zone')",
        "('sku', 'rev_requires', 'invoice')",
        "('zone', 'rev_located_at', 'sku')"
    ],
    "num_invoices": 31,
    "num_sku": 77,
    "num_zone": 5,
    "invoices": [
        [
            74,
            57
        ],
        [
            14,
            58,
            11,
            13,
            22,
            52,
            20,
            36,
            61,
            38,
            9
        ],
        [
            65,
            10,
            13,
            16,
            44,
            76,
            2,
            41,
            28,
            28,
            56
        ],
        [
            19,
            54,
            14,
            68,
            24,
            38,
            26
        ],
        [
            6,
            71,
            63,
            6,
            62,
            51,
            9,
            32
        ],
        [
            68,
            40,
            2,
            31,
            1,
            75,
            10
        ],
        [
            57,
            49,
            53,
            0,
            15,
            63,
            73
        ],
        [
            45,
            25,
            2,
            54,
            46,
            42,
            34,
            1
        ],
        [
            57,
            5
        ],
        [
            40,
            18,
            48,
            50,
            17,
            23,
            69
        ],
        [
            64,
            27,
            30,
            16,
            50
        ],
        [
            43,
            37,
            62,
            64,
            49
        ],
        [
            13,
            11,
            44,
            39,
            59,
            12,
            7,
            60,
            22
        ],
        [
            61,
            0,
            23,
            47,
            74,
            32
        ],
        [
            19,
            40,
            22,
            6
        ],
        [
            44,
            41,
            47,
            35,
            67,
            63,
            45,
            51
        ],
        [
            34,
            46,
            13,
            56,
            65,
            26,
            22,
            8,
            57,
            46
        ],
        [
            11,
            67,
            7,
            20,
            3,
            11,
            3
        ],
        [
            30,
            47,
            55,
            26,
            73
        ],
        [
            26,
            70,
            30,
            20,
            31,
            7
        ],
        [
            68,
            15,
            33,
            36,
            42,
            7,
            24,
            48
        ],
        [
            1,
            4,
            5,
            31,
            47,
            59,
            49,
            8
        ],
        [
            71,
            18,
            4,
            15,
            12,
            72,
            17,
            58,
            61,
            53,
            68,
            66
        ],
        [
            8,
            76,
            1,
            27,
            9,
            29,
            44,
            51,
            23,
            33,
            34,
            37
        ],
        [
            52,
            5,
            21,
            49,
            46,
            29
        ],
        [
            27,
            0,
            9,
            55,
            75,
            32,
            59
        ],
        [
            35,
            39,
            36,
            52,
            12,
            41,
            28,
            50
        ],
        [
            72,
            37,
            54,
            33,
            33,
            74,
            42,
            29
        ],
        [
            67,
            66,
            54,
            3,
            45,
            70
        ],
        [
            41,
            32,
            6,
            74,
            65,
            58,
            28,
            71,
            14,
            50,
            21,
            59
        ],
        [
            69,
            45,
            73,
            43,
            60,
            14,
            25,
            36
        ]
    ],
    "matching": {
        "0": 0,
        "1": 4,
        "2": 4,
        "3": 0,
        "4": 1,
        "5": 2,
        "6": 2,
        "7": 2,
        "8": 0,
        "9": 0,
        "10": 3,
        "11": 2,
        "12": 0,
        "13": 0,
        "14": 4,
        "15": 0,
        "16": 3,
        "17": 0,
        "18": 2,
        "19": 4,
        "20": 2,
        "21": 3,
        "22": 0,
        "23": 0,
        "24": 3,
        "25": 4,
        "26": 0,
        "27": 0,
        "28": 0,
        "29": 3,
        "30": 2,
        "31": 2,
        "32": 3,
        "33": 3,
        "34": 2,
        "35": 4,
        "36": 3,
        "37": 4,
        "38": 2,
        "39": 1,
        "40": 3,
        "41": 2,
        "42": 3,
        "43": 0,
        "44": 2,
        "45": 3,
        "46": 0,
        "47": 3,
        "48": 0,
        "49": 3,
        "50": 1,
        "51": 1,
        "52": 0,
        "53": 2,
        "54": 2,
        "55": 4,
        "56": 2,
        "57": 3,
        "58": 2,
        "59": 3,
        "60": 4,
        "61": 0,
        "62": 2,
        "63": 3,
        "64": 2,
        "65": 4,
        "66": 0,
        "67": 0,
        "68": 1,
        "69": 3,
        "70": 3,
        "71": 0,
        "72": 2,
        "73": 3,
        "74": 0,
        "75": 1,
        "76": 0
    },
    "lower_bound": 48.0
}