{
    "node_types": [
        "invoice",
        "sku",
        "zone"
    ],
    "edge_types": [
        "('invoice', 'requires', 'sku')",
        "('sku', 'located_at', 'zone')",
        "('sku', 'rev_requires', 'invoice')",
        "('zone', 'rev_located_at', 'sku')"
    ],
    "num_invoices": 30,
    "num_sku": 75,
    "num_zone": 5,
    "invoices": [
        [
            28,
            66,
            63,
            43,
            36,
            4,
            72,
            63,
            67
        ],
        [
            59,
            27,
            16,
            13,
            44
        ],
        [
            52,
            53,
            66,
            5,
            1,
            4,
            34,
            48
        ],
        [
            2,
            27,
            9,
            60,
            7,
            65,
            67,
            12,
            73,
            37
        ],
        [
            37,
            24,
            15,
            50,
            71,
            35,
            32,
            46,
            43,
            49
        ],
        [
            51,
            57,
            41,
            20,
            12,
            9,
            25,
            53
        ],
        [
            1,
            3,
            25,
            45,
            44,
            40,
            40,
            74,
            33,
            20,
            17,
            44,
            23
        ],
        [
            21,
            54,
            35,
            56,
            36,
            38,
            72
        ],
        [
            39,
            18,
            39,
            40,
            48
        ],
        [
            2,
            14,
            0,
            0,
            64,
            66,
            47,
            63
        ],
        [
            17,
            50,
            65,
            6,
            21,
            49,
            41,
            8,
            12
        ],
        [
            14,
            42,
            74,
            18,
            29
        ],
        [
            31,
            14,
            46,
            30,
            45,
            41,
            43,
            14
        ],
        [
            26,
            73,
            20,
            35,
            73
        ],
        [
            31,
            61,
            19,
            31,
            41,
            28,
            4
        ],
        [
            32,
            51,
            42,
            62,
            33,
            30,
            69,
            13
        ],
        [
            47,
            31,
            74
        ],
        [
            11,
            16,
            26,
            23,
            3,
            8,
            59
        ],
        [
            64,
            54,
            62,
            19,
            54,
            6,
            50
        ],
        [
            38,
            69,
            52,
            25,
            72,
            11,
            37
        ],
        [
            70,
            25,
            57,
            5
        ],
        [
            50,
            12,
            51,
            36
        ],
        [
            55,
            52,
            57,
            60,
            64,
            0,
            13,
            24,
            18,
            64
        ],
        [
            53,
            42,
            56,
            1,
            52
        ],
        [
            29,
            15,
            58,
            7,
            6,
            2,
            10,
            60,
            17,
            7,
            24,
            22
        ],
        [
            58,
            51,
            6,
            71,
            36,
            47,
            19,
            22,
            18,
            71,
            10
        ],
        [
            9,
            58,
            26,
            24,
            44,
            32,
            0,
            34,
            10,
            68
        ],
        [
            30,
            34,
            69,
            67,
            56,
            29,
            60
        ],
        [
            39,
            54,
            74,
            61,
            67,
            21,
            68,
            57,
            56,
            23
        ],
        [
            70,
            71,
            53,
            73,
            72,
            3,
            42,
            16,
            55,
            26,
            62,
            23,
            70,
            32,
            61,
            34
        ]
    ],
    "matching": {
        "0": 4,
        "1": 2,
        "2": 2,
        "3": 3,
        "4": 2,
        "5": 3,
        "6": 4,
        "7": 1,
        "8": 0,
        "9": 0,
        "10": 4,
        "11": 4,
        "12": 0,
        "13": 0,
        "14": 4,
        "15": 2,
        "16": 2,
        "17": 0,
        "18": 3,
        "19": 3,
        "20": 3,
        "21": 2,
        "22": 4,
        "23": 3,
        "24": 1,
        "25": 2,
        "26": 2,
        "27": 0,
        "28": 4,
        "29": 2,
        "30": 0,
        "31": 1,
        "32": 4,
        "33": 3,
        "34": 0,
        "35": 0,
        "36": 3,
        "37": 2,
        "38": 4,
        "39": 1,
        "40": 2,
        "41": 0,
        "42": 3,
        "43": 1,
        "44": 4,
        "45": 0,
        "46": 2,
        "47": 1,
        "48": 3,
        "49": 1,
        "50": 3,
        "51": 0,
        "52": 2,
        "53": 2,
        "54": 1,
        "55": 4,
        "56": 0,
        "57": 3,
        "58": 2,
        "59": 4,
        "60": 4,
        "61": 2,
        "62": 2,
        "63": 4,
        "64": 0,
        "65": 1,
        "66": 3,
        "67": 3,
        "68": 2,
        "69": 3,
        "70": 0,
        "71": 3,
        "72": 3,
        "73": 0,
        "74": 2
    },
    "lower_bound": 60.0
}