{
    "node_types": [
        "invoice",
        "sku",
        "zone"
    ],
    "edge_types": [
        "('invoice', 'requires', 'sku')",
        "('sku', 'located_at', 'zone')",
        "('sku', 'rev_requires', 'invoice')",
        "('zone', 'rev_located_at', 'sku')"
    ],
    "num_invoices": 27,
    "num_sku": 72,
    "num_zone": 5,
    "invoices": [
        [
            44,
            58,
            13
        ],
        [
            21,
            58,
            38,
            27,
            36,
            29,
            3,
            3,
            25
        ],
        [
            59,
            41,
            7,
            18,
            46
        ],
        [
            37,
            20,
            2,
            11,
            9,
            65
        ],
        [
            65,
            63,
            6,
            31,
            53,
            37,
            5,
            55,
            53
        ],
        [
            56,
            1,
            20,
            39,
            58,
            23
        ],
        [
            71,
            31,
            60,
            54,
            34,
            60,
            1,
            23,
            29,
            65,
            49,
            4,
            48,
            55
        ],
        [
            27,
            33,
            34,
            61,
            54,
            67,
            52,
            35,
            32
        ],
        [
            53,
            35,
            24,
            7,
            47,
            10,
            22
        ],
        [
            15,
            24,
            48,
            54,
            70,
            61
        ],
        [
            24,
            0,
            57,
            22,
            5
        ],
        [
            52,
            7,
            25,
            54,
            19,
            68,
            14,
            40
        ],
        [
            51,
            41,
            46,
            17,
            6
        ],
        [
            0,
            31,
            4,
            44,
            28,
            47,
            6,
            19,
            68,
            64,
            22,
            14,
            59,
            28
        ],
        [
            42,
            56,
            66,
            30,
            62,
            1,
            10,
            57,
            69,
            40,
            32,
            36
        ],
        [
            12,
            11,
            20,
            38,
            71,
            15
        ],
        [
            2,
            56,
            26,
            10,
            2,
            53,
            50,
            17
        ],
        [
            45,
            49,
            55,
            71,
            1,
            60
        ],
        [
            13,
            35,
            61,
            34,
            69,
            16,
            43,
            12,
            66,
            21,
            70,
            68
        ],
        [
            15,
            8,
            36,
            49,
            71,
            41,
            57,
            27,
            7
        ],
        [
            8,
            18,
            70,
            4,
            43,
            50,
            49,
            50,
            63
        ],
        [
            36,
            8,
            61,
            46,
            12,
            29,
            11,
            24,
            42,
            30
        ],
        [
            26,
            44,
            30,
            26,
            21,
            39
        ],
        [
            60,
            45,
            51,
            67,
            6,
            59,
            67,
            56
        ],
        [
            58,
            40,
            66,
            17,
            38,
            0,
            66,
            32,
            47,
            16,
            34,
            9,
            48,
            44,
            48,
            9
        ],
        [
            27,
            2,
            64,
            63,
            70,
            8
        ],
        [
            62,
            19,
            33,
            23,
            15,
            9,
            35,
            31
        ]
    ],
    "matching": {
        "0": 2,
        "1": 2,
        "2": 2,
        "3": 4,
        "4": 0,
        "5": 1,
        "6": 4,
        "7": 4,
        "8": 2,
        "9": 2,
        "10": 2,
        "11": 3,
        "12": 2,
        "13": 2,
        "14": 3,
        "15": 1,
        "16": 2,
        "17": 2,
        "18": 3,
        "19": 3,
        "20": 1,
        "21": 2,
        "22": 3,
        "23": 3,
        "24": 3,
        "25": 3,
        "26": 2,
        "27": 0,
        "28": 0,
        "29": 0,
        "30": 3,
        "31": 0,
        "32": 1,
        "33": 2,
        "34": 3,
        "35": 4,
        "36": 3,
        "37": 3,
        "38": 2,
        "39": 4,
        "40": 2,
        "41": 4,
        "42": 4,
        "43": 0,
        "44": 0,
        "45": 4,
        "46": 1,
        "47": 0,
        "48": 0,
        "49": 1,
        "50": 2,
        "51": 3,
        "52": 2,
        "53": 4,
        "54": 1,
        "55": 3,
        "56": 4,
        "57": 0,
        "58": 0,
        "59": 4,
        "60": 4,
        "61": 0,
        "62": 0,
        "63": 1,
        "64": 3,
        "65": 1,
        "66": 0,
        "67": 3,
        "68": 0,
        "69": 1,
        "70": 3,
        "71": 4
    },
    "lower_bound": 60.0
}