{
    "node_types": [
        "invoice",
        "sku",
        "zone"
    ],
    "edge_types": [
        "('invoice', 'requires', 'sku')",
        "('sku', 'located_at', 'zone')",
        "('sku', 'rev_requires', 'invoice')",
        "('zone', 'rev_located_at', 'sku')"
    ],
    "num_invoices": 33,
    "num_sku": 97,
    "num_zone": 5,
    "invoices": [
        [
            5,
            96,
            19,
            26,
            17,
            93,
            62,
            41,
            55,
            24,
            88,
            8
        ],
        [
            68,
            20,
            47,
            56,
            85,
            18,
            75,
            17,
            56,
            21,
            89
        ],
        [
            3,
            17,
            16,
            36,
            73,
            63,
            40,
            59
        ],
        [
            83,
            31,
            96,
            76,
            64,
            25,
            84,
            48,
            53
        ],
        [
            12,
            25,
            84,
            20,
            91,
            23,
            80,
            21,
            64,
            50,
            89
        ],
        [
            45,
            12,
            39,
            85
        ],
        [
            22,
            87,
            49,
            88,
            32,
            11,
            86
        ],
        [
            36,
            61,
            16,
            52,
            79
        ],
        [
            73,
            93,
            18,
            65,
            54,
            79,
            58,
            45,
            85,
            10,
            85
        ],
        [
            44,
            56,
            33,
            68,
            11,
            26,
            77,
            51,
            71,
            5,
            42,
            45
        ],
        [
            51,
            60,
            92,
            68,
            87,
            94,
            32,
            21
        ],
        [
            16,
            81,
            54,
            9,
            0
        ],
        [
            95,
            81,
            23,
            86,
            60,
            11,
            0,
            33,
            59
        ],
        [
            95,
            66,
            94,
            83,
            74,
            28
        ],
        [
            82,
            4,
            93,
            14,
            68,
            26,
            78,
            18,
            8
        ],
        [
            65,
            55,
            49,
            76,
            64,
            32,
            24,
            29,
            31,
            92,
            95,
            72,
            91,
            3,
            4,
            6
        ],
        [
            75,
            57,
            47,
            17,
            39,
            66,
            24
        ],
        [
            82,
            28,
            74,
            63,
            69,
            56,
            15,
            28,
            79
        ],
        [
            55,
            67,
            19,
            90,
            18,
            71,
            1,
            27,
            9
        ],
        [
            7,
            58,
            37,
            19,
            9,
            14,
            79
        ],
        [
            69,
            41,
            39,
            37,
            95,
            83,
            93
        ],
        [
            48,
            27,
            45,
            34
        ],
        [
            80,
            40,
            8,
            23
        ],
        [
            52,
            64,
            58,
            1
        ],
        [
            15,
            14,
            12,
            75,
            5,
            6,
            71,
            96,
            80,
            37,
            20,
            53,
            82
        ],
        [
            61,
            82
        ],
        [
            2,
            19,
            29,
            0,
            46,
            35,
            46,
            67,
            71,
            72,
            14,
            22,
            81
        ],
        [
            90,
            21,
            60,
            33,
            44,
            73
        ],
        [
            25,
            70,
            10,
            86,
            70,
            62,
            57,
            66,
            77
        ],
        [
            12,
            7,
            20,
            42,
            54,
            43,
            94,
            34,
            22
        ],
        [
            40,
            6,
            38,
            34,
            57,
            2,
            81,
            91,
            76,
            2,
            72,
            61,
            11,
            50
        ],
        [
            13,
            80,
            38,
            30,
            91,
            30,
            8,
            54,
            43,
            58,
            25
        ],
        [
            33,
            65,
            42,
            73,
            13,
            78,
            35,
            34,
            13,
            22
        ]
    ],
    "matching": {
        "0": 4,
        "1": 2,
        "2": 1,
        "3": 4,
        "4": 0,
        "5": 3,
        "6": 2,
        "7": 0,
        "8": 3,
        "9": 0,
        "10": 0,
        "11": 3,
        "12": 3,
        "13": 4,
        "14": 4,
        "15": 4,
        "16": 4,
        "17": 2,
        "18": 0,
        "19": 0,
        "20": 0,
        "21": 4,
        "22": 1,
        "23": 1,
        "24": 3,
        "25": 3,
        "26": 2,
        "27": 0,
        "28": 3,
        "29": 1,
        "30": 1,
        "31": 1,
        "32": 3,
        "33": 2,
        "34": 1,
        "35": 1,
        "36": 4,
        "37": 1,
        "38": 0,
        "39": 2,
        "40": 2,
        "41": 1,
        "42": 3,
        "43": 3,
        "44": 0,
        "45": 1,
        "46": 1,
        "47": 1,
        "48": 1,
        "49": 4,
        "50": 0,
        "51": 0,
        "52": 0,
        "53": 2,
        "54": 0,
        "55": 1,
        "56": 1,
        "57": 3,
        "58": 1,
        "59": 4,
        "60": 1,
        "61": 1,
        "62": 4,
        "63": 4,
        "64": 2,
        "65": 3,
        "66": 4,
        "67": 0,
        "68": 1,
        "69": 0,
        "70": 4,
        "71": 4,
        "72": 2,
        "73": 0,
        "74": 2,
        "75": 1,
        "76": 2,
        "77": 3,
        "78": 1,
        "79": 3,
        "80": 0,
        "81": 3,
        "82": 1,
        "83": 0,
        "84": 2,
        "85": 3,
        "86": 4,
        "87": 3,
        "88": 4,
        "89": 4,
        "90": 0,
        "91": 3,
        "92": 0,
        "93": 1,
        "94": 0,
        "95": 3,
        "96": 1
    },
    "lower_bound": 60.0
}