{
    "node_types": [
        "invoice",
        "sku",
        "zone"
    ],
    "edge_types": [
        "('invoice', 'requires', 'sku')",
        "('sku', 'located_at', 'zone')",
        "('sku', 'rev_requires', 'invoice')",
        "('zone', 'rev_located_at', 'sku')"
    ],
    "num_invoices": 28,
    "num_sku": 94,
    "num_zone": 5,
    "invoices": [
        [
            74,
            74,
            25,
            40,
            63,
            81,
            17,
            49
        ],
        [
            21,
            84,
            75,
            93,
            11,
            9,
            8,
            5,
            87,
            85,
            2,
            44
        ],
        [
            54,
            52,
            20,
            7,
            12,
            85,
            70,
            54,
            17,
            83,
            37
        ],
        [
            35,
            76,
            25,
            13,
            88,
            78,
            39,
            42,
            40
        ],
        [
            56,
            55,
            38,
            83,
            38,
            44,
            91
        ],
        [
            33,
            62,
            83,
            33,
            93,
            91,
            19
        ],
        [
            36,
            16,
            46,
            49,
            35,
            51
        ],
        [
            31,
            82,
            69,
            68,
            69,
            67,
            73,
            42,
            75,
            0
        ],
        [
            82,
            20,
            69,
            77,
            79,
            21,
            18,
            85,
            26,
            60,
            11,
            10
        ],
        [
            77,
            36,
            80,
            30,
            54,
            80,
            66,
            28,
            26
        ],
        [
            47,
            55,
            13,
            78,
            29,
            71,
            64,
            22,
            87,
            40
        ],
        [
            10,
            78,
            51,
            6,
            72,
            62,
            29,
            34,
            53,
            31,
            33
        ],
        [
            27,
            59,
            75,
            2,
            1,
            7,
            13,
            50
        ],
        [
            64,
            87,
            55,
            72,
            54,
            21,
            28,
            39,
            11,
            60
        ],
        [
            3,
            67,
            89,
            24,
            48,
            55,
            59,
            15,
            91,
            56,
            6,
            76,
            43
        ],
        [
            59,
            9,
            61,
            8,
            57,
            42,
            74,
            90,
            56
        ],
        [
            14,
            32,
            1,
            47,
            57,
            39,
            32,
            34,
            90,
            65
        ],
        [
            44,
            15,
            78,
            0,
            77,
            84,
            11,
            45
        ],
        [
            14,
            75,
            89,
            32,
            84
        ],
        [
            37,
            45,
            67,
            87,
            86,
            23,
            92,
            18
        ],
        [
            6,
            85,
            16,
            21,
            66,
            8,
            19,
            3,
            89
        ],
        [
            48,
            50,
            92,
            92,
            8,
            30,
            18,
            4,
            3,
            68,
            16
        ],
        [
            7,
            24,
            36,
            27,
            53,
            30,
            22,
            29,
            39
        ],
        [
            43,
            67,
            84,
            41,
            34,
            5,
            77,
            70,
            41,
            46,
            93,
            79
        ],
        [
            91,
            65,
            47,
            89,
            60,
            48,
            41,
            26,
            81,
            26,
            52,
            71,
            69,
            74,
            86,
            90
        ],
        [
            79,
            25,
            38,
            82,
            56,
            23,
            88,
            43,
            13,
            29,
            61,
            10,
            58
        ],
        [
            12,
            6,
            92,
            24,
            18,
            66,
            3,
            58,
            73,
            4
        ],
        [
            49,
            32,
            53,
            70,
            28,
            63,
            38
        ]
    ],
    "matching": {
        "0": 0,
        "1": 0,
        "2": 1,
        "3": 0,
        "4": 3,
        "5": 0,
        "6": 3,
        "7": 3,
        "8": 1,
        "9": 3,
        "10": 3,
        "11": 2,
        "12": 0,
        "13": 0,
        "14": 3,
        "15": 2,
        "16": 2,
        "17": 1,
        "18": 1,
        "19": 2,
        "20": 4,
        "21": 4,
        "22": 4,
        "23": 2,
        "24": 0,
        "25": 0,
        "26": 4,
        "27": 0,
        "28": 2,
        "29": 2,
        "30": 1,
        "31": 2,
        "32": 2,
        "33": 4,
        "34": 1,
        "35": 0,
        "36": 3,
        "37": 4,
        "38": 1,
        "39": 4,
        "40": 0,
        "41": 2,
        "42": 4,
        "43": 4,
        "44": 1,
        "45": 4,
        "46": 1,
        "47": 0,
        "48": 3,
        "49": 0,
        "50": 2,
        "51": 1,
        "52": 3,
        "53": 3,
        "54": 3,
        "55": 1,
        "56": 0,
        "57": 4,
        "58": 4,
        "59": 3,
        "60": 2,
        "61": 0,
        "62": 2,
        "63": 0,
        "64": 1,
        "65": 3,
        "66": 2,
        "67": 0,
        "68": 0,
        "69": 4,
        "70": 3,
        "71": 1,
        "72": 4,
        "73": 2,
        "74": 3,
        "75": 2,
        "76": 3,
        "77": 0,
        "78": 0,
        "79": 0,
        "80": 3,
        "81": 4,
        "82": 3,
        "83": 3,
        "84": 3,
        "85": 1,
        "86": 2,
        "87": 2,
        "88": 1,
        "89": 3,
        "90": 3,
        "91": 1,
        "92": 1,
        "93": 3
    },
    "lower_bound": 60.0
}