{
    "node_types": [
        "invoice",
        "sku",
        "zone"
    ],
    "edge_types": [
        "('invoice', 'requires', 'sku')",
        "('sku', 'located_at', 'zone')",
        "('sku', 'rev_requires', 'invoice')",
        "('zone', 'rev_located_at', 'sku')"
    ],
    "num_invoices": 27,
    "num_sku": 60,
    "num_zone": 5,
    "invoices": [
        [
            11,
            18,
            43,
            10,
            27,
            48,
            59
        ],
        [
            3,
            6,
            50,
            19,
            28,
            29
        ],
        [
            23,
            44,
            15,
            59,
            23,
            47,
            39
        ],
        [
            7,
            31,
            57,
            55,
            51,
            0,
            15
        ],
        [
            58,
            34,
            16,
            15,
            27,
            54,
            45,
            19,
            46,
            13
        ],
        [
            31,
            4,
            0,
            49,
            9
        ],
        [
            41,
            54,
            56,
            46,
            2,
            12,
            51,
            4
        ],
        [
            30,
            53,
            29,
            50
        ],
        [
            7,
            17,
            13,
            3,
            20,
            37,
            39,
            40,
            35
        ],
        [
            48,
            49,
            32,
            22,
            1,
            1,
            21,
            29
        ],
        [
            31,
            16,
            14,
            45,
            54,
            20,
            53
        ],
        [
            42,
            30,
            17,
            25,
            56,
            18,
            32,
            14,
            48
        ],
        [
            16,
            24,
            7
        ],
        [
            17,
            42,
            47,
            26,
            22,
            27,
            43
        ],
        [
            19,
            56,
            28,
            38
        ],
        [
            12,
            57,
            41,
            21,
            19,
            22
        ],
        [
            53,
            18,
            43,
            52,
            8,
            24,
            49,
            13,
            8
        ],
        [
            35,
            4,
            34,
            25,
            25
        ],
        [
            58,
            52,
            34
        ],
        [
            38,
            2,
            24,
            37,
            3,
            3,
            16,
            30,
            23,
            51,
            52,
            56
        ],
        [
            40,
            33,
            43,
            20
        ],
        [
            10,
            23,
            53,
            52,
            18
        ],
        [
            57,
            33,
            4,
            7
        ],
        [
            5,
            51,
            38,
            20,
            26,
            35,
            26,
            57
        ],
        [
            36,
            5,
            30,
            6,
            17,
            32
        ],
        [
            49,
            24,
            9,
            11,
            44,
            22,
            48
        ],
        [
            55,
            36,
            10,
            54,
            42
        ]
    ],
    "matching": {
        "0": 0,
        "1": 3,
        "2": 4,
        "3": 2,
        "4": 2,
        "5": 3,
        "6": 3,
        "7": 2,
        "8": 1,
        "9": 4,
        "10": 3,
        "11": 2,
        "12": 4,
        "13": 4,
        "14": 4,
        "15": 4,
        "16": 3,
        "17": 2,
        "18": 1,
        "19": 4,
        "20": 3,
        "21": 1,
        "22": 3,
        "23": 1,
        "24": 2,
        "25": 4,
        "26": 3,
        "27": 2,
        "28": 4,
        "29": 2,
        "30": 2,
        "31": 3,
        "32": 4,
        "33": 3,
        "34": 4,
        "35": 3,
        "36": 1,
        "37": 2,
        "38": 3,
        "39": 2,
        "40": 0,
        "41": 1,
        "42": 2,
        "43": 1,
        "44": 3,
        "45": 2,
        "46": 0,
        "47": 2,
        "48": 1,
        "49": 4,
        "50": 3,
        "51": 4,
        "52": 4,
        "53": 1,
        "54": 1,
        "55": 0,
        "56": 2,
        "57": 0,
        "58": 0,
        "59": 2
    },
    "lower_bound": 48.0
}