{
    "node_types": [
        "invoice",
        "sku",
        "zone"
    ],
    "edge_types": [
        "('invoice', 'requires', 'sku')",
        "('sku', 'located_at', 'zone')",
        "('sku', 'rev_requires', 'invoice')",
        "('zone', 'rev_located_at', 'sku')"
    ],
    "num_invoices": 33,
    "num_sku": 63,
    "num_zone": 5,
    "invoices": [
        [
            51,
            38,
            49
        ],
        [
            61,
            17,
            6,
            12
        ],
        [
            9,
            25,
            27,
            0,
            43,
            58
        ],
        [
            60,
            30,
            24,
            59,
            40,
            43,
            5
        ],
        [
            35,
            16,
            7,
            49,
            18
        ],
        [
            8,
            56,
            42,
            45,
            33,
            46,
            55,
            59,
            46,
            33,
            5,
            12
        ],
        [
            52,
            47,
            17,
            52,
            27,
            10,
            8,
            23
        ],
        [
            11,
            37,
            42,
            21
        ],
        [
            22,
            60
        ],
        [
            1,
            13,
            12
        ],
        [
            43,
            40,
            4,
            56,
            14,
            3,
            58,
            62,
            56,
            52,
            41,
            16
        ],
        [
            50,
            55
        ],
        [
            57,
            25,
            29,
            3,
            24
        ],
        [
            23,
            59,
            34,
            35,
            45,
            37,
            2
        ],
        [
            56,
            54,
            48,
            48,
            54,
            26
        ],
        [
            24,
            13,
            61,
            28,
            13,
            11
        ],
        [
            6,
            40,
            11,
            32,
            44,
            36,
            31,
            15,
            19,
            29,
            22
        ],
        [
            58,
            46
        ],
        [
            16,
            2,
            10,
            17
        ],
        [
            6,
            0
        ],
        [
            38,
            18,
            48,
            50,
            39,
            46,
            39,
            20,
            38,
            22,
            28
        ],
        [
            57,
            60,
            19,
            55
        ],
        [
            55,
            20,
            32,
            15,
            44
        ],
        [
            5,
            4,
            38,
            37
        ],
        [
            53,
            48,
            15,
            45,
            12,
            33
        ],
        [
            21,
            22,
            62,
            61,
            1,
            2
        ],
        [
            20,
            35,
            53,
            42
        ],
        [
            9,
            41,
            54,
            23,
            26,
            47
        ],
        [
            25,
            62,
            29,
            19,
            14
        ],
        [
            47,
            20,
            58,
            35,
            41,
            1,
            31,
            8
        ],
        [
            17,
            7,
            50,
            51
        ],
        [
            36,
            57,
            30,
            33,
            11,
            50,
            54,
            9,
            37,
            2,
            28
        ],
        [
            34,
            51,
            42,
            8,
            51,
            52
        ]
    ],
    "matching": {
        "0": 2,
        "1": 1,
        "2": 2,
        "3": 0,
        "4": 0,
        "5": 4,
        "6": 4,
        "7": 3,
        "8": 1,
        "9": 4,
        "10": 2,
        "11": 2,
        "12": 0,
        "13": 4,
        "14": 1,
        "15": 2,
        "16": 2,
        "17": 3,
        "18": 3,
        "19": 0,
        "20": 2,
        "21": 4,
        "22": 3,
        "23": 4,
        "24": 1,
        "25": 3,
        "26": 1,
        "27": 1,
        "28": 2,
        "29": 3,
        "30": 3,
        "31": 1,
        "32": 3,
        "33": 3,
        "34": 3,
        "35": 2,
        "36": 4,
        "37": 2,
        "38": 2,
        "39": 2,
        "40": 0,
        "41": 4,
        "42": 1,
        "43": 4,
        "44": 3,
        "45": 2,
        "46": 3,
        "47": 1,
        "48": 3,
        "49": 3,
        "50": 2,
        "51": 0,
        "52": 0,
        "53": 3,
        "54": 2,
        "55": 3,
        "56": 2,
        "57": 1,
        "58": 3,
        "59": 3,
        "60": 4,
        "61": 4,
        "62": 3
    },
    "lower_bound": 48.0
}