{
    "node_types": [
        "invoice",
        "sku",
        "zone"
    ],
    "edge_types": [
        "('invoice', 'requires', 'sku')",
        "('sku', 'located_at', 'zone')",
        "('sku', 'rev_requires', 'invoice')",
        "('zone', 'rev_located_at', 'sku')"
    ],
    "num_invoices": 32,
    "num_sku": 98,
    "num_zone": 5,
    "invoices": [
        [
            13,
            75,
            2,
            70,
            64,
            79,
            53,
            80,
            48,
            88,
            33,
            75
        ],
        [
            22,
            82,
            73,
            46,
            73
        ],
        [
            39,
            51,
            30,
            55,
            33,
            50,
            25
        ],
        [
            13,
            92,
            53,
            14,
            54,
            8,
            40,
            45,
            95
        ],
        [
            97,
            4,
            17,
            15,
            45,
            17,
            60,
            45,
            35,
            76
        ],
        [
            67,
            65,
            17,
            80,
            19,
            81,
            26,
            19,
            92
        ],
        [
            44,
            45,
            71,
            77,
            54,
            42,
            4,
            34
        ],
        [
            37,
            87,
            22,
            36,
            61,
            28,
            87,
            59,
            41,
            64,
            28
        ],
        [
            12,
            56,
            20,
            3,
            27,
            14,
            7,
            26
        ],
        [
            81,
            67,
            17,
            70,
            9,
            61,
            24,
            20,
            69,
            36,
            10,
            43
        ],
        [
            40,
            28,
            13,
            90,
            78,
            40,
            66,
            48,
            46,
            22,
            26,
            4
        ],
        [
            47,
            86,
            49,
            93,
            47,
            69,
            6,
            86,
            40
        ],
        [
            96,
            78,
            94,
            44
        ],
        [
            68,
            79,
            2,
            25,
            11,
            2,
            24
        ],
        [
            38,
            0,
            32,
            1,
            11,
            92,
            72,
            51
        ],
        [
            75,
            44,
            18,
            97,
            52,
            71,
            28
        ],
        [
            16,
            8,
            48,
            1,
            38,
            89
        ],
        [
            9,
            18,
            93,
            29,
            50,
            43,
            56,
            20,
            84,
            33,
            23,
            12,
            91,
            73
        ],
        [
            64,
            21,
            49,
            39,
            61,
            60,
            7,
            55,
            1,
            49,
            55,
            41,
            63,
            34
        ],
        [
            60,
            3,
            10,
            82,
            54,
            91,
            77,
            73,
            85
        ],
        [
            97,
            34,
            66,
            72,
            37,
            69,
            62,
            7
        ],
        [
            52,
            21,
            42,
            54,
            65,
            31,
            39,
            74,
            70,
            64,
            85,
            5,
            67,
            29,
            91,
            10
        ],
        [
            74,
            35,
            57,
            48,
            20,
            68,
            32,
            16,
            88
        ],
        [
            25,
            76,
            62,
            58,
            27,
            89,
            0,
            80,
            5
        ],
        [
            78,
            93,
            16,
            84,
            96,
            59,
            42,
            82,
            41,
            75,
            57,
            94
        ],
        [
            31,
            31,
            51,
            61,
            29,
            85,
            25,
            35,
            95,
            71
        ],
        [
            58,
            70,
            2,
            76,
            83,
            94,
            30,
            83,
            63,
            23
        ],
        [
            34,
            58,
            15,
            6,
            38,
            65,
            42,
            51
        ],
        [
            6,
            22,
            74,
            13,
            81,
            31,
            91,
            77,
            85,
            5
        ],
        [
            47,
            83,
            38,
            77,
            12,
            11,
            57
        ],
        [
            0,
            43,
            32,
            21,
            58,
            41
        ],
        [
            88,
            35,
            16,
            79,
            62,
            19,
            93,
            32,
            71,
            90
        ]
    ],
    "matching": {
        "0": 0,
        "1": 2,
        "2": 2,
        "3": 1,
        "4": 2,
        "5": 3,
        "6": 1,
        "7": 1,
        "8": 3,
        "9": 3,
        "10": 4,
        "11": 2,
        "12": 1,
        "13": 0,
        "14": 0,
        "15": 2,
        "16": 2,
        "17": 2,
        "18": 1,
        "19": 2,
        "20": 3,
        "21": 1,
        "22": 4,
        "23": 0,
        "24": 2,
        "25": 4,
        "26": 1,
        "27": 2,
        "28": 3,
        "29": 4,
        "30": 0,
        "31": 4,
        "32": 1,
        "33": 4,
        "34": 4,
        "35": 0,
        "36": 4,
        "37": 3,
        "38": 0,
        "39": 4,
        "40": 3,
        "41": 2,
        "42": 1,
        "43": 3,
        "44": 1,
        "45": 1,
        "46": 2,
        "47": 3,
        "48": 4,
        "49": 4,
        "50": 0,
        "51": 4,
        "52": 4,
        "53": 1,
        "54": 3,
        "55": 3,
        "56": 2,
        "57": 4,
        "58": 1,
        "59": 4,
        "60": 1,
        "61": 2,
        "62": 0,
        "63": 0,
        "64": 2,
        "65": 1,
        "66": 1,
        "67": 0,
        "68": 4,
        "69": 3,
        "70": 0,
        "71": 3,
        "72": 1,
        "73": 4,
        "74": 4,
        "75": 4,
        "76": 3,
        "77": 0,
        "78": 2,
        "79": 4,
        "80": 0,
        "81": 4,
        "82": 3,
        "83": 0,
        "84": 2,
        "85": 4,
        "86": 2,
        "87": 3,
        "88": 2,
        "89": 3,
        "90": 3,
        "91": 4,
        "92": 0,
        "93": 2,
        "94": 4,
        "95": 2,
        "96": 2,
        "97": 4
    },
    "lower_bound": 60.0
}