{
    "node_types": [
        "invoice",
        "sku",
        "zone"
    ],
    "edge_types": [
        "('invoice', 'requires', 'sku')",
        "('sku', 'located_at', 'zone')",
        "('sku', 'rev_requires', 'invoice')",
        "('zone', 'rev_located_at', 'sku')"
    ],
    "num_invoices": 31,
    "num_sku": 52,
    "num_zone": 5,
    "invoices": [
        [
            32,
            36,
            14,
            50
        ],
        [
            2,
            31
        ],
        [
            17,
            21,
            3
        ],
        [
            48,
            38
        ],
        [
            36,
            4
        ],
        [
            5,
            22,
            5,
            12,
            40,
            1
        ],
        [
            10,
            34,
            35,
            37,
            40,
            19
        ],
        [
            40,
            37,
            41,
            46,
            3
        ],
        [
            20,
            2,
            28,
            50,
            8
        ],
        [
            47,
            46,
            16,
            8,
            1,
            23,
            31,
            32,
            24
        ],
        [
            21,
            47,
            31,
            39
        ],
        [
            25,
            6,
            18,
            45
        ],
        [
            31,
            43,
            30,
            9,
            17,
            6,
            47
        ],
        [
            42,
            1,
            13,
            42,
            7,
            39,
            48,
            10
        ],
        [
            14,
            6,
            9,
            4,
            1,
            43,
            16,
            13,
            8
        ],
        [
            33,
            10,
            36,
            27,
            34,
            46
        ],
        [
            38,
            30,
            12,
            41
        ],
        [
            9,
            12,
            43,
            44,
            44,
            18,
            42
        ],
        [
            22,
            28
        ],
        [
            38,
            11,
            20,
            45,
            15
        ],
        [
            38,
            49,
            51,
            20
        ],
        [
            35,
            22,
            25,
            30,
            27,
            23
        ],
        [
            29,
            35,
            47,
            35,
            49
        ],
        [
            36,
            3,
            23,
            7
        ],
        [
            11,
            26,
            33,
            26,
            0
        ],
        [
            42,
            44,
            8,
            29,
            28,
            48,
            23,
            2
        ],
        [
            15,
            11,
            14,
            29,
            12
        ],
        [
            17,
            43,
            51
        ],
        [
            24,
            0,
            24,
            4,
            20,
            19
        ],
        [
            46,
            3,
            0,
            22,
            16,
            44,
            7,
            51
        ],
        [
            48,
            16,
            32,
            25,
            32,
            19,
            10
        ]
    ],
    "matching": {
        "0": 4,
        "1": 2,
        "2": 2,
        "3": 3,
        "4": 1,
        "5": 4,
        "6": 2,
        "7": 0,
        "8": 2,
        "9": 1,
        "10": 3,
        "11": 0,
        "12": 2,
        "13": 3,
        "14": 3,
        "15": 1,
        "16": 3,
        "17": 2,
        "18": 3,
        "19": 4,
        "20": 3,
        "21": 0,
        "22": 2,
        "23": 1,
        "24": 1,
        "25": 2,
        "26": 3,
        "27": 4,
        "28": 4,
        "29": 4,
        "30": 1,
        "31": 0,
        "32": 4,
        "33": 0,
        "34": 4,
        "35": 1,
        "36": 3,
        "37": 1,
        "38": 3,
        "39": 0,
        "40": 2,
        "41": 3,
        "42": 0,
        "43": 4,
        "44": 3,
        "45": 2,
        "46": 2,
        "47": 1,
        "48": 3,
        "49": 1,
        "50": 2,
        "51": 0
    },
    "lower_bound": 39.0
}