{
    "node_types": [
        "invoice",
        "sku",
        "zone"
    ],
    "edge_types": [
        "('invoice', 'requires', 'sku')",
        "('sku', 'located_at', 'zone')",
        "('sku', 'rev_requires', 'invoice')",
        "('zone', 'rev_located_at', 'sku')"
    ],
    "num_invoices": 27,
    "num_sku": 100,
    "num_zone": 5,
    "invoices": [
        [
            63,
            2,
            6,
            90,
            87,
            47,
            87,
            92
        ],
        [
            63,
            95,
            42,
            98,
            95,
            89,
            49,
            12,
            71,
            63,
            2,
            16
        ],
        [
            8,
            23,
            74,
            70,
            19,
            14,
            55
        ],
        [
            94,
            34,
            85,
            12,
            59,
            76,
            0,
            50,
            92
        ],
        [
            9,
            39,
            97,
            0,
            73,
            15,
            91,
            77,
            56,
            23,
            32,
            82,
            87
        ],
        [
            76,
            55,
            92,
            51,
            96,
            27,
            65,
            42,
            16,
            36,
            17,
            29
        ],
        [
            20,
            16,
            1,
            13,
            4,
            11,
            81,
            57,
            27,
            10,
            70,
            44,
            31,
            69,
            41,
            34
        ],
        [
            21,
            75,
            13,
            50,
            54,
            47,
            53,
            58,
            28
        ],
        [
            77,
            75,
            6,
            26,
            31,
            97,
            95,
            20,
            94,
            30,
            47,
            72
        ],
        [
            25,
            54,
            67,
            78,
            83,
            85,
            89,
            38,
            6,
            57,
            58
        ],
        [
            87,
            73,
            57,
            13,
            63,
            98,
            99,
            73,
            29
        ],
        [
            24,
            62,
            71,
            29,
            1,
            67,
            26,
            38,
            35,
            5,
            25
        ],
        [
            2,
            69,
            8,
            21,
            75,
            91,
            18,
            82
        ],
        [
            73,
            48,
            82,
            4,
            84,
            33
        ],
        [
            80,
            28,
            81,
            11,
            36,
            64,
            48,
            28,
            44,
            65,
            30,
            33,
            41,
            68,
            4,
            76
        ],
        [
            25,
            88,
            22,
            99,
            86,
            46,
            44,
            41,
            24,
            28,
            84,
            56,
            91,
            60
        ],
        [
            54,
            89,
            43,
            38,
            51,
            40,
            86,
            66,
            68,
            52,
            59,
            39,
            48,
            88,
            13,
            40,
            5,
            9,
            24
        ],
        [
            27,
            66,
            64,
            21,
            61,
            26,
            74,
            37,
            15,
            34,
            22,
            86,
            78
        ],
        [
            76,
            21,
            35,
            10,
            99,
            81,
            22,
            37,
            52,
            84
        ],
        [
            55,
            51,
            39,
            90,
            4,
            12,
            27
        ],
        [
            67,
            60,
            7,
            79,
            42,
            41,
            3
        ],
        [
            55,
            74,
            14,
            66,
            43,
            9
        ],
        [
            30,
            54,
            14,
            8,
            59,
            59,
            3,
            17,
            1,
            19,
            85,
            49,
            69,
            68
        ],
        [
            47,
            52,
            9,
            86,
            22,
            45,
            58,
            79,
            80,
            39,
            98,
            62,
            29,
            70
        ],
        [
            2,
            34,
            72,
            44,
            38,
            69,
            81,
            84,
            8,
            64,
            68,
            32,
            45,
            71,
            0,
            83,
            18
        ],
        [
            93,
            96,
            45,
            1,
            53,
            89,
            33,
            66,
            7,
            95,
            75,
            52,
            61,
            93,
            46
        ],
        [
            5,
            99,
            85,
            94,
            57,
            20
        ]
    ],
    "matching": {
        "0": 1,
        "1": 2,
        "2": 4,
        "3": 0,
        "4": 3,
        "5": 3,
        "6": 4,
        "7": 0,
        "8": 1,
        "9": 3,
        "10": 1,
        "11": 3,
        "12": 2,
        "13": 4,
        "14": 1,
        "15": 0,
        "16": 1,
        "17": 0,
        "18": 1,
        "19": 4,
        "20": 2,
        "21": 0,
        "22": 0,
        "23": 2,
        "24": 1,
        "25": 0,
        "26": 1,
        "27": 4,
        "28": 3,
        "29": 4,
        "30": 4,
        "31": 4,
        "32": 2,
        "33": 0,
        "34": 3,
        "35": 0,
        "36": 1,
        "37": 1,
        "38": 1,
        "39": 0,
        "40": 0,
        "41": 3,
        "42": 1,
        "43": 3,
        "44": 0,
        "45": 4,
        "46": 3,
        "47": 3,
        "48": 4,
        "49": 0,
        "50": 2,
        "51": 3,
        "52": 1,
        "53": 3,
        "54": 3,
        "55": 4,
        "56": 3,
        "57": 0,
        "58": 4,
        "59": 1,
        "60": 2,
        "61": 0,
        "62": 1,
        "63": 1,
        "64": 3,
        "65": 3,
        "66": 0,
        "67": 4,
        "68": 0,
        "69": 3,
        "70": 3,
        "71": 1,
        "72": 2,
        "73": 0,
        "74": 4,
        "75": 3,
        "76": 0,
        "77": 2,
        "78": 0,
        "79": 2,
        "80": 3,
        "81": 4,
        "82": 1,
        "83": 3,
        "84": 4,
        "85": 1,
        "86": 1,
        "87": 0,
        "88": 4,
        "89": 3,
        "90": 3,
        "91": 1,
        "92": 2,
        "93": 0,
        "94": 2,
        "95": 0,
        "96": 2,
        "97": 3,
        "98": 0,
        "99": 1
    },
    "lower_bound": 69.0
}