{
    "node_types": [
        "invoice",
        "sku",
        "zone"
    ],
    "edge_types": [
        "('invoice', 'requires', 'sku')",
        "('sku', 'located_at', 'zone')",
        "('sku', 'rev_requires', 'invoice')",
        "('zone', 'rev_located_at', 'sku')"
    ],
    "num_invoices": 30,
    "num_sku": 53,
    "num_zone": 5,
    "invoices": [
        [
            24,
            43,
            46,
            43,
            11,
            40,
            13,
            36,
            44,
            37
        ],
        [
            35,
            33,
            44
        ],
        [
            11,
            45,
            34,
            3,
            37,
            51
        ],
        [
            7,
            10,
            31,
            26
        ],
        [
            16
        ],
        [
            10,
            6,
            4,
            33,
            34
        ],
        [
            1,
            27,
            9,
            22,
            17
        ],
        [
            28,
            1,
            16
        ],
        [
            51,
            3,
            10,
            8,
            45,
            47
        ],
        [
            24,
            45,
            17,
            42,
            44,
            12,
            47,
            30
        ],
        [
            4,
            50,
            20
        ],
        [
            28,
            41,
            19,
            47,
            12,
            9,
            29
        ],
        [
            23,
            31,
            18,
            47,
            31,
            26
        ],
        [
            21,
            7,
            51,
            8,
            39,
            49
        ],
        [
            36,
            16,
            29,
            26,
            27,
            14
        ],
        [
            41,
            22,
            6
        ],
        [
            49,
            21,
            15,
            48,
            21,
            40,
            43,
            5
        ],
        [
            18,
            20,
            38
        ],
        [
            25,
            44,
            6,
            14,
            30,
            21
        ],
        [
            32,
            7,
            0,
            48,
            38,
            37,
            46,
            10,
            27,
            33,
            5
        ],
        [
            49,
            27,
            11,
            2
        ],
        [
            25,
            15,
            52,
            5,
            2
        ],
        [
            48,
            35
        ],
        [
            50,
            46,
            22,
            41,
            24,
            48,
            39
        ],
        [
            52,
            49,
            19,
            18,
            20,
            23
        ],
        [
            12,
            0,
            13
        ],
        [
            31,
            25,
            4,
            23,
            38,
            42
        ],
        [
            52,
            32,
            24,
            23,
            14,
            51,
            28
        ],
        [
            42,
            46,
            3,
            16
        ],
        [
            19,
            6,
            11,
            7,
            36,
            45,
            4
        ]
    ],
    "matching": {
        "0": 0,
        "1": 3,
        "2": 4,
        "3": 4,
        "4": 2,
        "5": 4,
        "6": 3,
        "7": 2,
        "8": 4,
        "9": 0,
        "10": 4,
        "11": 3,
        "12": 2,
        "13": 2,
        "14": 0,
        "15": 2,
        "16": 1,
        "17": 3,
        "18": 0,
        "19": 1,
        "20": 2,
        "21": 0,
        "22": 4,
        "23": 4,
        "24": 3,
        "25": 1,
        "26": 4,
        "27": 3,
        "28": 4,
        "29": 0,
        "30": 2,
        "31": 1,
        "32": 4,
        "33": 3,
        "34": 4,
        "35": 2,
        "36": 1,
        "37": 4,
        "38": 0,
        "39": 1,
        "40": 2,
        "41": 3,
        "42": 3,
        "43": 3,
        "44": 3,
        "45": 4,
        "46": 3,
        "47": 2,
        "48": 0,
        "49": 4,
        "50": 0,
        "51": 2,
        "52": 4
    },
    "lower_bound": 45.0
}