{
    "node_types": [
        "invoice",
        "sku",
        "zone"
    ],
    "edge_types": [
        "('invoice', 'requires', 'sku')",
        "('sku', 'located_at', 'zone')",
        "('sku', 'rev_requires', 'invoice')",
        "('zone', 'rev_located_at', 'sku')"
    ],
    "num_invoices": 31,
    "num_sku": 69,
    "num_zone": 5,
    "invoices": [
        [
            31,
            47,
            53,
            22,
            66,
            25,
            52
        ],
        [
            5,
            28,
            63,
            40,
            52,
            7
        ],
        [
            39,
            23,
            19,
            8,
            13,
            14,
            1
        ],
        [
            12,
            42,
            25,
            33,
            8,
            46
        ],
        [
            65,
            68,
            7,
            53,
            15,
            42,
            52,
            27,
            0,
            30
        ],
        [
            4,
            67,
            67,
            43,
            66,
            22,
            6,
            11,
            38
        ],
        [
            34,
            19,
            47,
            7,
            33,
            12,
            33,
            48,
            65,
            39,
            64
        ],
        [
            55,
            2,
            28,
            0,
            41,
            11,
            25,
            68
        ],
        [
            28,
            43,
            48,
            22,
            3,
            37,
            14,
            58
        ],
        [
            46,
            31
        ],
        [
            44,
            36,
            50,
            21,
            18,
            37,
            32
        ],
        [
            12,
            3,
            6,
            29
        ],
        [
            34,
            59,
            20,
            2,
            65,
            59,
            18,
            60,
            19,
            57
        ],
        [
            54,
            10,
            22,
            66
        ],
        [
            8,
            54,
            61
        ],
        [
            44,
            52,
            40,
            17,
            9,
            21
        ],
        [
            48,
            11,
            15,
            57,
            43,
            59,
            38,
            38,
            68
        ],
        [
            46,
            67,
            54,
            26,
            6,
            32,
            25,
            45
        ],
        [
            26,
            31,
            60,
            16,
            5,
            57,
            63,
            20,
            51,
            29,
            57
        ],
        [
            16,
            37,
            36,
            56,
            0
        ],
        [
            35,
            8,
            13,
            47,
            50,
            27
        ],
        [
            60,
            32,
            24,
            5,
            61,
            68
        ],
        [
            65,
            26,
            56,
            58,
            14
        ],
        [
            5,
            55,
            38,
            55,
            17,
            36,
            59
        ],
        [
            60,
            58,
            39,
            67,
            41,
            64,
            62,
            41,
            2,
            13
        ],
        [
            42,
            17,
            61,
            9,
            1,
            10
        ],
        [
            44,
            6,
            35,
            35,
            11,
            12,
            44,
            4,
            51
        ],
        [],
        [
            62,
            47,
            39,
            49,
            2
        ],
        [
            41,
            18,
            24,
            45,
            58,
            40,
            32,
            49,
            1,
            23,
            43
        ],
        [
            29,
            33,
            30,
            29,
            7,
            14
        ]
    ],
    "matching": {
        "0": 3,
        "1": 4,
        "2": 0,
        "3": 0,
        "4": 0,
        "5": 0,
        "6": 4,
        "7": 4,
        "8": 4,
        "9": 1,
        "10": 4,
        "11": 0,
        "12": 4,
        "13": 0,
        "14": 3,
        "15": 2,
        "16": 0,
        "17": 4,
        "18": 2,
        "19": 0,
        "20": 0,
        "21": 2,
        "22": 3,
        "23": 2,
        "24": 2,
        "25": 1,
        "26": 3,
        "27": 1,
        "28": 0,
        "29": 1,
        "30": 4,
        "31": 0,
        "32": 4,
        "33": 0,
        "34": 1,
        "35": 4,
        "36": 4,
        "37": 2,
        "38": 1,
        "39": 3,
        "40": 0,
        "41": 1,
        "42": 3,
        "43": 1,
        "44": 4,
        "45": 3,
        "46": 3,
        "47": 3,
        "48": 1,
        "49": 1,
        "50": 4,
        "51": 0,
        "52": 4,
        "53": 2,
        "54": 0,
        "55": 4,
        "56": 0,
        "57": 2,
        "58": 0,
        "59": 2,
        "60": 2,
        "61": 4,
        "62": 0,
        "63": 3,
        "64": 3,
        "65": 1,
        "66": 1,
        "67": 3,
        "68": 1
    },
    "lower_bound": 45.0
}