{
    "node_types": [
        "invoice",
        "sku",
        "zone"
    ],
    "edge_types": [
        "('invoice', 'requires', 'sku')",
        "('sku', 'located_at', 'zone')",
        "('sku', 'rev_requires', 'invoice')",
        "('zone', 'rev_located_at', 'sku')"
    ],
    "num_invoices": 35,
    "num_sku": 67,
    "num_zone": 5,
    "invoices": [
        [
            62,
            2,
            3,
            42,
            12,
            16,
            57,
            7
        ],
        [
            29,
            55,
            44,
            15
        ],
        [
            14,
            64,
            31,
            7,
            18,
            37,
            66,
            53,
            6
        ],
        [
            13,
            20,
            51,
            7,
            61,
            23,
            33,
            0,
            59
        ],
        [
            61,
            52,
            10,
            24,
            13,
            38
        ],
        [
            52,
            20,
            21,
            19,
            33
        ],
        [
            66,
            20,
            36
        ],
        [
            6,
            16,
            49
        ],
        [
            9,
            32,
            55,
            43,
            0,
            56,
            56,
            0,
            15
        ],
        [
            37,
            28,
            26,
            23,
            30
        ],
        [
            1,
            3,
            9,
            39,
            61,
            62
        ],
        [
            32,
            43,
            12,
            42,
            56
        ],
        [
            27,
            23,
            38,
            31,
            64,
            28
        ],
        [
            1,
            18,
            1,
            47,
            40,
            44
        ],
        [
            66,
            60,
            32,
            13,
            36
        ],
        [
            8
        ],
        [
            12,
            26,
            18
        ],
        [
            10,
            0,
            24,
            3,
            1,
            54,
            52
        ],
        [
            4,
            34,
            29
        ],
        [
            56,
            25,
            41,
            2,
            58
        ],
        [
            49,
            17,
            58,
            8,
            52,
            61,
            50,
            47,
            33,
            41,
            9
        ],
        [
            2,
            63,
            8,
            63,
            2,
            24,
            27
        ],
        [
            63,
            57,
            46,
            48,
            45,
            17,
            58
        ],
        [
            14,
            32,
            34,
            46,
            30,
            48
        ],
        [
            35,
            16,
            40,
            35,
            43,
            28
        ],
        [
            62,
            54,
            49,
            23
        ],
        [
            28,
            39,
            60,
            60,
            18,
            53,
            42
        ],
        [
            19,
            4,
            14,
            3,
            19,
            22
        ],
        [
            40,
            19,
            38,
            59,
            25,
            4,
            45
        ],
        [
            5,
            51,
            42,
            5,
            9,
            21,
            5
        ],
        [
            57,
            65,
            14,
            48,
            11,
            20,
            11,
            25,
            16
        ],
        [
            30,
            58,
            53,
            65,
            50,
            65
        ],
        [
            46,
            39,
            57,
            26,
            63,
            10,
            44
        ],
        [
            26,
            39,
            22,
            51,
            24,
            22
        ],
        [
            45,
            38,
            53,
            65,
            47,
            21,
            46
        ]
    ],
    "matching": {
        "0": 0,
        "1": 3,
        "2": 2,
        "3": 4,
        "4": 4,
        "5": 1,
        "6": 2,
        "7": 4,
        "8": 3,
        "9": 1,
        "10": 1,
        "11": 3,
        "12": 2,
        "13": 0,
        "14": 1,
        "15": 2,
        "16": 0,
        "17": 2,
        "18": 2,
        "19": 3,
        "20": 0,
        "21": 2,
        "22": 2,
        "23": 1,
        "24": 4,
        "25": 4,
        "26": 2,
        "27": 1,
        "28": 1,
        "29": 2,
        "30": 1,
        "31": 4,
        "32": 4,
        "33": 0,
        "34": 4,
        "35": 0,
        "36": 2,
        "37": 1,
        "38": 4,
        "39": 1,
        "40": 4,
        "41": 2,
        "42": 1,
        "43": 3,
        "44": 4,
        "45": 3,
        "46": 2,
        "47": 4,
        "48": 0,
        "49": 2,
        "50": 0,
        "51": 4,
        "52": 4,
        "53": 2,
        "54": 2,
        "55": 0,
        "56": 3,
        "57": 2,
        "58": 4,
        "59": 3,
        "60": 1,
        "61": 1,
        "62": 3,
        "63": 4,
        "64": 2,
        "65": 1,
        "66": 1
    },
    "lower_bound": 45.0
}