{
    "node_types": [
        "invoice",
        "sku",
        "zone"
    ],
    "edge_types": [
        "('invoice', 'requires', 'sku')",
        "('sku', 'located_at', 'zone')",
        "('sku', 'rev_requires', 'invoice')",
        "('zone', 'rev_located_at', 'sku')"
    ],
    "num_invoices": 26,
    "num_sku": 91,
    "num_zone": 5,
    "invoices": [
        [
            59,
            80,
            22,
            24,
            5,
            33,
            15,
            74
        ],
        [
            43,
            43,
            11,
            5,
            29,
            37,
            13,
            68,
            53,
            58
        ],
        [
            19,
            56,
            9,
            69,
            17,
            12,
            0,
            53,
            66
        ],
        [
            3,
            4,
            32,
            81,
            70,
            34,
            10,
            66,
            57,
            76,
            18
        ],
        [
            47,
            55,
            23,
            47,
            9,
            72,
            52,
            34,
            7,
            80,
            47,
            15,
            31,
            31
        ],
        [
            31,
            75,
            41,
            65,
            20,
            3,
            7,
            23,
            0,
            56,
            64,
            90
        ],
        [
            12,
            89,
            49,
            6,
            66,
            74,
            77,
            20,
            60,
            46
        ],
        [
            89,
            28,
            28,
            67,
            49,
            34,
            17,
            42,
            45,
            26,
            51,
            61
        ],
        [
            27,
            83,
            61,
            55,
            22,
            82
        ],
        [
            60,
            50,
            80,
            8,
            62,
            33,
            15,
            18,
            55,
            83,
            59
        ],
        [
            78,
            12,
            82,
            35,
            7,
            67,
            0,
            11,
            33,
            40
        ],
        [
            18,
            88,
            50,
            48,
            21
        ],
        [
            8,
            33,
            27,
            77,
            39,
            41,
            25,
            89,
            51,
            74,
            1,
            90,
            5,
            38
        ],
        [
            2,
            26,
            77,
            9,
            10,
            58,
            58,
            24,
            45,
            78,
            70,
            48
        ],
        [
            29,
            36,
            14,
            85,
            27,
            77,
            30,
            26,
            57,
            83,
            73
        ],
        [
            43,
            63,
            55,
            48,
            32,
            17,
            14,
            59,
            16,
            84,
            49
        ],
        [
            87,
            7,
            36,
            83,
            42,
            6,
            44,
            22,
            66,
            45,
            40,
            26,
            16
        ],
        [
            54,
            62,
            85,
            62,
            13,
            19,
            72,
            68,
            31,
            44
        ],
        [
            67,
            87,
            4,
            70,
            79,
            59,
            49,
            4,
            86,
            69,
            13,
            43,
            64
        ],
        [
            36,
            79,
            36,
            25,
            53,
            88,
            73,
            20,
            42
        ],
        [
            78,
            35,
            3,
            23,
            45
        ],
        [
            2,
            37,
            56,
            50,
            30,
            3,
            78,
            81,
            76,
            46,
            23,
            13,
            27
        ],
        [
            22,
            25,
            65,
            62,
            71,
            54
        ],
        [
            0,
            6,
            1,
            71,
            21,
            86,
            56,
            75,
            54,
            68,
            16
        ],
        [
            82,
            8,
            50,
            71,
            18,
            10,
            11,
            68,
            47,
            14,
            65
        ],
        [
            63,
            76,
            39,
            38,
            73,
            21,
            52,
            90,
            12,
            57,
            84
        ]
    ],
    "matching": {
        "0": 2,
        "1": 0,
        "2": 4,
        "3": 1,
        "4": 0,
        "5": 1,
        "6": 0,
        "7": 0,
        "8": 0,
        "9": 3,
        "10": 0,
        "11": 2,
        "12": 1,
        "13": 0,
        "14": 0,
        "15": 1,
        "16": 2,
        "17": 0,
        "18": 0,
        "19": 4,
        "20": 2,
        "21": 0,
        "22": 2,
        "23": 1,
        "24": 1,
        "25": 0,
        "26": 0,
        "27": 2,
        "28": 2,
        "29": 0,
        "30": 2,
        "31": 0,
        "32": 3,
        "33": 4,
        "34": 2,
        "35": 2,
        "36": 2,
        "37": 2,
        "38": 0,
        "39": 0,
        "40": 0,
        "41": 3,
        "42": 4,
        "43": 2,
        "44": 2,
        "45": 3,
        "46": 3,
        "47": 3,
        "48": 2,
        "49": 1,
        "50": 0,
        "51": 1,
        "52": 2,
        "53": 3,
        "54": 4,
        "55": 3,
        "56": 2,
        "57": 2,
        "58": 4,
        "59": 1,
        "60": 0,
        "61": 2,
        "62": 4,
        "63": 3,
        "64": 3,
        "65": 2,
        "66": 3,
        "67": 4,
        "68": 0,
        "69": 3,
        "70": 4,
        "71": 1,
        "72": 3,
        "73": 2,
        "74": 4,
        "75": 2,
        "76": 4,
        "77": 3,
        "78": 4,
        "79": 1,
        "80": 3,
        "81": 4,
        "82": 4,
        "83": 2,
        "84": 3,
        "85": 4,
        "86": 1,
        "87": 3,
        "88": 3,
        "89": 3,
        "90": 3
    },
    "lower_bound": 54.0
}