{
    "node_types": [
        "invoice",
        "sku",
        "zone"
    ],
    "edge_types": [
        "('invoice', 'requires', 'sku')",
        "('sku', 'located_at', 'zone')",
        "('sku', 'rev_requires', 'invoice')",
        "('zone', 'rev_located_at', 'sku')"
    ],
    "num_invoices": 32,
    "num_sku": 66,
    "num_zone": 5,
    "invoices": [
        [
            20,
            3,
            4,
            35,
            27,
            39,
            64,
            16,
            29,
            36,
            2
        ],
        [
            21,
            12,
            56,
            26
        ],
        [
            31,
            17,
            8,
            62,
            46
        ],
        [
            61,
            34,
            2,
            29
        ],
        [
            40,
            14,
            1,
            21,
            13,
            52,
            50,
            51,
            3,
            51
        ],
        [
            41,
            36,
            32,
            64,
            30,
            38
        ],
        [
            54,
            63,
            19,
            61,
            27,
            41,
            25
        ],
        [
            2,
            64,
            26,
            65,
            31,
            0,
            59
        ],
        [
            54,
            46,
            53,
            0,
            22,
            34,
            50,
            22
        ],
        [
            36,
            7,
            58,
            5
        ],
        [
            16,
            13,
            10,
            14,
            9,
            11,
            21,
            14
        ],
        [
            23,
            28,
            42,
            30,
            5,
            9,
            55
        ],
        [
            3,
            24,
            35,
            48,
            42,
            13,
            19,
            1,
            26,
            18,
            25,
            6,
            5
        ],
        [
            61,
            56,
            22,
            22
        ],
        [
            16,
            57,
            47,
            26,
            52,
            47,
            10,
            15
        ],
        [
            7,
            40,
            45,
            42,
            13,
            16
        ],
        [
            65,
            15,
            59,
            27,
            23
        ],
        [
            46,
            44,
            11
        ],
        [
            38,
            47
        ],
        [
            6,
            65,
            17,
            45,
            34,
            56,
            10,
            41,
            11
        ],
        [
            4,
            50,
            43
        ],
        [
            8,
            11,
            44,
            37,
            0,
            0,
            8
        ],
        [],
        [
            50,
            18,
            58,
            30,
            60,
            37,
            18,
            24,
            23,
            53,
            27,
            62
        ],
        [
            58,
            35,
            3,
            57,
            4,
            44,
            20
        ],
        [
            19,
            9,
            9,
            31,
            24,
            12
        ],
        [
            39,
            33,
            20,
            33,
            39,
            44,
            41
        ],
        [
            47,
            23,
            43,
            32,
            33,
            60
        ],
        [
            51,
            62,
            62,
            49,
            51,
            49,
            7,
            28,
            63
        ],
        [
            12,
            58,
            34,
            12,
            33,
            30,
            29
        ],
        [
            55,
            5,
            48,
            24,
            36,
            2
        ],
        [
            37,
            56,
            18,
            52,
            49,
            42,
            20
        ]
    ],
    "matching": {
        "0": 0,
        "1": 1,
        "2": 1,
        "3": 1,
        "4": 1,
        "5": 0,
        "6": 1,
        "7": 3,
        "8": 0,
        "9": 2,
        "10": 0,
        "11": 2,
        "12": 3,
        "13": 4,
        "14": 0,
        "15": 1,
        "16": 4,
        "17": 2,
        "18": 4,
        "19": 3,
        "20": 1,
        "21": 2,
        "22": 3,
        "23": 1,
        "24": 1,
        "25": 1,
        "26": 4,
        "27": 3,
        "28": 0,
        "29": 4,
        "30": 4,
        "31": 3,
        "32": 3,
        "33": 0,
        "34": 0,
        "35": 4,
        "36": 0,
        "37": 3,
        "38": 3,
        "39": 2,
        "40": 2,
        "41": 4,
        "42": 4,
        "43": 0,
        "44": 1,
        "45": 0,
        "46": 2,
        "47": 4,
        "48": 4,
        "49": 1,
        "50": 0,
        "51": 1,
        "52": 3,
        "53": 3,
        "54": 0,
        "55": 1,
        "56": 4,
        "57": 4,
        "58": 3,
        "59": 0,
        "60": 3,
        "61": 0,
        "62": 2,
        "63": 2,
        "64": 4,
        "65": 3
    },
    "lower_bound": 51.0
}