{
    "node_types": [
        "invoice",
        "sku",
        "zone"
    ],
    "edge_types": [
        "('invoice', 'requires', 'sku')",
        "('sku', 'located_at', 'zone')",
        "('sku', 'rev_requires', 'invoice')",
        "('zone', 'rev_located_at', 'sku')"
    ],
    "num_invoices": 29,
    "num_sku": 95,
    "num_zone": 5,
    "invoices": [
        [
            33,
            79,
            23,
            13,
            87,
            65,
            8,
            6
        ],
        [
            82,
            31,
            3,
            48,
            9,
            54,
            27,
            1
        ],
        [
            71,
            70,
            85,
            65,
            49,
            8,
            63,
            72,
            64
        ],
        [
            76,
            46,
            75,
            0,
            30,
            25,
            46,
            68
        ],
        [
            0,
            12,
            27,
            37,
            26,
            64,
            74,
            58,
            2,
            19,
            84,
            80,
            50
        ],
        [
            76,
            24,
            5,
            89,
            67,
            39,
            64,
            79,
            2,
            15,
            22,
            29
        ],
        [
            93,
            79,
            86,
            39,
            81,
            40,
            41,
            36
        ],
        [
            24,
            1,
            81,
            84,
            9,
            73,
            84,
            77,
            51,
            3,
            26,
            31
        ],
        [
            43,
            28,
            17,
            42
        ],
        [
            50,
            52,
            29,
            72,
            68,
            11,
            45,
            31,
            46,
            22,
            10,
            6,
            88
        ],
        [
            23,
            44,
            4,
            66,
            32,
            94,
            93,
            16,
            56,
            7,
            91,
            88,
            36
        ],
        [
            61,
            44,
            63,
            1,
            93,
            60,
            78,
            74,
            69,
            52,
            83,
            30
        ],
        [
            35,
            34,
            57,
            7,
            87,
            90,
            44,
            14,
            25,
            8,
            60,
            70,
            55,
            5
        ],
        [
            58,
            59,
            77,
            67,
            16,
            31,
            40,
            74,
            23,
            77,
            77,
            25
        ],
        [
            35,
            71,
            50,
            48,
            86,
            20,
            66,
            21,
            52,
            11,
            18,
            75,
            12
        ],
        [
            21,
            72,
            58,
            29,
            89,
            53
        ],
        [
            81,
            15,
            89,
            61,
            5,
            27,
            26,
            10,
            68
        ],
        [
            85,
            53,
            50
        ],
        [
            20,
            83,
            21,
            4,
            16,
            73,
            54,
            61,
            80,
            7,
            63,
            42,
            9,
            19
        ],
        [
            83,
            92,
            92,
            75,
            47,
            41,
            6
        ],
        [
            68,
            90,
            2,
            62,
            34
        ],
        [
            56,
            8,
            22,
            41,
            91,
            15
        ],
        [
            27,
            58,
            74,
            4,
            43,
            70,
            67,
            66,
            45,
            38,
            56,
            28,
            82,
            33
        ],
        [
            33,
            83,
            18,
            73,
            17,
            32,
            11,
            51,
            13,
            93,
            14
        ],
        [
            0,
            30,
            49,
            76,
            87,
            11,
            92,
            28,
            22,
            25
        ],
        [
            69,
            86,
            57,
            60,
            91,
            7,
            66,
            41,
            52,
            86,
            63,
            90,
            34
        ],
        [
            19,
            73,
            64,
            18,
            61,
            34,
            76,
            1,
            24
        ],
        [
            37,
            39,
            67,
            78,
            94,
            20,
            42,
            92,
            59,
            57,
            38
        ],
        [
            2,
            49,
            47,
            42,
            9,
            44,
            57,
            55,
            30,
            62
        ]
    ],
    "matching": {
        "0": 3,
        "1": 4,
        "2": 3,
        "3": 3,
        "4": 4,
        "5": 2,
        "6": 0,
        "7": 4,
        "8": 3,
        "9": 0,
        "10": 4,
        "11": 2,
        "12": 0,
        "13": 0,
        "14": 0,
        "15": 0,
        "16": 1,
        "17": 1,
        "18": 1,
        "19": 4,
        "20": 4,
        "21": 0,
        "22": 2,
        "23": 1,
        "24": 0,
        "25": 3,
        "26": 3,
        "27": 3,
        "28": 2,
        "29": 0,
        "30": 2,
        "31": 0,
        "32": 4,
        "33": 2,
        "34": 3,
        "35": 0,
        "36": 2,
        "37": 2,
        "38": 3,
        "39": 4,
        "40": 3,
        "41": 0,
        "42": 2,
        "43": 0,
        "44": 3,
        "45": 1,
        "46": 3,
        "47": 4,
        "48": 4,
        "49": 0,
        "50": 3,
        "51": 1,
        "52": 3,
        "53": 2,
        "54": 3,
        "55": 3,
        "56": 0,
        "57": 2,
        "58": 1,
        "59": 0,
        "60": 4,
        "61": 3,
        "62": 1,
        "63": 2,
        "64": 3,
        "65": 0,
        "66": 4,
        "67": 0,
        "68": 0,
        "69": 3,
        "70": 1,
        "71": 3,
        "72": 4,
        "73": 2,
        "74": 4,
        "75": 0,
        "76": 4,
        "77": 3,
        "78": 3,
        "79": 0,
        "80": 2,
        "81": 2,
        "82": 4,
        "83": 1,
        "84": 2,
        "85": 2,
        "86": 4,
        "87": 2,
        "88": 1,
        "89": 1,
        "90": 3,
        "91": 0,
        "92": 1,
        "93": 1,
        "94": 1
    },
    "lower_bound": 54.0
}