{
    "node_types": [
        "invoice",
        "sku",
        "zone"
    ],
    "edge_types": [
        "('invoice', 'requires', 'sku')",
        "('sku', 'located_at', 'zone')",
        "('sku', 'rev_requires', 'invoice')",
        "('zone', 'rev_located_at', 'sku')"
    ],
    "num_invoices": 28,
    "num_sku": 90,
    "num_zone": 5,
    "invoices": [
        [
            71,
            9,
            59,
            37,
            44,
            49,
            21,
            82
        ],
        [
            68,
            39,
            12,
            54,
            26,
            1,
            65,
            47,
            88,
            30,
            85,
            63,
            44
        ],
        [
            77,
            3,
            82,
            10,
            16,
            50,
            6,
            17
        ],
        [
            31,
            84,
            63,
            75,
            10,
            84,
            23,
            73
        ],
        [
            49,
            57,
            42,
            34,
            38,
            1,
            89,
            34,
            75,
            19,
            65
        ],
        [
            64,
            23,
            4,
            3,
            13,
            7,
            29,
            62,
            78,
            72
        ],
        [
            53,
            70,
            61,
            13,
            58,
            19,
            68,
            40,
            12,
            7,
            18,
            31,
            55,
            14,
            16,
            85
        ],
        [
            17,
            66,
            28,
            2,
            24,
            14,
            60,
            21
        ],
        [
            77,
            66,
            11,
            55,
            87,
            83,
            74,
            8,
            20
        ],
        [
            48,
            0,
            36,
            69,
            84,
            81,
            1,
            32,
            85,
            18,
            42
        ],
        [
            10,
            6,
            87,
            64,
            11,
            53,
            80,
            76,
            5,
            18,
            62,
            84,
            54
        ],
        [
            85,
            56,
            42,
            5,
            17,
            50,
            32,
            72,
            41,
            60,
            11,
            66,
            82,
            79
        ],
        [
            88,
            10,
            46,
            20,
            45,
            57
        ],
        [
            41,
            15,
            79,
            24,
            39,
            38
        ],
        [
            13,
            83,
            8,
            16,
            76,
            58,
            32,
            2
        ],
        [
            78,
            70,
            2,
            80,
            79,
            25,
            49,
            41
        ],
        [
            15,
            20,
            64,
            43,
            15,
            45,
            81,
            67,
            86,
            32
        ],
        [
            7,
            25,
            21,
            9,
            69,
            54
        ],
        [
            30,
            0,
            29,
            27,
            61,
            52,
            34,
            40,
            31
        ],
        [
            83,
            43,
            21,
            71,
            81,
            56,
            30,
            33,
            40
        ],
        [
            75,
            20,
            47,
            70,
            16,
            64,
            89,
            22,
            35
        ],
        [
            28,
            78,
            65,
            30,
            1
        ],
        [
            51,
            58,
            73,
            25,
            88,
            39,
            60,
            86,
            29
        ],
        [
            28,
            42,
            12,
            71,
            87,
            11,
            50,
            51
        ],
        [
            23,
            37,
            31,
            14,
            27,
            69
        ],
        [
            34,
            74,
            40,
            78,
            49,
            22,
            3,
            3,
            19
        ],
        [
            58,
            48,
            37,
            13,
            46,
            14,
            7,
            35,
            26,
            52,
            73,
            27,
            33,
            68,
            59,
            57
        ],
        [
            36,
            6,
            89,
            4,
            9,
            23,
            19,
            36,
            5,
            67,
            67,
            87,
            80
        ]
    ],
    "matching": {
        "0": 1,
        "1": 4,
        "2": 2,
        "3": 4,
        "4": 3,
        "5": 4,
        "6": 3,
        "7": 1,
        "8": 4,
        "9": 2,
        "10": 0,
        "11": 4,
        "12": 0,
        "13": 4,
        "14": 2,
        "15": 0,
        "16": 1,
        "17": 3,
        "18": 1,
        "19": 0,
        "20": 1,
        "21": 4,
        "22": 3,
        "23": 0,
        "24": 4,
        "25": 4,
        "26": 2,
        "27": 1,
        "28": 1,
        "29": 2,
        "30": 3,
        "31": 4,
        "32": 1,
        "33": 1,
        "34": 1,
        "35": 3,
        "36": 0,
        "37": 2,
        "38": 3,
        "39": 0,
        "40": 3,
        "41": 2,
        "42": 1,
        "43": 3,
        "44": 2,
        "45": 1,
        "46": 3,
        "47": 2,
        "48": 4,
        "49": 1,
        "50": 3,
        "51": 4,
        "52": 2,
        "53": 2,
        "54": 2,
        "55": 1,
        "56": 3,
        "57": 3,
        "58": 0,
        "59": 1,
        "60": 4,
        "61": 2,
        "62": 4,
        "63": 4,
        "64": 1,
        "65": 2,
        "66": 3,
        "67": 0,
        "68": 0,
        "69": 2,
        "70": 0,
        "71": 4,
        "72": 4,
        "73": 3,
        "74": 4,
        "75": 4,
        "76": 4,
        "77": 2,
        "78": 3,
        "79": 1,
        "80": 1,
        "81": 1,
        "82": 1,
        "83": 0,
        "84": 3,
        "85": 1,
        "86": 0,
        "87": 2,
        "88": 4,
        "89": 4
    },
    "lower_bound": 60.0
}