{
    "node_types": [
        "invoice",
        "sku",
        "zone"
    ],
    "edge_types": [
        "('invoice', 'requires', 'sku')",
        "('sku', 'located_at', 'zone')",
        "('sku', 'rev_requires', 'invoice')",
        "('zone', 'rev_located_at', 'sku')"
    ],
    "num_invoices": 31,
    "num_sku": 79,
    "num_zone": 5,
    "invoices": [
        [
            78,
            36,
            8,
            21,
            11,
            5,
            76,
            75,
            44,
            42,
            0,
            44
        ],
        [
            9,
            48,
            18,
            25,
            45,
            50,
            24,
            69,
            60,
            38
        ],
        [
            25,
            33,
            7,
            37,
            71
        ],
        [
            55,
            52,
            20,
            63,
            17,
            61,
            63,
            55,
            5,
            22,
            18,
            38,
            6
        ],
        [
            43,
            4,
            51,
            54,
            50,
            53
        ],
        [
            16,
            73,
            62,
            70,
            40,
            9,
            10
        ],
        [
            1,
            53,
            3,
            24,
            28,
            7,
            46
        ],
        [
            27,
            66,
            6,
            13,
            30,
            68
        ],
        [
            73,
            75,
            58,
            9
        ],
        [
            76,
            17,
            44,
            63
        ],
        [
            28,
            29,
            61,
            21,
            65
        ],
        [
            24,
            23,
            16,
            70,
            28,
            50,
            60,
            51
        ],
        [
            69,
            46,
            71,
            57,
            11,
            49,
            43,
            4,
            45,
            72
        ],
        [
            74,
            67,
            25,
            47,
            39,
            16,
            44,
            0
        ],
        [
            26,
            42,
            17,
            70,
            53,
            51,
            17,
            20,
            70
        ],
        [
            15,
            23,
            3,
            0,
            18,
            49,
            77,
            23
        ],
        [
            68,
            27,
            57,
            6,
            58,
            50
        ],
        [
            35,
            33,
            46,
            40,
            74,
            32
        ],
        [
            66,
            52,
            31,
            42,
            19,
            41,
            47,
            41,
            63,
            59,
            45,
            5,
            43
        ],
        [
            59,
            22,
            31,
            34,
            32,
            54,
            76,
            32
        ],
        [
            72,
            54,
            58,
            64,
            69,
            37,
            78
        ],
        [
            55,
            20,
            62,
            24
        ],
        [
            26,
            2,
            46,
            61,
            23,
            36,
            75,
            5,
            27,
            48
        ],
        [
            8,
            68,
            25,
            1,
            38,
            37
        ],
        [
            15,
            57,
            42,
            65,
            2,
            18,
            56
        ],
        [
            37,
            34,
            12,
            56,
            41,
            62
        ],
        [
            31,
            62,
            28,
            35,
            2
        ],
        [
            72,
            10,
            53,
            4,
            6,
            14,
            51
        ],
        [
            39,
            11,
            14,
            66,
            49,
            57,
            1,
            10,
            55
        ],
        [
            64,
            38,
            59,
            29,
            67,
            20,
            39,
            14,
            21,
            13,
            30,
            39
        ],
        [
            10,
            19,
            69,
            47,
            21,
            43,
            8,
            47,
            8,
            77,
            12
        ]
    ],
    "matching": {
        "0": 0,
        "1": 1,
        "2": 1,
        "3": 4,
        "4": 0,
        "5": 1,
        "6": 0,
        "7": 2,
        "8": 0,
        "9": 4,
        "10": 0,
        "11": 4,
        "12": 2,
        "13": 3,
        "14": 2,
        "15": 4,
        "16": 2,
        "17": 3,
        "18": 1,
        "19": 3,
        "20": 4,
        "21": 0,
        "22": 2,
        "23": 2,
        "24": 0,
        "25": 4,
        "26": 3,
        "27": 2,
        "28": 0,
        "29": 1,
        "30": 4,
        "31": 4,
        "32": 2,
        "33": 4,
        "34": 4,
        "35": 3,
        "36": 4,
        "37": 4,
        "38": 4,
        "39": 2,
        "40": 4,
        "41": 2,
        "42": 1,
        "43": 0,
        "44": 0,
        "45": 2,
        "46": 2,
        "47": 4,
        "48": 4,
        "49": 0,
        "50": 4,
        "51": 3,
        "52": 2,
        "53": 2,
        "54": 3,
        "55": 4,
        "56": 4,
        "57": 4,
        "58": 2,
        "59": 0,
        "60": 0,
        "61": 3,
        "62": 4,
        "63": 0,
        "64": 0,
        "65": 1,
        "66": 3,
        "67": 3,
        "68": 4,
        "69": 4,
        "70": 0,
        "71": 3,
        "72": 4,
        "73": 3,
        "74": 2,
        "75": 4,
        "76": 3,
        "77": 2,
        "78": 0
    },
    "lower_bound": 51.0
}