{
    "node_types": [
        "invoice",
        "sku",
        "zone"
    ],
    "edge_types": [
        "('invoice', 'requires', 'sku')",
        "('sku', 'located_at', 'zone')",
        "('sku', 'rev_requires', 'invoice')",
        "('zone', 'rev_located_at', 'sku')"
    ],
    "num_invoices": 31,
    "num_sku": 83,
    "num_zone": 5,
    "invoices": [
        [
            15,
            16,
            81,
            13,
            31,
            74,
            56,
            34
        ],
        [
            37,
            77,
            49,
            55,
            73,
            35,
            0
        ],
        [
            9,
            36,
            69,
            1,
            56,
            62,
            11,
            9,
            32,
            68,
            16
        ],
        [
            21,
            67,
            12,
            37,
            1,
            10,
            58
        ],
        [
            45,
            18,
            9,
            41,
            67
        ],
        [
            5,
            34,
            46,
            44,
            38
        ],
        [
            59,
            51,
            12,
            39,
            43,
            7,
            22
        ],
        [
            62,
            54,
            47,
            42,
            29,
            8,
            47,
            12,
            37,
            20,
            3,
            82,
            43
        ],
        [
            28,
            36,
            19,
            47,
            28,
            45,
            20,
            30,
            11,
            81,
            60,
            51
        ],
        [
            35,
            16,
            32,
            51
        ],
        [
            64,
            48,
            61,
            5,
            26,
            36,
            2,
            6,
            1
        ],
        [
            63,
            80,
            20,
            42,
            32,
            27,
            47,
            27,
            51,
            23,
            22
        ],
        [
            70,
            63,
            71,
            3,
            22,
            10,
            8,
            65
        ],
        [
            79,
            48,
            71,
            14,
            18,
            6
        ],
        [
            39,
            69,
            45,
            80,
            61,
            56
        ],
        [
            0,
            27,
            24,
            76,
            58,
            13,
            46,
            16,
            21
        ],
        [
            45,
            24,
            39,
            57,
            60,
            40,
            76,
            60,
            52
        ],
        [
            48,
            4,
            8,
            50,
            62,
            53,
            75
        ],
        [
            15,
            74,
            70,
            55,
            64,
            22
        ],
        [
            77,
            76,
            57,
            78
        ],
        [
            54,
            38,
            25,
            66,
            78
        ],
        [
            40,
            13,
            71,
            9,
            82,
            55,
            68,
            20,
            0
        ],
        [
            21,
            72,
            26,
            28,
            10,
            75,
            34,
            73
        ],
        [
            27,
            52,
            44,
            66,
            82,
            2,
            43,
            23,
            28
        ],
        [
            61,
            54,
            19,
            53,
            59,
            31,
            41,
            40,
            58,
            4,
            50,
            3,
            75
        ],
        [
            42,
            17,
            53,
            14,
            32
        ],
        [
            34,
            33,
            24,
            19,
            26
        ],
        [
            8,
            18,
            3,
            4,
            2,
            62,
            31,
            79,
            81,
            17,
            71,
            70,
            7
        ],
        [
            49,
            6,
            14,
            33,
            72,
            2,
            63,
            4,
            0
        ],
        [
            40,
            63,
            72,
            48,
            49,
            65,
            1,
            12
        ],
        [
            37,
            30,
            52,
            29,
            25,
            79,
            17
        ]
    ],
    "matching": {
        "0": 1,
        "1": 2,
        "2": 4,
        "3": 1,
        "4": 4,
        "5": 2,
        "6": 1,
        "7": 3,
        "8": 1,
        "9": 4,
        "10": 2,
        "11": 2,
        "12": 2,
        "13": 0,
        "14": 0,
        "15": 0,
        "16": 4,
        "17": 3,
        "18": 3,
        "19": 0,
        "20": 1,
        "21": 4,
        "22": 1,
        "23": 4,
        "24": 2,
        "25": 4,
        "26": 0,
        "27": 2,
        "28": 3,
        "29": 0,
        "30": 0,
        "31": 3,
        "32": 3,
        "33": 2,
        "34": 0,
        "35": 2,
        "36": 4,
        "37": 2,
        "38": 1,
        "39": 1,
        "40": 0,
        "41": 3,
        "42": 1,
        "43": 3,
        "44": 1,
        "45": 2,
        "46": 0,
        "47": 2,
        "48": 1,
        "49": 3,
        "50": 4,
        "51": 1,
        "52": 4,
        "53": 4,
        "54": 0,
        "55": 0,
        "56": 1,
        "57": 3,
        "58": 1,
        "59": 3,
        "60": 3,
        "61": 2,
        "62": 4,
        "63": 1,
        "64": 3,
        "65": 4,
        "66": 3,
        "67": 4,
        "68": 0,
        "69": 1,
        "70": 0,
        "71": 0,
        "72": 3,
        "73": 2,
        "74": 0,
        "75": 2,
        "76": 4,
        "77": 1,
        "78": 2,
        "79": 2,
        "80": 0,
        "81": 1,
        "82": 2
    },
    "lower_bound": 51.0
}