{
    "node_types": [
        "invoice",
        "sku",
        "zone"
    ],
    "edge_types": [
        "('invoice', 'requires', 'sku')",
        "('sku', 'located_at', 'zone')",
        "('sku', 'rev_requires', 'invoice')",
        "('zone', 'rev_located_at', 'sku')"
    ],
    "num_invoices": 34,
    "num_sku": 70,
    "num_zone": 5,
    "invoices": [
        [
            2,
            44,
            35,
            43,
            12,
            20,
            18
        ],
        [
            2,
            56,
            19,
            31,
            26,
            13
        ],
        [
            13,
            38,
            1,
            25,
            33
        ],
        [
            68,
            12,
            21,
            6,
            18,
            47,
            31
        ],
        [
            33,
            24,
            39,
            39
        ],
        [
            68,
            7,
            44,
            19,
            66,
            44,
            29
        ],
        [
            62,
            37,
            30,
            69
        ],
        [
            27,
            59,
            10,
            49,
            59
        ],
        [
            32,
            44,
            41,
            64,
            63,
            65,
            20,
            3,
            38
        ],
        [
            55,
            48,
            48,
            19,
            50,
            55,
            5
        ],
        [
            50,
            23,
            37,
            32,
            47
        ],
        [
            3,
            35,
            16,
            9,
            54
        ],
        [
            32,
            19,
            45,
            2,
            43,
            5,
            30
        ],
        [
            25,
            56,
            27,
            46,
            67,
            36,
            56
        ],
        [
            69,
            28,
            21,
            34,
            6,
            69,
            14,
            16,
            53,
            28
        ],
        [
            7,
            47,
            12,
            54,
            52,
            33,
            43,
            59,
            4,
            22,
            0
        ],
        [
            60,
            51,
            35,
            14
        ],
        [
            6,
            10,
            66,
            61,
            11,
            23,
            1,
            41
        ],
        [
            30,
            65,
            30,
            57,
            34,
            48
        ],
        [
            3,
            54
        ],
        [
            18,
            63,
            29,
            68,
            65
        ],
        [
            47,
            42,
            9,
            40,
            7
        ],
        [
            64,
            57,
            8,
            24,
            38
        ],
        [
            17,
            41,
            36,
            0,
            25,
            60,
            17,
            65
        ],
        [
            26,
            58,
            61,
            13,
            11,
            52,
            66,
            12
        ],
        [
            38,
            41,
            16,
            10,
            23
        ],
        [
            20,
            26,
            69,
            8,
            51,
            25
        ],
        [
            26,
            13,
            14,
            53,
            21
        ],
        [
            46,
            17,
            50
        ],
        [
            31,
            16,
            15,
            3,
            67,
            15,
            28
        ],
        [
            14,
            22,
            8,
            46,
            58,
            43,
            21,
            64
        ],
        [
            8,
            45,
            4,
            11,
            40,
            48,
            7,
            27,
            52,
            29
        ],
        [
            42,
            20,
            62
        ],
        [
            35,
            22,
            49,
            36,
            6,
            46
        ]
    ],
    "matching": {
        "0": 1,
        "1": 0,
        "2": 0,
        "3": 2,
        "4": 1,
        "5": 3,
        "6": 1,
        "7": 2,
        "8": 3,
        "9": 0,
        "10": 4,
        "11": 4,
        "12": 1,
        "13": 0,
        "14": 3,
        "15": 0,
        "16": 1,
        "17": 1,
        "18": 4,
        "19": 1,
        "20": 0,
        "21": 4,
        "22": 4,
        "23": 1,
        "24": 3,
        "25": 3,
        "26": 0,
        "27": 4,
        "28": 3,
        "29": 4,
        "30": 2,
        "31": 0,
        "32": 3,
        "33": 2,
        "34": 0,
        "35": 2,
        "36": 0,
        "37": 4,
        "38": 4,
        "39": 0,
        "40": 1,
        "41": 1,
        "42": 2,
        "43": 3,
        "44": 3,
        "45": 2,
        "46": 4,
        "47": 3,
        "48": 3,
        "49": 3,
        "50": 0,
        "51": 3,
        "52": 1,
        "53": 3,
        "54": 1,
        "55": 0,
        "56": 4,
        "57": 0,
        "58": 2,
        "59": 1,
        "60": 0,
        "61": 3,
        "62": 2,
        "63": 0,
        "64": 4,
        "65": 0,
        "66": 4,
        "67": 0,
        "68": 1,
        "69": 0
    },
    "lower_bound": 45.0
}