{
    "node_types": [
        "invoice",
        "sku",
        "zone"
    ],
    "edge_types": [
        "('invoice', 'requires', 'sku')",
        "('sku', 'located_at', 'zone')",
        "('sku', 'rev_requires', 'invoice')",
        "('zone', 'rev_located_at', 'sku')"
    ],
    "num_invoices": 31,
    "num_sku": 91,
    "num_zone": 5,
    "invoices": [
        [
            6,
            15,
            27,
            57,
            38,
            83,
            49,
            30,
            34,
            52,
            74,
            78,
            64,
            17,
            49,
            2,
            58
        ],
        [
            31,
            1,
            36,
            61,
            77,
            35,
            63,
            26,
            18
        ],
        [
            0,
            29,
            18,
            78,
            79,
            27,
            40,
            62
        ],
        [
            63,
            89,
            2,
            47,
            81
        ],
        [
            17,
            82,
            61,
            1,
            24,
            0,
            88,
            52,
            75,
            67
        ],
        [
            58,
            61,
            47,
            56
        ],
        [
            69,
            2,
            72,
            21,
            31,
            90,
            87,
            4
        ],
        [
            3,
            44,
            11,
            14,
            67,
            42,
            88,
            73,
            63,
            24,
            53,
            19,
            7
        ],
        [
            85,
            26,
            23,
            7,
            6,
            9,
            3,
            59,
            75,
            16,
            64,
            40,
            68,
            12
        ],
        [
            9,
            11,
            36,
            38,
            30,
            47,
            2,
            68,
            49,
            71
        ],
        [
            26,
            78,
            83,
            18,
            44,
            87,
            15,
            27
        ],
        [
            84,
            88,
            6,
            51,
            76,
            5,
            77
        ],
        [
            10,
            28,
            50,
            70,
            47,
            62,
            80,
            73,
            25,
            1,
            59,
            79,
            54,
            41
        ],
        [
            8,
            29,
            48
        ],
        [
            46,
            55,
            24,
            46,
            56
        ],
        [
            81,
            32,
            21,
            90,
            37,
            37,
            81,
            89,
            8,
            59
        ],
        [
            45,
            8,
            56,
            15,
            77,
            68,
            68,
            43
        ],
        [
            87,
            26,
            30,
            33,
            34,
            43
        ],
        [
            45,
            16,
            71,
            81,
            70
        ],
        [
            75,
            12,
            18,
            52,
            36,
            32,
            72,
            89,
            41
        ],
        [
            77,
            88,
            60,
            27,
            40,
            90,
            5
        ],
        [
            85,
            64,
            86,
            8,
            25,
            50,
            66,
            7,
            23,
            48
        ],
        [
            45,
            5,
            58,
            13,
            31,
            42,
            67,
            80,
            42,
            14,
            89
        ],
        [
            40,
            13,
            6,
            53,
            37,
            13
        ],
        [
            30,
            3,
            80,
            35,
            82,
            51,
            25,
            10,
            79,
            15,
            35,
            12,
            85,
            39,
            60
        ],
        [
            19,
            43,
            76,
            60,
            74,
            4,
            3,
            82,
            34,
            20,
            78,
            36
        ],
        [
            20,
            32,
            66,
            19,
            70,
            12,
            76,
            85,
            16,
            55,
            64,
            39
        ],
        [
            84,
            45,
            83,
            65,
            62
        ],
        [
            86,
            61,
            34,
            69,
            49
        ],
        [
            23,
            54,
            56,
            29,
            46,
            60,
            39,
            33,
            57,
            55
        ],
        [
            28,
            71,
            28,
            0,
            65,
            63,
            62,
            31,
            58,
            22,
            22,
            29
        ]
    ],
    "matching": {
        "0": 3,
        "1": 2,
        "2": 2,
        "3": 4,
        "4": 2,
        "5": 1,
        "6": 2,
        "7": 4,
        "8": 0,
        "9": 3,
        "10": 3,
        "11": 0,
        "12": 2,
        "13": 0,
        "14": 2,
        "15": 4,
        "16": 2,
        "17": 2,
        "18": 3,
        "19": 0,
        "20": 3,
        "21": 4,
        "22": 3,
        "23": 1,
        "24": 3,
        "25": 4,
        "26": 2,
        "27": 4,
        "28": 4,
        "29": 1,
        "30": 4,
        "31": 0,
        "32": 3,
        "33": 0,
        "34": 4,
        "35": 0,
        "36": 3,
        "37": 0,
        "38": 2,
        "39": 4,
        "40": 1,
        "41": 0,
        "42": 2,
        "43": 1,
        "44": 1,
        "45": 1,
        "46": 2,
        "47": 4,
        "48": 3,
        "49": 2,
        "50": 1,
        "51": 0,
        "52": 2,
        "53": 3,
        "54": 3,
        "55": 4,
        "56": 4,
        "57": 2,
        "58": 2,
        "59": 2,
        "60": 4,
        "61": 1,
        "62": 3,
        "63": 0,
        "64": 0,
        "65": 4,
        "66": 3,
        "67": 2,
        "68": 4,
        "69": 1,
        "70": 2,
        "71": 2,
        "72": 0,
        "73": 4,
        "74": 1,
        "75": 2,
        "76": 1,
        "77": 3,
        "78": 4,
        "79": 3,
        "80": 4,
        "81": 0,
        "82": 3,
        "83": 4,
        "84": 0,
        "85": 3,
        "86": 4,
        "87": 0,
        "88": 3,
        "89": 0,
        "90": 2
    },
    "lower_bound": 63.0
}