{
    "node_types": [
        "invoice",
        "sku",
        "zone"
    ],
    "edge_types": [
        "('invoice', 'requires', 'sku')",
        "('sku', 'located_at', 'zone')",
        "('sku', 'rev_requires', 'invoice')",
        "('zone', 'rev_located_at', 'sku')"
    ],
    "num_invoices": 25,
    "num_sku": 72,
    "num_zone": 5,
    "invoices": [
        [
            5,
            23,
            71,
            60,
            48,
            62,
            4,
            65,
            21,
            39,
            68
        ],
        [
            54,
            26,
            1,
            32,
            61,
            15,
            47,
            34,
            20,
            57,
            39,
            0
        ],
        [
            11,
            15,
            58,
            71,
            43,
            45
        ],
        [
            14,
            22,
            54,
            45
        ],
        [
            37,
            20,
            66,
            28,
            53,
            22
        ],
        [
            63,
            59,
            36,
            16,
            42,
            3,
            38,
            34,
            13,
            59
        ],
        [
            60,
            32,
            24,
            27,
            49,
            66,
            22,
            69,
            10,
            23
        ],
        [
            52,
            0,
            37,
            47,
            69,
            4,
            17,
            44,
            1
        ],
        [
            23,
            55,
            62,
            46,
            55,
            8,
            17,
            41,
            56,
            42,
            70,
            53
        ],
        [
            16,
            8,
            63,
            17,
            30,
            35,
            65,
            34,
            6,
            9,
            58,
            50
        ],
        [
            57,
            13,
            9,
            49,
            5,
            10,
            19,
            48,
            29
        ],
        [
            50,
            67,
            64,
            3,
            62,
            27,
            9
        ],
        [
            65,
            33,
            48
        ],
        [
            70,
            12,
            39,
            21,
            50,
            28,
            28,
            48,
            12,
            45,
            56,
            52
        ],
        [
            52,
            35,
            69,
            19,
            64,
            43,
            26,
            67,
            31
        ],
        [
            36,
            19,
            39,
            2,
            7,
            43
        ],
        [
            66,
            63,
            14,
            51,
            32,
            54,
            6,
            60,
            59,
            2,
            68,
            1,
            68,
            60
        ],
        [
            14,
            44,
            70,
            56,
            70,
            25,
            61,
            1,
            3,
            15,
            17,
            11,
            0,
            0
        ],
        [
            52,
            40,
            27,
            29,
            56,
            64,
            5,
            66,
            41
        ],
        [
            51,
            61,
            47,
            19,
            7,
            9
        ],
        [
            26,
            8,
            49,
            18,
            31,
            33,
            54,
            26,
            2,
            11
        ],
        [
            5,
            37,
            43,
            37,
            40,
            46
        ],
        [
            25,
            62,
            30,
            46
        ],
        [
            51,
            14,
            18,
            15,
            3,
            67,
            38,
            42,
            24,
            21
        ],
        [
            18,
            42,
            69,
            23,
            31,
            25,
            27,
            50,
            51
        ]
    ],
    "matching": {
        "0": 0,
        "1": 1,
        "2": 4,
        "3": 2,
        "4": 4,
        "5": 2,
        "6": 4,
        "7": 0,
        "8": 3,
        "9": 4,
        "10": 1,
        "11": 0,
        "12": 0,
        "13": 3,
        "14": 1,
        "15": 1,
        "16": 4,
        "17": 0,
        "18": 4,
        "19": 3,
        "20": 4,
        "21": 1,
        "22": 1,
        "23": 0,
        "24": 4,
        "25": 1,
        "26": 2,
        "27": 3,
        "28": 3,
        "29": 4,
        "30": 2,
        "31": 4,
        "32": 2,
        "33": 0,
        "34": 4,
        "35": 2,
        "36": 1,
        "37": 3,
        "38": 0,
        "39": 4,
        "40": 0,
        "41": 3,
        "42": 3,
        "43": 2,
        "44": 1,
        "45": 2,
        "46": 1,
        "47": 4,
        "48": 2,
        "49": 4,
        "50": 1,
        "51": 1,
        "52": 1,
        "53": 1,
        "54": 1,
        "55": 0,
        "56": 4,
        "57": 2,
        "58": 4,
        "59": 1,
        "60": 2,
        "61": 3,
        "62": 4,
        "63": 0,
        "64": 4,
        "65": 0,
        "66": 3,
        "67": 3,
        "68": 4,
        "69": 4,
        "70": 0,
        "71": 2
    },
    "lower_bound": 54.0
}