{
    "node_types": [
        "invoice",
        "sku",
        "zone"
    ],
    "edge_types": [
        "('invoice', 'requires', 'sku')",
        "('sku', 'located_at', 'zone')",
        "('sku', 'rev_requires', 'invoice')",
        "('zone', 'rev_located_at', 'sku')"
    ],
    "num_invoices": 35,
    "num_sku": 84,
    "num_zone": 5,
    "invoices": [
        [
            0
        ],
        [
            10,
            46,
            8,
            3,
            69,
            24,
            66,
            2
        ],
        [
            62,
            69,
            19,
            12,
            19
        ],
        [
            6,
            31,
            50,
            0,
            47,
            68,
            8,
            7
        ],
        [
            78,
            77,
            60,
            31,
            21
        ],
        [
            20,
            20,
            48,
            50
        ],
        [
            67,
            18,
            19
        ],
        [
            38,
            11,
            33,
            71,
            83,
            15,
            1
        ],
        [
            30,
            28,
            24,
            80,
            40,
            20,
            35,
            51,
            2,
            59,
            39,
            48
        ],
        [
            26,
            5,
            46,
            8,
            61,
            57,
            6,
            51,
            49,
            30
        ],
        [
            42,
            63,
            52,
            60,
            52,
            12,
            32,
            11,
            25,
            80,
            68
        ],
        [
            28,
            12,
            77,
            37,
            9,
            56,
            56,
            10
        ],
        [
            53,
            47,
            68,
            22,
            13,
            7,
            60
        ],
        [
            21,
            81,
            82,
            82
        ],
        [
            45,
            2,
            25,
            73,
            25
        ],
        [
            18,
            62,
            58,
            40,
            41,
            25,
            34,
            29
        ],
        [
            8,
            23,
            80,
            31,
            38,
            4
        ],
        [
            79,
            32,
            40,
            4,
            61
        ],
        [
            14,
            38,
            83
        ],
        [
            41,
            21,
            11,
            43,
            65
        ],
        [
            10,
            76,
            39,
            44,
            75,
            15
        ],
        [
            64,
            48,
            7,
            71,
            54,
            13
        ],
        [
            1,
            66,
            60,
            37,
            7,
            22,
            54,
            78,
            44,
            49,
            79
        ],
        [
            11,
            55,
            21,
            63,
            39,
            69,
            35,
            68,
            23,
            33,
            22,
            17,
            59,
            53
        ],
        [
            27,
            23,
            26,
            64,
            33,
            42
        ],
        [
            58,
            67,
            1,
            70,
            40,
            15
        ],
        [
            58,
            3,
            36,
            38,
            41
        ],
        [
            63,
            82,
            46,
            29,
            9,
            22,
            27,
            1,
            32
        ],
        [
            83,
            74,
            34,
            52,
            78,
            37,
            71,
            45,
            74,
            72,
            36,
            2
        ],
        [
            57,
            44,
            65,
            69,
            66,
            76,
            6,
            56,
            13,
            55
        ],
        [
            70,
            65,
            41,
            20,
            16,
            12,
            52,
            35
        ],
        [
            72,
            19,
            48
        ],
        [
            56,
            55,
            78,
            49,
            29,
            16,
            49,
            37,
            61,
            81,
            43
        ],
        [
            70,
            14,
            73,
            47,
            54,
            44,
            75
        ],
        [
            35,
            0,
            17,
            5,
            36,
            6,
            82,
            39
        ]
    ],
    "matching": {
        "0": 2,
        "1": 2,
        "2": 3,
        "3": 2,
        "4": 4,
        "5": 4,
        "6": 1,
        "7": 3,
        "8": 3,
        "9": 4,
        "10": 3,
        "11": 4,
        "12": 3,
        "13": 0,
        "14": 0,
        "15": 0,
        "16": 1,
        "17": 1,
        "18": 3,
        "19": 1,
        "20": 1,
        "21": 4,
        "22": 4,
        "23": 4,
        "24": 3,
        "25": 2,
        "26": 1,
        "27": 1,
        "28": 1,
        "29": 3,
        "30": 1,
        "31": 4,
        "32": 3,
        "33": 3,
        "34": 0,
        "35": 4,
        "36": 1,
        "37": 2,
        "38": 2,
        "39": 2,
        "40": 3,
        "41": 4,
        "42": 2,
        "43": 1,
        "44": 0,
        "45": 1,
        "46": 3,
        "47": 0,
        "48": 2,
        "49": 1,
        "50": 0,
        "51": 3,
        "52": 4,
        "53": 3,
        "54": 3,
        "55": 4,
        "56": 1,
        "57": 2,
        "58": 4,
        "59": 0,
        "60": 3,
        "61": 3,
        "62": 2,
        "63": 1,
        "64": 2,
        "65": 4,
        "66": 0,
        "67": 3,
        "68": 1,
        "69": 2,
        "70": 4,
        "71": 1,
        "72": 1,
        "73": 0,
        "74": 0,
        "75": 4,
        "76": 0,
        "77": 4,
        "78": 1,
        "79": 2,
        "80": 1,
        "81": 3,
        "82": 0,
        "83": 3
    },
    "lower_bound": 54.0
}