{
    "node_types": [
        "invoice",
        "sku",
        "zone"
    ],
    "edge_types": [
        "('invoice', 'requires', 'sku')",
        "('sku', 'located_at', 'zone')",
        "('sku', 'rev_requires', 'invoice')",
        "('zone', 'rev_located_at', 'sku')"
    ],
    "num_invoices": 27,
    "num_sku": 50,
    "num_zone": 5,
    "invoices": [
        [
            49,
            11,
            21,
            17
        ],
        [
            11,
            34
        ],
        [
            39,
            16,
            18,
            28
        ],
        [
            43,
            33,
            12
        ],
        [
            29,
            44,
            39,
            39,
            1,
            45,
            20,
            21
        ],
        [
            6,
            21,
            49,
            7,
            35,
            28
        ],
        [
            41,
            25,
            8,
            47,
            5
        ],
        [
            2,
            18,
            33,
            3,
            47,
            31,
            28
        ],
        [
            30,
            10,
            48,
            11,
            3
        ],
        [
            16,
            31,
            16,
            26,
            7,
            18,
            46,
            34
        ],
        [
            10
        ],
        [
            36,
            22,
            5,
            37,
            1,
            40,
            25,
            49
        ],
        [
            4,
            43,
            20,
            33,
            17,
            42
        ],
        [
            10,
            29,
            19,
            14,
            7,
            34,
            28,
            1
        ],
        [
            19,
            48,
            10,
            37
        ],
        [
            26,
            12,
            13,
            47,
            9,
            19,
            37,
            44
        ],
        [
            40,
            41,
            38,
            5,
            24,
            38,
            46,
            30,
            24,
            31
        ],
        [
            27,
            25,
            14,
            22
        ],
        [
            42,
            23,
            26,
            35,
            45,
            32,
            9,
            19,
            38,
            30,
            46,
            36
        ],
        [
            43,
            44,
            12,
            4,
            8,
            3,
            0
        ],
        [
            6,
            49,
            38,
            2,
            32
        ],
        [
            44,
            16,
            40,
            0,
            15,
            21
        ],
        [
            18,
            47
        ],
        [
            8,
            46,
            35,
            8,
            27
        ],
        [
            45,
            37,
            39,
            29
        ],
        [
            31,
            7,
            36,
            26,
            2
        ],
        [
            23,
            5,
            29,
            43,
            15,
            48,
            13
        ]
    ],
    "matching": {
        "0": 2,
        "1": 1,
        "2": 3,
        "3": 4,
        "4": 0,
        "5": 4,
        "6": 1,
        "7": 0,
        "8": 2,
        "9": 4,
        "10": 3,
        "11": 1,
        "12": 0,
        "13": 3,
        "14": 3,
        "15": 0,
        "16": 2,
        "17": 3,
        "18": 4,
        "19": 1,
        "20": 0,
        "21": 3,
        "22": 1,
        "23": 2,
        "24": 1,
        "25": 4,
        "26": 3,
        "27": 3,
        "28": 2,
        "29": 3,
        "30": 2,
        "31": 2,
        "32": 3,
        "33": 2,
        "34": 0,
        "35": 1,
        "36": 2,
        "37": 1,
        "38": 1,
        "39": 1,
        "40": 4,
        "41": 3,
        "42": 4,
        "43": 3,
        "44": 3,
        "45": 0,
        "46": 0,
        "47": 1,
        "48": 4,
        "49": 2
    },
    "lower_bound": 48.0
}