{
    "node_types": [
        "invoice",
        "sku",
        "zone"
    ],
    "edge_types": [
        "('invoice', 'requires', 'sku')",
        "('sku', 'located_at', 'zone')",
        "('sku', 'rev_requires', 'invoice')",
        "('zone', 'rev_located_at', 'sku')"
    ],
    "num_invoices": 27,
    "num_sku": 98,
    "num_zone": 5,
    "invoices": [
        [
            35,
            55,
            2,
            49,
            91,
            17,
            43,
            0,
            34,
            4,
            51
        ],
        [
            75,
            31,
            72,
            68,
            35,
            2,
            39,
            91,
            40,
            89,
            96
        ],
        [
            39,
            63,
            56,
            92,
            81,
            36,
            8,
            13
        ],
        [
            4,
            89,
            34,
            30,
            59,
            72,
            19,
            30,
            26,
            21
        ],
        [
            90,
            16,
            59,
            46,
            85,
            29,
            77,
            23,
            3,
            41,
            95
        ],
        [
            88,
            79,
            78,
            69,
            72,
            44,
            62
        ],
        [
            14,
            66,
            51,
            61,
            80,
            83,
            55,
            47,
            76,
            46,
            6,
            42,
            19,
            70,
            34,
            78
        ],
        [
            70,
            30,
            9,
            65,
            92,
            64,
            28
        ],
        [
            7,
            28,
            40,
            93,
            6,
            78,
            10,
            14,
            63,
            73,
            23,
            71
        ],
        [
            50,
            67,
            45,
            7,
            29,
            42,
            32,
            43,
            59,
            85,
            15,
            73
        ],
        [
            75,
            13,
            45,
            71,
            67,
            5,
            28,
            24,
            61,
            43,
            60
        ],
        [
            88,
            96,
            11,
            67,
            36,
            69,
            83,
            77,
            72,
            96,
            97,
            18,
            58
        ],
        [
            89,
            42,
            93,
            13,
            74,
            82,
            27,
            93,
            30,
            37,
            93
        ],
        [
            51,
            22,
            25,
            92,
            62,
            56,
            2,
            68,
            5,
            40,
            84,
            82,
            94,
            48
        ],
        [
            8,
            87,
            9,
            10,
            82,
            4,
            8,
            9,
            42
        ],
        [
            97,
            70,
            45,
            6,
            27,
            79,
            54,
            12,
            37,
            33
        ],
        [
            53,
            49,
            71,
            16,
            52,
            44,
            83,
            6,
            51,
            50,
            35,
            84,
            9,
            80,
            50
        ],
        [
            48,
            71,
            86,
            18,
            15,
            33,
            17,
            3,
            64,
            53,
            75,
            12,
            39,
            29
        ],
        [
            74,
            10,
            19,
            16,
            79,
            44,
            75,
            28,
            26,
            95,
            91,
            86,
            21,
            38
        ],
        [
            50,
            4,
            67,
            85,
            95,
            35,
            34,
            96
        ],
        [
            12,
            38,
            95,
            25,
            90,
            87,
            66,
            58,
            87,
            66,
            46
        ],
        [
            41,
            45,
            0,
            25,
            65,
            32,
            31,
            54,
            31,
            86,
            92
        ],
        [
            70,
            60,
            81,
            7,
            43,
            14,
            79,
            63,
            66,
            49,
            12,
            87,
            7
        ],
        [
            94,
            21,
            27,
            13,
            22,
            73,
            11,
            59
        ],
        [
            36,
            10,
            63,
            22,
            52,
            24,
            20,
            38,
            20,
            68,
            57
        ],
        [
            57,
            25,
            77,
            32,
            73,
            52,
            3,
            94,
            23,
            76,
            58,
            94,
            24,
            60,
            15
        ],
        [
            18,
            97,
            1,
            83,
            81,
            47,
            1,
            8,
            20
        ]
    ],
    "matching": {
        "0": 3,
        "1": 1,
        "2": 4,
        "3": 0,
        "4": 2,
        "5": 1,
        "6": 0,
        "7": 0,
        "8": 0,
        "9": 0,
        "10": 2,
        "11": 4,
        "12": 1,
        "13": 1,
        "14": 3,
        "15": 0,
        "16": 0,
        "17": 3,
        "18": 1,
        "19": 4,
        "20": 2,
        "21": 4,
        "22": 1,
        "23": 3,
        "24": 1,
        "25": 0,
        "26": 0,
        "27": 4,
        "28": 4,
        "29": 1,
        "30": 2,
        "31": 4,
        "32": 0,
        "33": 0,
        "34": 4,
        "35": 0,
        "36": 1,
        "37": 0,
        "38": 0,
        "39": 1,
        "40": 2,
        "41": 1,
        "42": 2,
        "43": 2,
        "44": 4,
        "45": 2,
        "46": 3,
        "47": 2,
        "48": 1,
        "49": 1,
        "50": 4,
        "51": 1,
        "52": 3,
        "53": 4,
        "54": 4,
        "55": 0,
        "56": 1,
        "57": 1,
        "58": 1,
        "59": 4,
        "60": 0,
        "61": 2,
        "62": 0,
        "63": 4,
        "64": 4,
        "65": 2,
        "66": 2,
        "67": 2,
        "68": 4,
        "69": 3,
        "70": 2,
        "71": 1,
        "72": 4,
        "73": 3,
        "74": 4,
        "75": 1,
        "76": 0,
        "77": 3,
        "78": 1,
        "79": 1,
        "80": 4,
        "81": 1,
        "82": 1,
        "83": 0,
        "84": 4,
        "85": 2,
        "86": 3,
        "87": 3,
        "88": 1,
        "89": 1,
        "90": 4,
        "91": 4,
        "92": 2,
        "93": 2,
        "94": 1,
        "95": 4,
        "96": 4,
        "97": 0
    },
    "lower_bound": 60.0
}