{
    "node_types": [
        "invoice",
        "sku",
        "zone"
    ],
    "edge_types": [
        "('invoice', 'requires', 'sku')",
        "('sku', 'located_at', 'zone')",
        "('sku', 'rev_requires', 'invoice')",
        "('zone', 'rev_located_at', 'sku')"
    ],
    "num_invoices": 31,
    "num_sku": 92,
    "num_zone": 5,
    "invoices": [
        [
            8,
            40,
            46,
            3,
            13,
            88
        ],
        [
            73,
            65
        ],
        [
            43,
            22,
            18,
            91,
            4,
            72
        ],
        [
            15,
            66,
            65,
            22,
            74,
            90,
            36
        ],
        [
            11,
            86,
            12,
            24,
            25,
            19,
            50
        ],
        [
            48,
            55,
            12,
            74,
            58,
            63,
            66,
            0,
            84,
            23,
            52,
            68,
            28,
            42
        ],
        [
            35,
            5,
            48,
            90,
            39,
            42,
            54,
            42,
            20,
            73,
            70,
            69,
            70,
            11,
            78,
            39,
            4
        ],
        [
            24,
            81,
            24,
            4,
            27,
            62,
            89,
            89,
            51,
            1,
            56,
            44,
            38
        ],
        [
            29,
            83,
            51,
            32
        ],
        [
            7,
            67,
            0,
            80,
            73,
            20,
            71,
            76,
            31,
            45,
            26,
            33,
            36,
            21,
            59
        ],
        [
            82,
            50,
            14,
            2,
            21,
            23,
            11,
            30,
            90
        ],
        [
            75,
            27,
            45,
            16,
            41,
            17,
            15,
            71,
            63
        ],
        [
            54,
            86,
            27,
            25,
            85,
            52,
            67,
            57,
            12,
            2
        ],
        [
            5,
            84,
            54,
            34,
            71,
            7
        ],
        [
            2,
            40,
            58,
            30,
            53
        ],
        [
            37,
            10,
            59,
            46,
            19,
            32
        ],
        [
            74,
            67,
            18,
            91,
            30,
            73
        ],
        [
            21,
            72,
            79,
            1,
            43,
            53,
            57,
            67,
            47
        ],
        [
            84,
            9,
            79,
            21,
            34,
            60,
            13,
            7,
            60,
            31,
            39,
            55
        ],
        [
            83,
            15,
            0,
            58,
            82
        ],
        [
            61,
            13,
            49,
            36,
            51,
            31,
            70,
            49,
            36
        ],
        [
            88,
            47,
            66,
            64,
            86,
            75,
            38,
            61,
            68,
            59,
            76,
            75,
            85,
            41,
            60,
            14,
            81
        ],
        [
            64,
            43,
            78,
            45,
            34,
            68,
            77,
            22
        ],
        [
            6,
            84,
            51,
            75,
            63,
            1,
            87,
            91
        ],
        [
            38,
            44,
            13,
            37,
            41
        ],
        [
            49,
            77,
            56,
            35,
            53,
            40,
            88,
            34,
            50,
            53,
            26,
            9
        ],
        [
            8,
            29,
            3,
            3,
            52,
            72,
            32,
            27,
            61
        ],
        [
            62,
            80,
            39,
            16,
            69,
            33,
            17,
            5,
            49
        ],
        [
            40,
            17,
            23,
            28,
            52,
            46
        ],
        [
            57,
            58,
            26,
            18
        ],
        [
            14,
            87,
            14,
            3,
            6,
            77,
            80,
            15,
            10
        ]
    ],
    "matching": {
        "0": 3,
        "1": 4,
        "2": 4,
        "3": 4,
        "4": 2,
        "5": 1,
        "6": 0,
        "7": 0,
        "8": 0,
        "9": 0,
        "10": 3,
        "11": 3,
        "12": 2,
        "13": 1,
        "14": 3,
        "15": 2,
        "16": 2,
        "17": 2,
        "18": 3,
        "19": 0,
        "20": 2,
        "21": 0,
        "22": 4,
        "23": 3,
        "24": 1,
        "25": 0,
        "26": 0,
        "27": 0,
        "28": 2,
        "29": 4,
        "30": 4,
        "31": 1,
        "32": 0,
        "33": 4,
        "34": 4,
        "35": 0,
        "36": 0,
        "37": 0,
        "38": 0,
        "39": 0,
        "40": 3,
        "41": 3,
        "42": 2,
        "43": 4,
        "44": 2,
        "45": 1,
        "46": 4,
        "47": 2,
        "48": 2,
        "49": 3,
        "50": 2,
        "51": 4,
        "52": 0,
        "53": 0,
        "54": 3,
        "55": 0,
        "56": 1,
        "57": 0,
        "58": 1,
        "59": 0,
        "60": 0,
        "61": 2,
        "62": 1,
        "63": 2,
        "64": 3,
        "65": 3,
        "66": 2,
        "67": 0,
        "68": 4,
        "69": 0,
        "70": 1,
        "71": 3,
        "72": 1,
        "73": 3,
        "74": 2,
        "75": 4,
        "76": 4,
        "77": 0,
        "78": 1,
        "79": 4,
        "80": 0,
        "81": 2,
        "82": 1,
        "83": 3,
        "84": 2,
        "85": 0,
        "86": 4,
        "87": 0,
        "88": 1,
        "89": 0,
        "90": 1,
        "91": 3
    },
    "lower_bound": 63.0
}