{
    "node_types": [
        "invoice",
        "sku",
        "zone"
    ],
    "edge_types": [
        "('invoice', 'requires', 'sku')",
        "('sku', 'located_at', 'zone')",
        "('sku', 'rev_requires', 'invoice')",
        "('zone', 'rev_located_at', 'sku')"
    ],
    "num_invoices": 29,
    "num_sku": 90,
    "num_zone": 5,
    "invoices": [
        [
            1,
            72,
            65,
            29,
            52,
            51
        ],
        [
            70,
            33,
            83,
            32,
            1,
            52,
            7,
            48,
            14
        ],
        [
            9,
            4,
            24,
            58,
            40,
            35,
            87,
            54,
            85,
            36,
            28,
            15,
            19,
            78
        ],
        [
            9,
            7,
            89,
            24,
            22,
            11,
            69,
            68,
            0,
            11,
            31,
            75
        ],
        [
            10,
            88,
            48,
            7,
            87,
            4,
            56
        ],
        [
            65,
            55,
            25,
            74,
            42,
            46,
            49,
            74,
            76,
            22
        ],
        [
            6,
            34,
            85,
            77,
            76,
            66,
            85,
            45,
            41,
            42,
            61
        ],
        [
            77,
            16,
            39,
            47,
            84,
            44,
            70,
            6
        ],
        [
            88,
            35,
            81,
            14,
            60,
            62,
            3,
            28,
            24,
            9,
            34,
            13
        ],
        [
            23,
            66,
            28,
            17,
            75,
            21,
            64,
            43,
            86,
            83,
            55,
            76
        ],
        [
            81,
            35,
            60,
            2,
            47,
            3,
            44,
            39
        ],
        [
            85,
            84,
            44,
            75,
            5,
            34,
            59,
            60,
            18,
            27,
            77,
            73,
            20,
            80,
            38,
            68
        ],
        [
            22,
            79,
            12,
            50,
            67,
            9,
            0,
            27,
            49,
            65
        ],
        [
            78,
            8,
            40,
            73,
            5,
            5,
            57,
            89,
            88,
            2,
            78,
            51
        ],
        [
            61,
            54,
            29,
            4,
            3,
            12,
            37,
            34,
            11,
            59,
            0,
            38,
            12
        ],
        [
            3,
            84,
            70,
            36,
            33
        ],
        [
            14,
            61,
            43,
            53,
            74,
            37,
            45
        ],
        [
            68,
            71,
            60,
            87,
            40,
            21,
            62
        ],
        [
            40,
            83,
            80,
            32,
            30
        ],
        [
            58,
            67,
            26,
            67,
            16,
            57,
            78,
            20,
            57
        ],
        [
            49,
            82,
            50,
            56,
            31,
            64,
            63
        ],
        [
            4,
            13,
            71,
            42,
            88,
            53,
            63,
            41,
            29,
            52,
            86,
            64
        ],
        [
            22,
            48,
            26,
            16,
            43,
            86,
            81,
            23,
            79,
            36,
            15,
            44,
            71
        ],
        [
            30,
            46,
            58,
            56,
            46,
            73,
            55,
            29,
            2
        ],
        [
            43,
            1,
            11,
            76,
            67,
            31,
            10,
            52,
            16
        ],
        [
            15,
            2,
            42,
            8,
            5,
            79,
            6
        ],
        [
            17,
            14,
            35,
            36,
            73,
            19
        ],
        [
            82,
            25,
            27,
            81,
            62,
            18,
            33,
            82,
            45,
            86
        ],
        [
            64,
            13,
            72,
            77,
            30,
            69,
            89,
            59
        ]
    ],
    "matching": {
        "0": 1,
        "1": 2,
        "2": 2,
        "3": 2,
        "4": 4,
        "5": 1,
        "6": 2,
        "7": 4,
        "8": 0,
        "9": 3,
        "10": 3,
        "11": 2,
        "12": 0,
        "13": 2,
        "14": 3,
        "15": 2,
        "16": 2,
        "17": 1,
        "18": 0,
        "19": 3,
        "20": 1,
        "21": 1,
        "22": 2,
        "23": 4,
        "24": 2,
        "25": 3,
        "26": 0,
        "27": 0,
        "28": 2,
        "29": 3,
        "30": 4,
        "31": 2,
        "32": 1,
        "33": 1,
        "34": 4,
        "35": 4,
        "36": 2,
        "37": 3,
        "38": 4,
        "39": 3,
        "40": 2,
        "41": 4,
        "42": 3,
        "43": 1,
        "44": 4,
        "45": 3,
        "46": 2,
        "47": 1,
        "48": 4,
        "49": 2,
        "50": 1,
        "51": 2,
        "52": 1,
        "53": 3,
        "54": 1,
        "55": 2,
        "56": 1,
        "57": 0,
        "58": 1,
        "59": 0,
        "60": 3,
        "61": 3,
        "62": 3,
        "63": 3,
        "64": 4,
        "65": 4,
        "66": 3,
        "67": 0,
        "68": 0,
        "69": 4,
        "70": 2,
        "71": 4,
        "72": 0,
        "73": 4,
        "74": 1,
        "75": 3,
        "76": 4,
        "77": 3,
        "78": 1,
        "79": 0,
        "80": 2,
        "81": 4,
        "82": 2,
        "83": 1,
        "84": 2,
        "85": 1,
        "86": 1,
        "87": 4,
        "88": 1,
        "89": 4
    },
    "lower_bound": 60.0
}