{
    "node_types": [
        "invoice",
        "sku",
        "zone"
    ],
    "edge_types": [
        "('invoice', 'requires', 'sku')",
        "('sku', 'located_at', 'zone')",
        "('sku', 'rev_requires', 'invoice')",
        "('zone', 'rev_located_at', 'sku')"
    ],
    "num_invoices": 34,
    "num_sku": 79,
    "num_zone": 5,
    "invoices": [
        [
            60,
            50,
            21,
            37,
            27,
            18,
            26,
            2
        ],
        [
            53,
            49,
            21,
            18,
            48,
            48
        ],
        [
            12,
            77,
            25,
            36,
            42,
            11,
            52
        ],
        [
            64,
            31,
            16,
            13,
            50
        ],
        [
            65,
            78,
            47,
            6,
            75,
            28,
            12
        ],
        [
            45,
            60,
            27,
            26,
            18,
            33,
            25,
            56,
            12
        ],
        [
            22,
            65,
            68,
            55,
            75,
            74,
            71,
            77,
            68,
            38,
            33,
            27,
            51
        ],
        [
            5,
            60,
            66,
            61,
            51,
            21,
            7
        ],
        [
            30,
            32,
            49,
            23,
            32,
            29,
            4,
            9,
            40,
            46,
            46,
            15,
            39,
            25,
            8
        ],
        [
            53,
            30,
            20,
            36
        ],
        [
            72,
            23,
            13,
            67
        ],
        [
            33,
            61,
            54,
            68,
            36
        ],
        [
            22,
            69,
            60,
            34,
            70,
            76,
            9,
            40
        ],
        [
            52,
            20,
            44,
            14
        ],
        [
            42,
            58,
            39,
            69,
            23,
            73
        ],
        [
            54,
            53,
            74,
            56,
            58,
            3,
            31,
            15
        ],
        [
            17,
            29,
            2,
            34,
            24,
            65
        ],
        [
            63,
            50,
            35,
            24,
            48,
            11,
            70,
            46,
            35
        ],
        [
            47,
            66,
            3,
            0,
            43,
            6,
            39,
            29
        ],
        [
            0,
            65,
            57
        ],
        [
            47,
            30,
            21,
            19
        ],
        [
            71,
            41,
            51,
            63,
            67,
            69,
            2,
            10
        ],
        [
            4,
            10,
            66,
            38,
            73,
            51
        ],
        [
            34,
            44,
            54
        ],
        [
            40,
            6,
            59,
            36,
            44,
            78,
            44,
            48
        ],
        [
            70,
            26,
            46,
            6,
            17
        ],
        [
            18,
            3,
            57,
            41,
            23,
            1,
            62
        ],
        [
            32,
            50,
            76,
            19,
            28,
            2
        ],
        [
            31,
            37,
            55,
            5,
            19,
            47,
            78,
            27,
            20,
            59
        ],
        [
            8,
            14,
            37,
            8,
            62,
            22,
            64,
            17,
            22
        ],
        [
            16,
            10,
            63
        ],
        [
            1,
            67,
            57,
            7,
            43,
            14,
            75,
            42,
            17
        ],
        [
            58,
            72,
            64,
            57,
            12
        ],
        [
            29,
            39,
            54,
            56,
            56,
            28,
            78,
            4,
            20,
            45,
            9
        ]
    ],
    "matching": {
        "0": 0,
        "1": 3,
        "2": 1,
        "3": 3,
        "4": 0,
        "5": 1,
        "6": 0,
        "7": 1,
        "8": 0,
        "9": 4,
        "10": 2,
        "11": 2,
        "12": 2,
        "13": 4,
        "14": 0,
        "15": 1,
        "16": 3,
        "17": 1,
        "18": 4,
        "19": 2,
        "20": 1,
        "21": 1,
        "22": 2,
        "23": 1,
        "24": 3,
        "25": 0,
        "26": 0,
        "27": 0,
        "28": 0,
        "29": 3,
        "30": 4,
        "31": 3,
        "32": 0,
        "33": 1,
        "34": 4,
        "35": 1,
        "36": 3,
        "37": 0,
        "38": 1,
        "39": 3,
        "40": 1,
        "41": 0,
        "42": 0,
        "43": 2,
        "44": 2,
        "45": 2,
        "46": 4,
        "47": 1,
        "48": 4,
        "49": 4,
        "50": 4,
        "51": 2,
        "52": 1,
        "53": 4,
        "54": 0,
        "55": 1,
        "56": 4,
        "57": 4,
        "58": 2,
        "59": 1,
        "60": 1,
        "61": 3,
        "62": 4,
        "63": 0,
        "64": 4,
        "65": 1,
        "66": 4,
        "67": 2,
        "68": 0,
        "69": 3,
        "70": 0,
        "71": 3,
        "72": 0,
        "73": 2,
        "74": 4,
        "75": 1,
        "76": 4,
        "77": 4,
        "78": 2
    },
    "lower_bound": 57.0
}