{
    "node_types": [
        "invoice",
        "sku",
        "zone"
    ],
    "edge_types": [
        "('invoice', 'requires', 'sku')",
        "('sku', 'located_at', 'zone')",
        "('sku', 'rev_requires', 'invoice')",
        "('zone', 'rev_located_at', 'sku')"
    ],
    "num_invoices": 30,
    "num_sku": 95,
    "num_zone": 5,
    "invoices": [
        [
            41,
            51,
            10,
            7,
            35,
            59
        ],
        [
            56,
            0,
            34,
            84,
            82,
            12,
            73,
            5,
            4
        ],
        [
            9,
            25,
            8,
            31,
            33,
            33
        ],
        [
            75,
            29,
            60,
            17,
            86,
            67,
            1,
            78,
            40,
            40,
            87
        ],
        [
            88,
            70,
            55,
            90,
            51,
            85,
            80,
            36,
            84,
            57,
            38
        ],
        [
            57,
            81,
            87,
            89,
            51,
            3,
            30,
            76,
            55,
            68
        ],
        [
            24,
            1,
            31,
            81,
            48,
            66
        ],
        [
            81,
            39,
            28,
            64,
            37,
            60,
            30,
            91,
            58
        ],
        [
            64,
            75,
            14,
            89,
            83,
            19
        ],
        [
            31,
            45,
            58,
            23,
            14,
            4
        ],
        [
            28,
            49,
            64,
            52,
            54,
            41,
            20
        ],
        [
            49,
            32,
            46,
            56,
            27,
            6,
            62,
            5,
            44,
            6
        ],
        [
            62,
            47,
            80,
            24,
            63
        ],
        [
            38,
            34,
            47,
            72,
            46,
            62,
            56,
            0,
            45,
            13,
            32
        ],
        [
            21,
            8,
            63,
            82,
            19,
            93,
            3,
            7,
            85,
            37,
            93,
            43,
            23,
            44,
            52
        ],
        [
            15,
            36,
            66,
            16,
            20,
            60,
            1,
            71,
            61,
            72,
            74,
            2
        ],
        [
            74,
            71,
            50,
            21,
            83,
            78
        ],
        [
            94,
            0,
            1,
            34,
            14
        ],
        [
            57,
            29,
            80,
            6,
            40,
            35,
            52,
            13
        ],
        [
            32,
            12,
            22,
            43,
            38,
            35,
            85,
            37,
            28,
            84,
            91,
            12,
            15,
            11,
            53,
            10,
            79
        ],
        [
            55,
            58,
            79,
            5,
            54,
            20,
            11,
            92,
            73,
            39,
            31,
            18
        ],
        [
            54,
            12,
            53,
            50,
            53,
            92,
            44,
            92,
            82,
            42,
            77,
            61,
            94,
            72,
            90,
            94
        ],
        [
            49,
            44,
            45,
            88,
            26,
            11,
            88,
            93,
            55
        ],
        [
            76,
            39,
            26,
            22,
            39,
            59,
            49,
            27,
            6,
            67,
            66,
            86,
            69,
            74,
            65,
            75
        ],
        [
            36,
            28,
            21,
            4,
            27,
            69,
            9,
            19,
            65,
            18,
            81,
            71,
            15,
            57
        ],
        [
            13,
            16,
            0,
            71,
            9,
            77,
            76,
            41,
            48,
            26
        ],
        [
            94,
            34,
            85,
            58,
            72,
            69,
            17,
            25,
            48,
            14,
            82
        ],
        [
            60,
            90,
            91,
            86,
            51,
            53,
            30,
            26,
            15,
            54,
            42
        ],
        [
            35,
            61,
            86,
            79,
            73,
            92,
            68,
            2,
            36,
            70
        ],
        [
            7,
            30
        ]
    ],
    "matching": {
        "0": 3,
        "1": 3,
        "2": 1,
        "3": 2,
        "4": 2,
        "5": 0,
        "6": 3,
        "7": 0,
        "8": 3,
        "9": 4,
        "10": 1,
        "11": 1,
        "12": 0,
        "13": 4,
        "14": 0,
        "15": 3,
        "16": 2,
        "17": 2,
        "18": 4,
        "19": 3,
        "20": 1,
        "21": 2,
        "22": 0,
        "23": 2,
        "24": 0,
        "25": 2,
        "26": 3,
        "27": 4,
        "28": 4,
        "29": 3,
        "30": 0,
        "31": 2,
        "32": 0,
        "33": 3,
        "34": 3,
        "35": 0,
        "36": 3,
        "37": 1,
        "38": 2,
        "39": 2,
        "40": 2,
        "41": 0,
        "42": 0,
        "43": 1,
        "44": 4,
        "45": 3,
        "46": 1,
        "47": 0,
        "48": 2,
        "49": 3,
        "50": 2,
        "51": 3,
        "52": 0,
        "53": 4,
        "54": 4,
        "55": 1,
        "56": 2,
        "57": 0,
        "58": 1,
        "59": 1,
        "60": 3,
        "61": 2,
        "62": 2,
        "63": 1,
        "64": 4,
        "65": 4,
        "66": 4,
        "67": 3,
        "68": 1,
        "69": 2,
        "70": 0,
        "71": 2,
        "72": 3,
        "73": 1,
        "74": 4,
        "75": 0,
        "76": 0,
        "77": 4,
        "78": 3,
        "79": 1,
        "80": 0,
        "81": 4,
        "82": 4,
        "83": 1,
        "84": 0,
        "85": 4,
        "86": 2,
        "87": 1,
        "88": 2,
        "89": 1,
        "90": 4,
        "91": 1,
        "92": 3,
        "93": 4,
        "94": 1
    },
    "lower_bound": 63.0
}