{
    "node_types": [
        "invoice",
        "sku",
        "zone"
    ],
    "edge_types": [
        "('invoice', 'requires', 'sku')",
        "('sku', 'located_at', 'zone')",
        "('sku', 'rev_requires', 'invoice')",
        "('zone', 'rev_located_at', 'sku')"
    ],
    "num_invoices": 25,
    "num_sku": 63,
    "num_zone": 5,
    "invoices": [
        [
            12,
            20,
            16,
            33,
            29,
            7
        ],
        [
            38,
            44,
            47,
            14,
            35,
            30
        ],
        [
            61,
            0,
            10,
            12,
            60,
            20,
            5,
            58
        ],
        [
            11,
            21,
            33,
            49,
            47,
            34
        ],
        [
            23,
            19,
            4,
            50,
            16,
            22,
            18,
            42,
            7,
            15
        ],
        [
            25,
            40,
            57,
            37,
            27,
            10,
            56,
            56,
            17
        ],
        [
            39,
            27,
            25,
            25,
            28
        ],
        [
            57,
            0,
            41,
            34,
            32,
            37,
            2,
            14
        ],
        [
            45,
            52,
            32,
            1,
            30,
            49,
            23,
            49,
            20,
            3,
            6,
            9,
            9,
            43
        ],
        [
            59,
            28,
            59,
            21,
            62
        ],
        [
            3,
            4,
            34,
            50,
            40,
            38,
            25
        ],
        [
            34,
            15,
            26,
            31,
            0
        ],
        [
            4,
            24,
            58,
            51,
            42
        ],
        [
            24,
            37,
            19,
            11
        ],
        [
            14,
            1,
            21,
            18,
            9,
            5,
            28
        ],
        [
            36,
            51,
            11,
            62,
            55,
            41
        ],
        [
            5,
            41,
            31,
            38,
            6,
            35,
            45,
            19,
            54
        ],
        [
            32,
            59,
            54,
            13,
            47,
            16,
            42,
            55,
            36,
            13,
            52,
            48
        ],
        [
            45,
            22,
            13,
            17,
            8,
            51,
            2,
            21
        ],
        [
            32,
            35,
            53,
            50,
            31,
            19,
            39
        ],
        [
            45,
            13,
            29,
            46,
            54,
            61
        ],
        [
            43,
            61,
            17,
            3,
            8
        ],
        [
            9,
            44,
            59,
            36,
            53,
            8,
            60,
            26,
            5,
            30,
            27
        ],
        [
            12,
            60,
            22,
            3,
            11,
            46,
            48
        ],
        [
            48,
            15,
            27,
            16
        ]
    ],
    "matching": {
        "0": 2,
        "1": 0,
        "2": 1,
        "3": 2,
        "4": 3,
        "5": 3,
        "6": 0,
        "7": 0,
        "8": 3,
        "9": 4,
        "10": 1,
        "11": 2,
        "12": 0,
        "13": 0,
        "14": 1,
        "15": 3,
        "16": 2,
        "17": 3,
        "18": 0,
        "19": 1,
        "20": 2,
        "21": 4,
        "22": 4,
        "23": 1,
        "24": 2,
        "25": 0,
        "26": 2,
        "27": 4,
        "28": 1,
        "29": 4,
        "30": 1,
        "31": 0,
        "32": 4,
        "33": 1,
        "34": 1,
        "35": 0,
        "36": 2,
        "37": 2,
        "38": 2,
        "39": 3,
        "40": 4,
        "41": 2,
        "42": 3,
        "43": 3,
        "44": 4,
        "45": 3,
        "46": 0,
        "47": 0,
        "48": 1,
        "49": 1,
        "50": 2,
        "51": 0,
        "52": 2,
        "53": 2,
        "54": 1,
        "55": 1,
        "56": 1,
        "57": 4,
        "58": 1,
        "59": 0,
        "60": 4,
        "61": 3,
        "62": 0
    },
    "lower_bound": 54.0
}