{
    "node_types": [
        "invoice",
        "sku",
        "zone"
    ],
    "edge_types": [
        "('invoice', 'requires', 'sku')",
        "('sku', 'located_at', 'zone')",
        "('sku', 'rev_requires', 'invoice')",
        "('zone', 'rev_located_at', 'sku')"
    ],
    "num_invoices": 29,
    "num_sku": 68,
    "num_zone": 5,
    "invoices": [
        [
            18,
            21,
            11,
            25,
            55,
            64,
            61,
            42,
            26
        ],
        [
            60,
            32,
            58,
            20,
            24
        ],
        [
            29,
            55,
            6,
            33,
            50,
            30,
            45,
            42,
            12,
            9,
            16,
            27
        ],
        [
            10,
            52,
            10,
            66,
            5,
            17,
            50,
            43
        ],
        [
            55,
            8,
            67,
            23,
            19
        ],
        [
            11,
            23,
            0,
            52,
            50,
            11
        ],
        [
            58,
            47,
            13,
            59
        ],
        [
            10,
            51,
            44,
            43,
            50,
            34,
            35
        ],
        [
            51,
            16,
            52,
            48,
            41
        ],
        [
            0,
            43,
            56,
            62,
            53,
            30,
            32,
            4
        ],
        [
            19,
            60,
            18
        ],
        [
            25,
            57,
            59,
            65,
            41
        ],
        [
            41,
            42,
            62,
            21,
            15,
            62
        ],
        [
            18,
            20,
            34,
            1,
            4,
            53
        ],
        [
            8,
            26,
            53,
            66,
            54,
            40,
            7,
            40,
            15,
            33,
            29
        ],
        [
            55,
            60,
            22,
            18,
            24
        ],
        [
            7,
            14,
            3,
            53,
            54,
            46,
            41,
            64,
            30,
            4,
            61
        ],
        [
            16,
            2,
            64,
            46,
            12
        ],
        [
            6,
            37,
            65,
            24,
            37
        ],
        [
            32,
            34,
            28,
            64,
            34,
            36
        ],
        [
            56,
            59,
            40,
            46,
            49,
            62
        ],
        [
            13,
            9,
            23,
            58,
            35,
            19,
            11,
            61,
            2
        ],
        [
            56,
            27,
            22,
            5,
            49,
            54,
            38
        ],
        [
            8,
            31,
            44,
            12,
            28,
            66
        ],
        [
            8,
            40,
            4,
            52,
            45,
            13,
            17,
            38,
            60,
            12,
            17
        ],
        [
            39,
            63,
            15,
            14,
            1,
            32,
            14,
            3,
            33,
            17,
            29
        ],
        [
            67,
            21,
            63,
            63,
            21,
            7
        ],
        [
            26,
            29,
            47,
            16,
            48,
            36,
            28,
            39,
            31,
            28,
            57
        ],
        [
            58,
            38,
            15,
            45,
            24,
            10,
            45,
            30
        ]
    ],
    "matching": {
        "0": 1,
        "1": 2,
        "2": 1,
        "3": 1,
        "4": 1,
        "5": 0,
        "6": 4,
        "7": 2,
        "8": 4,
        "9": 1,
        "10": 0,
        "11": 2,
        "12": 1,
        "13": 0,
        "14": 3,
        "15": 0,
        "16": 2,
        "17": 0,
        "18": 2,
        "19": 3,
        "20": 0,
        "21": 4,
        "22": 1,
        "23": 0,
        "24": 3,
        "25": 3,
        "26": 1,
        "27": 1,
        "28": 3,
        "29": 0,
        "30": 3,
        "31": 1,
        "32": 1,
        "33": 2,
        "34": 4,
        "35": 0,
        "36": 0,
        "37": 3,
        "38": 3,
        "39": 0,
        "40": 0,
        "41": 3,
        "42": 4,
        "43": 2,
        "44": 0,
        "45": 2,
        "46": 4,
        "47": 4,
        "48": 3,
        "49": 0,
        "50": 3,
        "51": 3,
        "52": 4,
        "53": 0,
        "54": 4,
        "55": 3,
        "56": 2,
        "57": 1,
        "58": 2,
        "59": 3,
        "60": 1,
        "61": 3,
        "62": 1,
        "63": 1,
        "64": 2,
        "65": 2,
        "66": 4,
        "67": 4
    },
    "lower_bound": 48.0
}