{
    "node_types": [
        "invoice",
        "sku",
        "zone"
    ],
    "edge_types": [
        "('invoice', 'requires', 'sku')",
        "('sku', 'located_at', 'zone')",
        "('sku', 'rev_requires', 'invoice')",
        "('zone', 'rev_located_at', 'sku')"
    ],
    "num_invoices": 33,
    "num_sku": 75,
    "num_zone": 5,
    "invoices": [
        [
            63,
            28,
            18,
            48,
            2,
            37
        ],
        [
            7,
            14,
            54,
            59,
            50,
            22,
            5,
            61,
            11
        ],
        [
            47,
            41,
            20,
            31,
            37,
            30,
            11,
            33
        ],
        [
            12,
            20,
            72,
            66,
            37,
            35,
            47,
            67,
            10,
            60
        ],
        [
            48,
            49,
            24,
            38,
            72,
            51,
            13
        ],
        [
            39,
            9
        ],
        [
            29,
            55,
            69,
            19,
            69,
            25
        ],
        [
            56,
            32,
            21,
            26,
            45,
            15,
            46,
            60
        ],
        [
            64,
            21,
            54,
            56,
            17,
            68,
            8,
            32,
            9
        ],
        [
            55,
            4,
            68,
            47,
            1,
            30,
            10,
            66
        ],
        [
            67,
            16,
            72,
            9
        ],
        [
            6,
            54,
            33,
            42,
            38,
            9,
            50
        ],
        [
            41,
            21,
            16,
            5,
            33,
            14,
            4
        ],
        [
            41,
            48,
            21,
            55,
            0,
            63
        ],
        [
            25,
            6,
            74,
            70
        ],
        [
            3,
            61,
            13,
            36
        ],
        [
            26,
            55,
            45,
            74,
            44,
            44
        ],
        [
            11,
            46,
            51,
            3,
            56,
            60,
            25,
            0,
            40
        ],
        [
            36,
            29,
            22,
            65,
            14
        ],
        [
            33,
            31,
            49,
            53,
            41,
            13,
            44,
            5,
            26,
            12
        ],
        [
            62,
            66,
            61,
            34,
            35,
            29
        ],
        [
            0,
            73,
            27,
            10,
            23,
            18,
            59
        ],
        [
            11,
            64,
            1,
            28,
            71,
            38,
            57,
            25,
            0
        ],
        [
            6,
            65,
            67,
            5,
            56,
            3,
            31
        ],
        [
            12,
            66,
            53
        ],
        [
            63,
            52,
            45
        ],
        [
            24,
            2,
            43,
            40,
            71,
            17,
            7,
            73
        ],
        [
            69,
            59,
            15,
            63,
            62,
            31,
            32
        ],
        [
            19,
            59,
            43,
            57,
            52
        ],
        [
            65,
            44,
            37,
            39,
            20
        ],
        [
            42,
            45,
            49,
            8,
            27,
            10,
            58,
            23,
            58
        ],
        [
            47,
            58,
            57,
            14,
            24,
            6,
            70,
            49,
            43,
            74,
            43,
            53
        ],
        [
            60,
            34,
            23,
            57,
            4
        ]
    ],
    "matching": {
        "0": 0,
        "1": 4,
        "2": 1,
        "3": 1,
        "4": 0,
        "5": 0,
        "6": 1,
        "7": 1,
        "8": 2,
        "9": 2,
        "10": 4,
        "11": 3,
        "12": 2,
        "13": 2,
        "14": 3,
        "15": 4,
        "16": 4,
        "17": 3,
        "18": 2,
        "19": 4,
        "20": 3,
        "21": 1,
        "22": 1,
        "23": 2,
        "24": 3,
        "25": 0,
        "26": 2,
        "27": 1,
        "28": 2,
        "29": 3,
        "30": 3,
        "31": 3,
        "32": 2,
        "33": 4,
        "34": 4,
        "35": 2,
        "36": 3,
        "37": 1,
        "38": 4,
        "39": 4,
        "40": 3,
        "41": 1,
        "42": 1,
        "43": 2,
        "44": 0,
        "45": 0,
        "46": 0,
        "47": 2,
        "48": 3,
        "49": 2,
        "50": 0,
        "51": 4,
        "52": 2,
        "53": 3,
        "54": 1,
        "55": 2,
        "56": 4,
        "57": 2,
        "58": 1,
        "59": 3,
        "60": 4,
        "61": 4,
        "62": 3,
        "63": 4,
        "64": 1,
        "65": 2,
        "66": 4,
        "67": 1,
        "68": 0,
        "69": 1,
        "70": 3,
        "71": 1,
        "72": 1,
        "73": 1,
        "74": 0
    },
    "lower_bound": 48.0
}