{
    "node_types": [
        "invoice",
        "sku",
        "zone"
    ],
    "edge_types": [
        "('invoice', 'requires', 'sku')",
        "('sku', 'located_at', 'zone')",
        "('sku', 'rev_requires', 'invoice')",
        "('zone', 'rev_located_at', 'sku')"
    ],
    "num_invoices": 25,
    "num_sku": 83,
    "num_zone": 5,
    "invoices": [
        [
            37,
            63,
            45,
            18,
            4,
            10,
            17,
            44,
            55,
            27
        ],
        [
            59,
            70,
            9,
            0,
            36,
            35,
            71,
            52
        ],
        [
            9,
            67,
            79,
            21,
            29,
            34,
            30,
            43,
            42,
            82
        ],
        [
            9,
            53,
            49,
            17,
            80,
            39,
            13,
            78,
            2,
            77,
            65,
            27,
            60,
            68
        ],
        [
            70,
            56,
            80,
            47,
            78,
            15,
            67,
            25,
            79,
            10
        ],
        [
            5,
            75,
            57,
            33,
            55,
            68,
            13
        ],
        [
            1,
            0,
            6,
            62,
            80,
            21,
            25,
            5,
            17,
            81
        ],
        [
            32,
            20,
            47,
            57,
            52,
            63
        ],
        [
            69,
            21,
            80,
            10,
            15,
            7,
            2,
            54,
            48,
            74,
            81
        ],
        [
            16,
            3,
            68,
            11,
            26,
            24,
            15,
            64,
            33
        ],
        [
            50,
            14,
            66,
            15,
            82,
            20,
            37,
            5,
            56,
            61,
            34,
            44,
            40,
            72
        ],
        [
            62,
            74,
            56,
            16,
            66,
            38,
            35,
            20,
            17,
            50,
            4,
            41,
            3,
            59,
            75,
            50
        ],
        [
            70,
            76,
            11,
            30,
            19,
            50,
            39,
            42,
            30,
            13,
            23,
            24,
            62,
            45
        ],
        [
            79,
            1,
            49,
            66,
            32,
            7,
            54,
            71,
            30,
            64,
            36,
            60,
            76
        ],
        [
            22,
            63,
            37,
            47,
            71,
            44,
            36,
            58,
            42,
            54,
            78,
            22,
            43
        ],
        [
            31,
            8,
            22,
            79,
            76,
            57,
            12
        ],
        [
            81,
            1,
            76,
            4,
            28,
            48,
            36,
            61,
            5
        ],
        [
            13,
            55,
            82,
            68,
            57,
            69,
            48,
            66
        ],
        [
            46,
            26,
            72,
            53,
            40,
            31
        ],
        [
            58,
            46,
            28,
            18,
            7,
            11,
            41,
            1
        ],
        [
            9,
            59,
            71,
            19,
            45,
            25,
            25,
            3,
            65,
            53,
            73
        ],
        [
            23,
            14,
            41,
            73,
            22,
            72,
            53,
            54
        ],
        [
            6,
            43,
            38,
            12,
            77,
            44,
            18,
            38,
            51,
            64,
            23
        ],
        [
            67,
            4,
            29,
            21,
            61,
            8,
            46,
            29,
            51,
            47
        ],
        [
            49,
            29,
            78,
            31,
            60,
            61,
            0,
            26,
            12
        ]
    ],
    "matching": {
        "0": 4,
        "1": 3,
        "2": 3,
        "3": 1,
        "4": 0,
        "5": 1,
        "6": 0,
        "7": 1,
        "8": 3,
        "9": 4,
        "10": 4,
        "11": 1,
        "12": 1,
        "13": 0,
        "14": 3,
        "15": 1,
        "16": 4,
        "17": 3,
        "18": 0,
        "19": 1,
        "20": 1,
        "21": 3,
        "22": 3,
        "23": 0,
        "24": 1,
        "25": 3,
        "26": 4,
        "27": 1,
        "28": 2,
        "29": 3,
        "30": 2,
        "31": 1,
        "32": 1,
        "33": 2,
        "34": 1,
        "35": 4,
        "36": 2,
        "37": 0,
        "38": 3,
        "39": 3,
        "40": 2,
        "41": 4,
        "42": 4,
        "43": 1,
        "44": 4,
        "45": 2,
        "46": 3,
        "47": 1,
        "48": 2,
        "49": 3,
        "50": 4,
        "51": 4,
        "52": 3,
        "53": 1,
        "54": 3,
        "55": 1,
        "56": 4,
        "57": 1,
        "58": 0,
        "59": 1,
        "60": 2,
        "61": 4,
        "62": 2,
        "63": 3,
        "64": 4,
        "65": 2,
        "66": 0,
        "67": 0,
        "68": 1,
        "69": 2,
        "70": 4,
        "71": 0,
        "72": 0,
        "73": 2,
        "74": 3,
        "75": 3,
        "76": 2,
        "77": 3,
        "78": 2,
        "79": 3,
        "80": 1,
        "81": 0,
        "82": 4
    },
    "lower_bound": 60.0
}