{
    "node_types": [
        "invoice",
        "sku",
        "zone"
    ],
    "edge_types": [
        "('invoice', 'requires', 'sku')",
        "('sku', 'located_at', 'zone')",
        "('sku', 'rev_requires', 'invoice')",
        "('zone', 'rev_located_at', 'sku')"
    ],
    "num_invoices": 32,
    "num_sku": 96,
    "num_zone": 5,
    "invoices": [
        [
            42,
            5,
            93,
            6,
            21,
            30,
            78
        ],
        [
            23,
            73,
            42,
            58,
            68,
            65,
            51,
            89,
            29
        ],
        [
            35,
            79,
            64,
            40,
            57,
            47,
            8,
            25,
            79,
            3,
            47
        ],
        [
            24,
            90,
            43,
            2,
            48,
            94
        ],
        [
            92,
            55,
            72,
            15,
            48,
            83,
            10,
            92
        ],
        [
            76,
            1,
            61,
            50,
            84,
            75,
            25,
            55,
            6,
            66,
            78,
            68,
            52,
            52,
            61
        ],
        [
            56,
            12,
            42,
            0,
            95,
            28,
            58,
            73,
            83,
            92
        ],
        [
            56,
            62,
            59,
            55,
            24,
            6,
            39,
            62,
            32
        ],
        [
            8,
            73,
            66,
            37,
            2,
            0,
            45,
            72,
            89,
            65
        ],
        [
            12,
            74,
            81,
            29,
            4,
            70
        ],
        [
            55,
            67,
            81,
            67,
            21,
            26,
            88,
            34,
            80,
            10,
            88
        ],
        [
            4,
            9,
            20,
            31,
            38,
            44,
            14,
            30,
            17,
            59,
            1
        ],
        [
            71,
            94,
            61,
            66,
            16,
            84
        ],
        [
            76,
            62,
            34,
            82,
            33,
            60,
            27,
            54,
            56
        ],
        [
            11,
            69,
            52,
            45,
            83,
            25,
            70,
            46,
            87
        ],
        [
            77,
            43,
            37,
            91,
            88,
            18,
            91,
            8,
            23
        ],
        [
            8,
            44,
            45,
            49,
            0,
            34,
            49,
            33
        ],
        [
            79,
            86,
            62,
            7,
            21,
            76
        ],
        [
            87,
            17,
            13,
            16,
            73,
            64,
            36,
            54,
            6,
            20,
            77
        ],
        [
            58,
            7,
            54,
            94,
            72,
            63,
            0,
            5,
            82
        ],
        [
            85,
            89,
            74,
            7,
            91,
            77,
            22,
            93,
            79,
            41,
            24
        ],
        [
            35,
            59,
            1,
            74,
            58,
            45,
            95,
            9,
            60
        ],
        [
            71,
            57,
            43,
            33,
            80,
            81,
            92,
            51,
            38,
            4,
            52,
            63
        ],
        [
            38,
            18,
            27,
            61,
            88
        ],
        [
            32,
            39,
            1
        ],
        [
            14,
            46,
            50,
            26,
            36,
            30,
            13,
            46,
            18,
            85
        ],
        [
            84,
            94,
            50,
            60,
            2,
            17,
            28,
            40,
            43,
            29,
            17,
            65,
            37,
            93,
            48,
            84,
            7
        ],
        [
            3,
            91,
            48,
            30,
            11
        ],
        [
            21,
            11,
            86,
            20,
            81,
            89,
            56,
            82,
            19,
            22
        ],
        [
            53,
            16,
            76,
            90,
            42,
            27,
            15,
            27,
            53,
            60,
            38,
            80,
            69
        ],
        [
            59,
            75,
            72,
            82,
            33,
            86
        ],
        [
            85,
            31,
            19,
            41,
            18
        ]
    ],
    "matching": {
        "0": 4,
        "1": 3,
        "2": 2,
        "3": 2,
        "4": 0,
        "5": 4,
        "6": 0,
        "7": 3,
        "8": 4,
        "9": 2,
        "10": 0,
        "11": 4,
        "12": 1,
        "13": 3,
        "14": 2,
        "15": 3,
        "16": 2,
        "17": 4,
        "18": 1,
        "19": 3,
        "20": 0,
        "21": 4,
        "22": 1,
        "23": 1,
        "24": 2,
        "25": 2,
        "26": 3,
        "27": 2,
        "28": 1,
        "29": 2,
        "30": 3,
        "31": 4,
        "32": 3,
        "33": 3,
        "34": 3,
        "35": 4,
        "36": 4,
        "37": 2,
        "38": 3,
        "39": 3,
        "40": 1,
        "41": 1,
        "42": 0,
        "43": 4,
        "44": 3,
        "45": 0,
        "46": 3,
        "47": 3,
        "48": 0,
        "49": 4,
        "50": 2,
        "51": 1,
        "52": 2,
        "53": 3,
        "54": 2,
        "55": 4,
        "56": 4,
        "57": 0,
        "58": 4,
        "59": 3,
        "60": 0,
        "61": 1,
        "62": 0,
        "63": 2,
        "64": 2,
        "65": 0,
        "66": 0,
        "67": 4,
        "68": 0,
        "69": 1,
        "70": 2,
        "71": 2,
        "72": 4,
        "73": 1,
        "74": 4,
        "75": 0,
        "76": 0,
        "77": 4,
        "78": 1,
        "79": 3,
        "80": 3,
        "81": 3,
        "82": 2,
        "83": 2,
        "84": 3,
        "85": 2,
        "86": 2,
        "87": 3,
        "88": 2,
        "89": 4,
        "90": 2,
        "91": 0,
        "92": 4,
        "93": 4,
        "94": 3,
        "95": 3
    },
    "lower_bound": 63.0
}