{
    "node_types": [
        "invoice",
        "sku",
        "zone"
    ],
    "edge_types": [
        "('invoice', 'requires', 'sku')",
        "('sku', 'located_at', 'zone')",
        "('sku', 'rev_requires', 'invoice')",
        "('zone', 'rev_located_at', 'sku')"
    ],
    "num_invoices": 31,
    "num_sku": 94,
    "num_zone": 5,
    "invoices": [
        [
            1,
            57,
            64,
            57,
            26,
            47,
            3,
            52,
            21,
            67,
            59,
            74,
            34,
            68,
            21,
            5
        ],
        [
            1,
            90,
            66,
            45,
            47,
            42,
            41,
            48,
            68,
            61,
            19,
            65
        ],
        [
            4,
            50,
            64,
            6,
            73,
            9,
            25,
            16,
            33,
            72,
            60
        ],
        [
            22,
            65,
            54,
            50,
            40,
            12,
            81,
            86,
            68,
            3,
            10,
            4
        ],
        [
            11,
            66,
            83,
            41
        ],
        [
            20,
            91
        ],
        [
            29,
            92,
            24,
            24,
            58,
            24,
            11,
            3,
            83
        ],
        [
            78,
            41,
            70,
            85,
            13
        ],
        [
            31,
            18,
            42,
            46,
            69,
            7,
            86,
            39,
            35
        ],
        [
            71,
            78,
            12,
            23,
            15
        ],
        [
            19,
            43,
            74,
            75,
            68,
            71,
            46,
            27,
            28,
            23,
            44,
            35
        ],
        [
            60,
            5,
            86,
            6
        ],
        [
            23,
            82,
            17,
            40,
            8,
            32,
            17,
            70,
            69,
            21,
            72,
            61
        ],
        [
            29,
            67,
            7,
            43,
            89
        ],
        [
            62,
            58,
            9,
            5,
            16,
            88,
            80,
            25,
            33,
            17,
            72,
            45,
            71,
            49
        ],
        [
            41,
            39,
            30,
            62,
            43,
            84,
            29,
            48,
            27,
            52
        ],
        [
            63,
            0,
            76,
            0,
            82,
            25
        ],
        [
            75,
            5,
            53,
            11,
            90,
            58,
            14
        ],
        [
            87,
            46,
            67,
            0,
            72,
            89,
            40,
            44,
            38,
            54,
            28,
            87,
            64,
            36
        ],
        [
            73,
            12,
            93,
            73,
            87,
            18,
            88,
            91,
            50,
            22
        ],
        [
            40,
            16,
            28,
            76,
            73,
            10
        ],
        [
            47,
            48,
            15,
            37,
            58,
            76,
            66,
            37,
            76,
            51
        ],
        [
            65,
            14,
            85,
            34,
            55,
            37,
            9,
            25
        ],
        [
            69,
            38,
            14,
            46,
            64,
            91,
            42
        ],
        [
            91,
            89,
            36,
            56
        ],
        [
            81,
            30,
            79,
            6,
            92,
            44,
            70,
            57,
            87,
            26,
            36,
            77,
            67
        ],
        [
            56,
            62,
            69,
            54,
            53,
            4,
            75,
            88,
            39,
            32
        ],
        [
            59,
            18,
            2,
            31,
            77,
            63,
            88,
            2,
            38,
            93,
            28,
            70,
            50,
            80
        ],
        [
            33,
            23,
            13,
            79,
            20,
            53,
            55,
            63,
            10,
            0,
            18,
            14
        ],
        [
            34,
            63,
            35,
            19,
            10,
            37,
            26,
            79,
            84,
            3,
            34,
            89,
            42,
            29
        ],
        [
            86,
            7,
            83,
            79,
            4,
            55,
            59,
            51,
            77,
            17,
            8,
            49,
            48
        ]
    ],
    "matching": {
        "0": 2,
        "1": 4,
        "2": 3,
        "3": 0,
        "4": 4,
        "5": 0,
        "6": 3,
        "7": 0,
        "8": 3,
        "9": 3,
        "10": 2,
        "11": 4,
        "12": 3,
        "13": 3,
        "14": 4,
        "15": 3,
        "16": 1,
        "17": 0,
        "18": 3,
        "19": 3,
        "20": 3,
        "21": 2,
        "22": 2,
        "23": 4,
        "24": 1,
        "25": 3,
        "26": 3,
        "27": 4,
        "28": 4,
        "29": 3,
        "30": 1,
        "31": 3,
        "32": 4,
        "33": 1,
        "34": 0,
        "35": 4,
        "36": 1,
        "37": 0,
        "38": 0,
        "39": 2,
        "40": 4,
        "41": 4,
        "42": 4,
        "43": 2,
        "44": 4,
        "45": 4,
        "46": 2,
        "47": 2,
        "48": 3,
        "49": 2,
        "50": 0,
        "51": 1,
        "52": 2,
        "53": 0,
        "54": 4,
        "55": 1,
        "56": 4,
        "57": 4,
        "58": 3,
        "59": 0,
        "60": 1,
        "61": 3,
        "62": 4,
        "63": 4,
        "64": 1,
        "65": 4,
        "66": 1,
        "67": 0,
        "68": 3,
        "69": 3,
        "70": 0,
        "71": 0,
        "72": 3,
        "73": 0,
        "74": 4,
        "75": 2,
        "76": 4,
        "77": 4,
        "78": 2,
        "79": 3,
        "80": 4,
        "81": 3,
        "82": 2,
        "83": 4,
        "84": 3,
        "85": 3,
        "86": 1,
        "87": 1,
        "88": 1,
        "89": 4,
        "90": 3,
        "91": 1,
        "92": 2,
        "93": 0
    },
    "lower_bound": 60.0
}