{
    "node_types": [
        "invoice",
        "sku",
        "zone"
    ],
    "edge_types": [
        "('invoice', 'requires', 'sku')",
        "('sku', 'located_at', 'zone')",
        "('sku', 'rev_requires', 'invoice')",
        "('zone', 'rev_located_at', 'sku')"
    ],
    "num_invoices": 26,
    "num_sku": 69,
    "num_zone": 5,
    "invoices": [
        [
            9,
            50,
            58,
            42,
            45,
            34,
            64
        ],
        [
            48,
            49,
            41,
            59,
            41,
            21,
            45,
            40,
            6
        ],
        [
            67,
            40,
            33,
            66,
            58,
            15,
            52,
            31,
            27,
            21,
            9,
            10,
            37,
            15,
            62
        ],
        [
            9,
            17,
            18,
            39,
            52,
            55
        ],
        [
            7,
            45,
            48,
            50,
            10,
            46,
            66,
            3,
            21,
            27,
            20,
            26,
            41,
            58,
            36,
            44
        ],
        [
            65,
            30,
            42,
            51,
            0,
            63
        ],
        [
            68,
            20,
            64,
            24,
            54,
            34,
            22,
            14,
            61
        ],
        [
            55,
            35,
            62,
            47
        ],
        [
            32,
            13,
            11,
            4
        ],
        [
            46,
            17,
            26,
            35,
            58,
            43,
            44
        ],
        [
            36,
            44,
            67,
            46,
            40,
            57,
            14,
            61,
            18,
            47,
            34,
            2,
            44,
            59,
            3
        ],
        [
            66,
            6,
            51,
            2,
            57,
            21,
            38
        ],
        [
            25,
            52,
            36,
            13,
            25,
            36,
            0
        ],
        [
            47,
            11,
            24,
            19,
            33,
            32,
            39,
            60,
            52
        ],
        [
            6,
            35,
            37,
            22,
            68,
            27,
            50
        ],
        [
            56,
            57
        ],
        [
            41,
            0,
            24,
            24,
            59,
            65,
            12,
            8
        ],
        [
            38,
            51,
            8,
            60,
            23,
            53,
            18,
            67,
            22,
            63,
            17,
            56,
            50,
            46
        ],
        [
            7,
            1,
            29,
            25,
            1,
            39
        ],
        [
            55,
            48,
            49,
            35,
            31,
            54,
            5,
            11,
            61
        ],
        [
            65,
            19,
            23,
            12,
            2,
            53,
            3
        ],
        [
            33,
            4,
            30,
            1,
            29,
            30,
            28,
            14
        ],
        [
            43,
            6,
            20,
            18,
            14,
            5
        ],
        [
            66,
            48,
            54,
            9
        ],
        [
            15,
            16,
            25,
            28,
            54,
            49,
            3,
            68,
            16,
            40,
            32
        ],
        [
            63,
            16,
            42,
            7,
            11,
            22,
            64,
            32
        ]
    ],
    "matching": {
        "0": 4,
        "1": 3,
        "2": 1,
        "3": 0,
        "4": 3,
        "5": 1,
        "6": 3,
        "7": 0,
        "8": 0,
        "9": 4,
        "10": 2,
        "11": 2,
        "12": 2,
        "13": 0,
        "14": 2,
        "15": 0,
        "16": 3,
        "17": 2,
        "18": 2,
        "19": 0,
        "20": 1,
        "21": 3,
        "22": 1,
        "23": 4,
        "24": 4,
        "25": 2,
        "26": 2,
        "27": 1,
        "28": 4,
        "29": 3,
        "30": 1,
        "31": 1,
        "32": 3,
        "33": 3,
        "34": 0,
        "35": 3,
        "36": 1,
        "37": 3,
        "38": 0,
        "39": 3,
        "40": 2,
        "41": 0,
        "42": 4,
        "43": 3,
        "44": 3,
        "45": 4,
        "46": 4,
        "47": 0,
        "48": 4,
        "49": 4,
        "50": 1,
        "51": 2,
        "52": 4,
        "53": 2,
        "54": 2,
        "55": 3,
        "56": 3,
        "57": 0,
        "58": 0,
        "59": 4,
        "60": 0,
        "61": 3,
        "62": 0,
        "63": 2,
        "64": 1,
        "65": 3,
        "66": 0,
        "67": 4,
        "68": 2
    },
    "lower_bound": 60.0
}