{
    "node_types": [
        "invoice",
        "sku",
        "zone"
    ],
    "edge_types": [
        "('invoice', 'requires', 'sku')",
        "('sku', 'located_at', 'zone')",
        "('sku', 'rev_requires', 'invoice')",
        "('zone', 'rev_located_at', 'sku')"
    ],
    "num_invoices": 33,
    "num_sku": 55,
    "num_zone": 5,
    "invoices": [
        [
            43,
            40,
            48,
            13,
            31,
            36,
            46,
            0
        ],
        [
            4,
            13,
            35,
            54
        ],
        [
            40,
            14,
            29
        ],
        [
            30,
            8,
            53,
            39,
            50
        ],
        [
            43,
            15,
            21,
            35,
            8,
            32
        ],
        [
            21,
            20,
            52
        ],
        [
            25,
            45,
            27,
            23,
            43,
            12
        ],
        [
            28,
            42
        ],
        [
            32,
            16,
            39,
            24,
            6,
            12,
            27,
            42
        ],
        [
            45,
            8,
            33,
            17,
            34,
            22,
            8,
            16,
            12,
            26
        ],
        [
            52,
            53,
            41,
            37
        ],
        [
            17,
            5,
            33,
            3,
            35,
            24
        ],
        [
            40,
            50,
            51,
            4,
            30,
            51
        ],
        [
            26,
            20,
            17,
            2,
            7,
            38
        ],
        [
            22,
            45,
            47,
            7,
            15,
            45
        ],
        [
            18,
            28,
            35,
            31,
            49,
            39,
            21,
            38,
            37
        ],
        [
            49,
            14,
            2
        ],
        [
            18,
            27,
            48,
            0,
            30
        ],
        [
            5,
            38,
            31
        ],
        [
            19,
            54,
            2
        ],
        [
            1,
            38,
            44,
            11,
            24,
            19
        ],
        [
            36
        ],
        [
            51,
            26,
            9,
            10
        ],
        [
            19,
            10,
            30,
            33,
            31,
            6
        ],
        [
            53,
            47,
            44,
            32
        ],
        [
            16,
            3,
            1,
            10
        ],
        [
            50,
            11,
            25,
            9,
            53,
            47
        ],
        [
            16,
            50
        ],
        [
            10,
            46,
            29,
            41
        ],
        [
            26,
            3,
            51
        ],
        [
            24,
            13,
            29,
            20,
            19
        ],
        [
            23,
            2,
            17,
            34
        ],
        [
            36,
            29
        ]
    ],
    "matching": {
        "0": 0,
        "1": 1,
        "2": 1,
        "3": 4,
        "4": 4,
        "5": 0,
        "6": 2,
        "7": 0,
        "8": 2,
        "9": 2,
        "10": 1,
        "11": 4,
        "12": 2,
        "13": 4,
        "14": 2,
        "15": 3,
        "16": 4,
        "17": 1,
        "18": 3,
        "19": 4,
        "20": 3,
        "21": 0,
        "22": 4,
        "23": 0,
        "24": 0,
        "25": 1,
        "26": 1,
        "27": 2,
        "28": 3,
        "29": 2,
        "30": 3,
        "31": 2,
        "32": 4,
        "33": 3,
        "34": 3,
        "35": 2,
        "36": 3,
        "37": 3,
        "38": 4,
        "39": 2,
        "40": 4,
        "41": 2,
        "42": 1,
        "43": 3,
        "44": 0,
        "45": 4,
        "46": 2,
        "47": 2,
        "48": 4,
        "49": 1,
        "50": 2,
        "51": 2,
        "52": 0,
        "53": 3,
        "54": 3
    },
    "lower_bound": 42.0
}