{
    "node_types": [
        "invoice",
        "sku",
        "zone"
    ],
    "edge_types": [
        "('invoice', 'requires', 'sku')",
        "('sku', 'located_at', 'zone')",
        "('sku', 'rev_requires', 'invoice')",
        "('zone', 'rev_located_at', 'sku')"
    ],
    "num_invoices": 29,
    "num_sku": 60,
    "num_zone": 5,
    "invoices": [
        [
            59,
            24,
            58
        ],
        [
            0,
            37,
            17,
            44,
            54
        ],
        [
            49,
            22
        ],
        [
            42,
            39,
            54,
            51,
            38,
            4
        ],
        [
            41,
            38,
            32,
            46,
            31,
            46,
            20,
            46,
            12
        ],
        [
            3,
            29,
            27,
            36,
            0,
            32
        ],
        [
            43,
            34,
            12
        ],
        [
            48,
            19,
            39,
            47,
            57,
            4,
            5,
            14,
            27
        ],
        [
            9,
            9,
            19
        ],
        [
            49,
            4,
            12,
            15,
            45,
            52,
            30
        ],
        [
            33,
            59,
            2,
            56,
            25,
            31
        ],
        [
            48,
            3,
            51,
            58,
            8,
            20
        ],
        [
            7,
            59,
            29,
            42,
            37,
            26,
            16
        ],
        [
            30,
            25,
            36,
            53,
            39,
            14,
            2
        ],
        [
            35,
            51,
            6,
            11,
            8,
            25,
            17,
            59
        ],
        [
            11,
            40,
            9,
            0,
            56
        ],
        [
            10,
            0,
            2,
            26,
            23
        ],
        [
            47,
            55,
            37,
            21,
            24,
            48,
            8,
            30
        ],
        [
            55,
            57,
            18,
            1,
            57,
            25
        ],
        [
            57,
            41,
            28,
            40,
            15
        ],
        [
            5,
            47,
            41,
            16,
            34,
            33,
            22,
            1,
            6
        ],
        [
            6,
            48,
            7,
            8,
            13,
            2,
            56
        ],
        [
            23,
            14,
            50,
            56,
            32,
            18,
            55,
            17
        ],
        [
            10,
            35,
            18,
            39,
            31,
            34
        ],
        [
            13,
            28,
            38,
            4,
            53,
            9,
            5,
            58,
            43,
            21
        ],
        [
            31,
            44,
            7,
            38,
            45,
            51,
            26,
            3,
            17,
            20
        ],
        [
            43,
            3
        ],
        [
            10,
            55,
            18,
            49,
            44,
            5,
            52,
            26,
            42
        ],
        [
            50,
            35
        ]
    ],
    "matching": {
        "0": 1,
        "1": 4,
        "2": 4,
        "3": 3,
        "4": 3,
        "5": 1,
        "6": 3,
        "7": 4,
        "8": 3,
        "9": 0,
        "10": 3,
        "11": 3,
        "12": 0,
        "13": 0,
        "14": 3,
        "15": 0,
        "16": 4,
        "17": 0,
        "18": 2,
        "19": 2,
        "20": 2,
        "21": 3,
        "22": 3,
        "23": 1,
        "24": 4,
        "25": 2,
        "26": 4,
        "27": 4,
        "28": 1,
        "29": 4,
        "30": 2,
        "31": 3,
        "32": 4,
        "33": 0,
        "34": 2,
        "35": 2,
        "36": 4,
        "37": 1,
        "38": 4,
        "39": 3,
        "40": 4,
        "41": 4,
        "42": 2,
        "43": 4,
        "44": 3,
        "45": 3,
        "46": 3,
        "47": 1,
        "48": 4,
        "49": 3,
        "50": 4,
        "51": 0,
        "52": 1,
        "53": 1,
        "54": 2,
        "55": 2,
        "56": 3,
        "57": 3,
        "58": 1,
        "59": 3
    },
    "lower_bound": 42.0
}