{
    "node_types": [
        "invoice",
        "sku",
        "zone"
    ],
    "edge_types": [
        "('invoice', 'requires', 'sku')",
        "('sku', 'located_at', 'zone')",
        "('sku', 'rev_requires', 'invoice')",
        "('zone', 'rev_located_at', 'sku')"
    ],
    "num_invoices": 34,
    "num_sku": 66,
    "num_zone": 5,
    "invoices": [
        [
            51,
            37,
            30,
            36,
            3,
            36,
            12,
            64,
            60
        ],
        [
            15,
            52,
            34,
            46,
            21,
            7,
            62
        ],
        [
            24,
            45,
            4,
            20,
            5,
            10,
            15
        ],
        [
            9,
            6
        ],
        [
            31,
            30,
            56,
            40
        ],
        [
            2,
            61,
            18,
            64,
            27
        ],
        [
            25,
            50,
            14,
            35,
            12
        ],
        [
            33,
            32,
            1,
            44,
            32,
            55,
            44
        ],
        [
            33,
            29,
            36,
            45,
            13,
            41
        ],
        [
            0,
            57,
            38,
            63,
            61,
            26
        ],
        [
            11,
            48,
            57,
            30,
            49,
            25,
            50,
            10
        ],
        [
            62,
            47,
            38,
            7
        ],
        [
            53,
            50,
            58,
            16,
            21
        ],
        [
            9,
            26,
            35,
            29,
            6,
            58,
            54,
            24,
            26
        ],
        [
            32,
            23,
            22,
            52
        ],
        [
            5,
            51,
            42,
            12,
            13,
            7,
            4,
            64,
            37
        ],
        [
            59,
            10,
            3,
            64,
            19,
            45,
            55
        ],
        [
            33,
            31,
            52,
            8
        ],
        [
            2,
            1,
            42,
            55,
            17,
            12,
            41,
            31
        ],
        [
            0,
            39,
            13,
            8
        ],
        [
            54,
            14,
            19,
            28
        ],
        [
            35,
            54,
            63
        ],
        [
            39,
            11,
            44,
            22,
            27,
            59,
            55,
            27,
            63,
            56
        ],
        [
            28,
            39,
            34
        ],
        [
            24,
            50,
            34,
            13,
            65
        ],
        [
            51,
            42,
            61,
            43,
            48,
            7,
            45,
            2,
            49,
            16
        ],
        [
            46,
            43,
            51,
            1,
            63,
            29
        ],
        [
            32,
            16,
            27,
            47,
            20,
            3
        ],
        [
            47
        ],
        [
            23,
            56,
            62
        ],
        [
            60,
            23,
            19
        ],
        [
            25,
            17,
            48
        ],
        [
            25,
            33,
            34,
            20,
            21,
            65,
            10
        ],
        [
            3,
            53,
            44,
            18,
            48,
            17,
            40
        ]
    ],
    "matching": {
        "0": 3,
        "1": 2,
        "2": 0,
        "3": 4,
        "4": 4,
        "5": 0,
        "6": 0,
        "7": 3,
        "8": 1,
        "9": 4,
        "10": 1,
        "11": 3,
        "12": 1,
        "13": 0,
        "14": 2,
        "15": 0,
        "16": 0,
        "17": 2,
        "18": 1,
        "19": 4,
        "20": 4,
        "21": 2,
        "22": 1,
        "23": 2,
        "24": 1,
        "25": 0,
        "26": 0,
        "27": 0,
        "28": 1,
        "29": 3,
        "30": 2,
        "31": 4,
        "32": 0,
        "33": 3,
        "34": 0,
        "35": 4,
        "36": 0,
        "37": 2,
        "38": 0,
        "39": 0,
        "40": 2,
        "41": 0,
        "42": 0,
        "43": 0,
        "44": 1,
        "45": 2,
        "46": 0,
        "47": 2,
        "48": 3,
        "49": 0,
        "50": 4,
        "51": 0,
        "52": 1,
        "53": 1,
        "54": 3,
        "55": 3,
        "56": 0,
        "57": 2,
        "58": 2,
        "59": 0,
        "60": 2,
        "61": 0,
        "62": 1,
        "63": 2,
        "64": 4,
        "65": 0
    },
    "lower_bound": 42.0
}