{
    "node_types": [
        "invoice",
        "sku",
        "zone"
    ],
    "edge_types": [
        "('invoice', 'requires', 'sku')",
        "('sku', 'located_at', 'zone')",
        "('sku', 'rev_requires', 'invoice')",
        "('zone', 'rev_located_at', 'sku')"
    ],
    "num_invoices": 28,
    "num_sku": 67,
    "num_zone": 5,
    "invoices": [
        [
            53,
            58,
            25,
            63,
            25,
            46
        ],
        [
            3,
            51,
            42,
            63,
            36
        ],
        [
            39,
            12,
            22,
            23,
            52
        ],
        [
            30,
            19,
            26,
            54,
            42,
            38
        ],
        [
            0,
            43,
            50,
            16,
            37,
            44
        ],
        [
            41,
            39,
            45,
            40,
            66,
            4,
            14,
            50,
            65,
            9,
            38
        ],
        [
            51,
            28,
            62
        ],
        [
            33,
            54,
            47,
            26,
            18,
            6,
            48,
            9,
            21
        ],
        [
            33,
            42,
            53,
            26
        ],
        [
            5,
            2,
            29,
            46,
            51,
            24,
            2,
            58,
            64,
            44,
            45,
            17,
            12
        ],
        [
            24,
            36,
            62,
            30,
            27,
            56,
            41,
            18,
            13
        ],
        [
            34,
            0,
            20,
            59,
            5,
            55
        ],
        [
            43,
            11,
            1,
            19,
            14
        ],
        [
            36,
            1,
            25,
            10,
            60,
            29
        ],
        [
            28,
            27,
            49,
            6,
            48,
            16,
            56,
            59,
            23
        ],
        [
            15,
            64,
            48,
            7,
            38
        ],
        [
            8,
            53,
            4,
            35,
            43,
            44,
            18,
            65,
            31,
            28,
            52
        ],
        [
            18,
            61,
            66,
            57,
            20,
            2
        ],
        [
            22,
            33,
            37,
            55,
            31,
            6,
            26,
            49
        ],
        [
            15,
            24,
            61,
            56,
            47
        ],
        [
            62,
            52,
            43,
            32,
            60,
            28,
            12,
            34
        ],
        [
            34,
            9,
            59,
            40,
            39,
            22,
            4,
            14,
            35,
            34,
            56,
            31,
            49
        ],
        [
            64,
            15,
            17,
            15,
            57
        ],
        [
            10,
            20,
            33,
            35,
            3,
            7,
            9,
            29,
            3,
            52
        ],
        [
            11,
            32,
            21,
            55,
            4,
            20,
            58,
            5
        ],
        [
            47,
            64,
            62,
            13,
            3,
            57,
            19,
            0
        ],
        [
            10,
            63,
            61,
            48
        ],
        [
            14,
            0,
            53,
            19,
            65,
            60,
            6,
            35,
            8
        ]
    ],
    "matching": {
        "0": 4,
        "1": 1,
        "2": 3,
        "3": 0,
        "4": 0,
        "5": 3,
        "6": 2,
        "7": 2,
        "8": 2,
        "9": 3,
        "10": 4,
        "11": 2,
        "12": 1,
        "13": 3,
        "14": 2,
        "15": 0,
        "16": 4,
        "17": 0,
        "18": 3,
        "19": 4,
        "20": 4,
        "21": 3,
        "22": 3,
        "23": 4,
        "24": 2,
        "25": 1,
        "26": 3,
        "27": 3,
        "28": 3,
        "29": 2,
        "30": 0,
        "31": 4,
        "32": 3,
        "33": 0,
        "34": 3,
        "35": 2,
        "36": 0,
        "37": 3,
        "38": 2,
        "39": 0,
        "40": 1,
        "41": 1,
        "42": 0,
        "43": 0,
        "44": 4,
        "45": 3,
        "46": 2,
        "47": 3,
        "48": 0,
        "49": 3,
        "50": 4,
        "51": 0,
        "52": 2,
        "53": 3,
        "54": 1,
        "55": 1,
        "56": 2,
        "57": 3,
        "58": 4,
        "59": 4,
        "60": 3,
        "61": 4,
        "62": 4,
        "63": 1,
        "64": 2,
        "65": 1,
        "66": 3
    },
    "lower_bound": 51.0
}