{
    "node_types": [
        "invoice",
        "sku",
        "zone"
    ],
    "edge_types": [
        "('invoice', 'requires', 'sku')",
        "('sku', 'located_at', 'zone')",
        "('sku', 'rev_requires', 'invoice')",
        "('zone', 'rev_located_at', 'sku')"
    ],
    "num_invoices": 31,
    "num_sku": 83,
    "num_zone": 5,
    "invoices": [
        [
            33,
            51,
            72,
            74,
            27,
            56
        ],
        [
            38,
            64,
            15,
            45,
            79,
            42
        ],
        [
            64,
            15,
            44,
            38,
            43,
            64,
            56,
            38
        ],
        [
            16,
            77,
            6,
            4,
            59,
            57
        ],
        [
            31,
            0,
            73,
            53,
            25,
            67,
            29,
            50,
            28,
            4,
            59,
            68
        ],
        [
            38,
            25,
            1,
            42,
            63,
            1,
            67,
            74,
            7
        ],
        [
            2,
            8,
            14,
            6,
            70,
            80,
            36,
            29,
            19,
            39
        ],
        [
            67,
            59,
            18,
            54,
            58,
            66,
            7,
            21
        ],
        [
            43,
            48,
            34
        ],
        [
            43,
            73,
            56,
            55,
            17,
            9,
            69,
            23,
            15,
            52,
            42
        ],
        [
            28,
            12,
            81,
            78
        ],
        [
            74,
            74,
            70,
            49,
            35,
            50,
            34
        ],
        [
            78,
            10,
            4,
            35,
            37,
            82,
            67,
            24,
            56,
            19,
            46,
            13,
            81,
            27
        ],
        [
            50,
            63,
            71,
            18
        ],
        [
            43,
            30,
            3,
            30,
            26,
            61,
            39,
            14,
            72
        ],
        [
            25,
            41,
            80,
            17
        ],
        [
            54,
            58,
            39,
            27,
            69,
            66,
            76,
            20,
            58
        ],
        [
            33,
            10,
            8,
            75,
            76,
            36
        ],
        [
            60,
            12,
            69,
            44,
            20,
            62
        ],
        [
            11,
            12,
            50,
            65,
            30,
            1,
            3,
            20,
            14
        ],
        [
            22,
            22,
            47,
            57,
            40,
            73,
            68
        ],
        [
            23,
            6,
            57,
            41,
            41,
            5,
            63,
            76,
            81,
            46,
            48,
            55
        ],
        [
            2,
            51,
            80,
            13,
            21,
            26,
            82
        ],
        [
            14,
            42,
            51,
            78,
            25,
            46,
            11,
            82
        ],
        [
            57,
            9,
            71,
            20,
            62,
            78,
            22,
            49,
            23
        ],
        [
            21,
            52,
            24,
            45,
            21,
            22,
            65
        ],
        [
            60,
            31,
            32,
            9,
            58,
            63,
            55
        ],
        [
            33,
            34,
            1,
            33,
            75,
            75,
            40,
            37,
            53,
            41,
            77,
            76,
            26
        ],
        [
            27,
            26,
            7,
            45,
            80,
            61
        ],
        [
            40,
            0,
            16,
            66,
            32,
            65,
            24,
            65,
            5
        ],
        [
            53,
            47,
            61,
            49,
            68,
            8,
            79,
            66,
            17,
            16,
            2
        ]
    ],
    "matching": {
        "0": 3,
        "1": 4,
        "2": 4,
        "3": 1,
        "4": 0,
        "5": 0,
        "6": 2,
        "7": 2,
        "8": 4,
        "9": 3,
        "10": 4,
        "11": 1,
        "12": 2,
        "13": 4,
        "14": 2,
        "15": 2,
        "16": 4,
        "17": 1,
        "18": 4,
        "19": 4,
        "20": 3,
        "21": 0,
        "22": 4,
        "23": 2,
        "24": 1,
        "25": 4,
        "26": 3,
        "27": 2,
        "28": 1,
        "29": 4,
        "30": 2,
        "31": 4,
        "32": 0,
        "33": 1,
        "34": 3,
        "35": 3,
        "36": 2,
        "37": 3,
        "38": 2,
        "39": 4,
        "40": 3,
        "41": 2,
        "42": 3,
        "43": 3,
        "44": 1,
        "45": 1,
        "46": 3,
        "47": 2,
        "48": 2,
        "49": 2,
        "50": 0,
        "51": 1,
        "52": 4,
        "53": 3,
        "54": 1,
        "55": 1,
        "56": 0,
        "57": 0,
        "58": 3,
        "59": 4,
        "60": 2,
        "61": 1,
        "62": 2,
        "63": 1,
        "64": 0,
        "65": 2,
        "66": 2,
        "67": 0,
        "68": 4,
        "69": 2,
        "70": 3,
        "71": 1,
        "72": 2,
        "73": 1,
        "74": 2,
        "75": 0,
        "76": 1,
        "77": 4,
        "78": 2,
        "79": 3,
        "80": 0,
        "81": 0,
        "82": 4
    },
    "lower_bound": 54.0
}