{
    "node_types": [
        "invoice",
        "sku",
        "zone"
    ],
    "edge_types": [
        "('invoice', 'requires', 'sku')",
        "('sku', 'located_at', 'zone')",
        "('sku', 'rev_requires', 'invoice')",
        "('zone', 'rev_located_at', 'sku')"
    ],
    "num_invoices": 34,
    "num_sku": 66,
    "num_zone": 5,
    "invoices": [
        [
            37,
            9,
            31
        ],
        [
            59
        ],
        [
            23,
            16,
            22,
            49,
            38,
            18,
            26
        ],
        [
            27,
            42,
            65,
            38,
            32,
            3,
            55
        ],
        [
            44,
            5,
            39,
            64,
            58,
            16,
            50,
            21,
            4
        ],
        [
            25,
            27,
            64,
            6,
            16,
            9
        ],
        [
            24,
            60,
            24,
            64,
            54,
            57
        ],
        [
            47,
            59,
            28,
            42
        ],
        [
            10,
            45,
            58,
            59,
            22,
            33,
            60
        ],
        [
            34,
            15,
            43,
            50,
            51
        ],
        [
            53,
            40,
            21,
            20,
            24,
            54,
            7,
            7
        ],
        [
            19,
            28,
            57,
            46,
            23
        ],
        [
            29,
            42,
            57,
            22,
            2,
            58,
            42,
            51,
            61,
            15
        ],
        [
            52,
            57,
            14,
            50,
            8,
            7
        ],
        [
            3,
            6,
            14,
            14,
            35
        ],
        [
            60,
            48,
            5,
            12,
            25,
            12
        ],
        [
            9,
            49,
            47,
            11,
            2,
            11
        ],
        [
            18,
            20,
            36,
            4,
            11,
            31,
            30,
            64
        ],
        [
            37,
            63,
            63,
            34,
            10,
            53
        ],
        [
            40,
            48,
            45,
            65
        ],
        [
            1,
            7,
            44
        ],
        [
            37,
            36,
            55,
            43,
            21,
            11
        ],
        [
            48,
            2,
            9,
            14
        ],
        [
            44,
            19,
            5,
            41,
            40,
            47
        ],
        [
            0,
            62,
            56,
            13,
            45,
            12,
            0,
            59,
            52
        ],
        [
            10,
            46,
            12,
            0,
            31
        ],
        [
            49,
            8,
            17,
            41,
            55,
            17,
            23,
            1
        ],
        [
            17,
            37,
            8,
            23,
            8,
            63,
            10,
            50
        ],
        [
            56,
            22,
            32,
            1
        ],
        [
            18,
            38,
            35,
            29,
            13,
            17
        ],
        [
            63,
            61,
            41
        ],
        [
            1,
            20
        ],
        [
            33,
            30,
            26,
            32,
            39,
            27
        ],
        [
            38,
            58,
            5,
            41,
            65,
            62,
            47
        ]
    ],
    "matching": {
        "0": 2,
        "1": 3,
        "2": 1,
        "3": 2,
        "4": 1,
        "5": 1,
        "6": 1,
        "7": 3,
        "8": 1,
        "9": 4,
        "10": 4,
        "11": 2,
        "12": 0,
        "13": 3,
        "14": 4,
        "15": 2,
        "16": 3,
        "17": 2,
        "18": 1,
        "19": 0,
        "20": 3,
        "21": 0,
        "22": 4,
        "23": 2,
        "24": 2,
        "25": 4,
        "26": 3,
        "27": 2,
        "28": 3,
        "29": 0,
        "30": 3,
        "31": 2,
        "32": 3,
        "33": 4,
        "34": 3,
        "35": 1,
        "36": 1,
        "37": 1,
        "38": 2,
        "39": 4,
        "40": 0,
        "41": 1,
        "42": 2,
        "43": 0,
        "44": 0,
        "45": 1,
        "46": 3,
        "47": 2,
        "48": 4,
        "49": 1,
        "50": 1,
        "51": 0,
        "52": 2,
        "53": 2,
        "54": 3,
        "55": 0,
        "56": 1,
        "57": 0,
        "58": 2,
        "59": 0,
        "60": 1,
        "61": 1,
        "62": 0,
        "63": 3,
        "64": 2,
        "65": 3
    },
    "lower_bound": 42.0
}