{
    "node_types": [
        "invoice",
        "sku",
        "zone"
    ],
    "edge_types": [
        "('invoice', 'requires', 'sku')",
        "('sku', 'located_at', 'zone')",
        "('sku', 'rev_requires', 'invoice')",
        "('zone', 'rev_located_at', 'sku')"
    ],
    "num_invoices": 33,
    "num_sku": 50,
    "num_zone": 5,
    "invoices": [
        [
            29,
            32,
            41,
            3,
            4
        ],
        [
            18,
            15
        ],
        [
            15,
            18,
            27,
            39
        ],
        [
            9,
            20,
            37,
            7,
            1,
            35,
            27
        ],
        [
            40,
            32,
            48,
            45
        ],
        [
            19,
            42,
            29,
            8,
            41,
            7
        ],
        [
            27,
            9,
            22,
            15,
            34,
            5,
            24,
            0
        ],
        [
            21,
            30,
            33,
            19,
            38,
            49,
            20,
            46
        ],
        [
            17,
            34,
            22,
            12
        ],
        [],
        [
            17,
            29,
            41,
            4
        ],
        [
            3,
            16,
            35,
            23,
            2,
            6
        ],
        [
            23,
            15,
            42,
            47,
            14,
            49
        ],
        [
            23,
            12,
            14
        ],
        [
            30,
            24,
            0,
            28,
            18
        ],
        [
            13,
            48,
            26,
            8,
            25
        ],
        [
            10,
            30,
            31
        ],
        [
            34,
            46,
            6,
            40,
            21,
            31,
            1,
            2,
            3,
            31,
            35
        ],
        [
            3,
            5,
            41,
            14,
            22
        ],
        [
            44
        ],
        [
            26,
            33,
            1
        ],
        [
            0,
            25,
            45,
            11,
            13,
            25
        ],
        [
            0,
            16,
            4,
            48,
            38
        ],
        [
            36,
            36,
            22,
            26,
            33,
            7
        ],
        [
            32,
            42,
            13,
            24,
            33
        ],
        [
            39,
            1,
            43,
            11,
            23,
            4
        ],
        [
            34,
            47,
            37,
            30,
            27,
            6,
            6
        ],
        [
            25,
            46
        ],
        [
            44,
            19,
            20,
            18,
            43
        ],
        [
            49,
            5,
            44,
            10
        ],
        [
            28,
            29
        ],
        [
            21,
            13
        ],
        [
            40,
            48,
            19,
            26,
            9
        ]
    ],
    "matching": {
        "0": 1,
        "1": 4,
        "2": 4,
        "3": 0,
        "4": 4,
        "5": 3,
        "6": 1,
        "7": 3,
        "8": 4,
        "9": 2,
        "10": 1,
        "11": 1,
        "12": 4,
        "13": 2,
        "14": 1,
        "15": 4,
        "16": 3,
        "17": 2,
        "18": 3,
        "19": 1,
        "20": 2,
        "21": 4,
        "22": 2,
        "23": 0,
        "24": 3,
        "25": 4,
        "26": 4,
        "27": 2,
        "28": 4,
        "29": 2,
        "30": 2,
        "31": 4,
        "32": 0,
        "33": 3,
        "34": 4,
        "35": 0,
        "36": 2,
        "37": 3,
        "38": 2,
        "39": 2,
        "40": 4,
        "41": 0,
        "42": 3,
        "43": 3,
        "44": 1,
        "45": 2,
        "46": 2,
        "47": 4,
        "48": 2,
        "49": 4
    },
    "lower_bound": 45.0
}