{
    "node_types": [
        "invoice",
        "sku",
        "zone"
    ],
    "edge_types": [
        "('invoice', 'requires', 'sku')",
        "('sku', 'located_at', 'zone')",
        "('sku', 'rev_requires', 'invoice')",
        "('zone', 'rev_located_at', 'sku')"
    ],
    "num_invoices": 26,
    "num_sku": 57,
    "num_zone": 5,
    "invoices": [
        [
            36,
            55,
            55,
            8,
            33,
            28,
            12
        ],
        [
            35,
            3,
            25,
            4,
            41,
            14,
            54,
            6,
            54,
            28
        ],
        [
            12,
            28
        ],
        [
            27,
            39,
            9,
            5,
            36,
            32,
            25
        ],
        [
            23,
            37,
            21,
            43,
            22,
            20,
            39,
            9
        ],
        [
            4,
            45,
            12,
            38,
            40,
            48
        ],
        [
            50,
            46,
            27,
            29,
            19
        ],
        [
            47,
            9,
            30,
            50,
            23,
            19,
            26
        ],
        [
            6,
            2,
            56,
            43,
            54,
            34,
            3,
            37,
            3,
            3,
            17,
            14
        ],
        [
            48,
            43,
            34,
            18,
            26,
            21,
            38,
            14
        ],
        [
            40,
            0,
            29,
            41,
            5,
            46,
            51,
            43,
            30
        ],
        [
            7,
            17,
            31,
            13
        ],
        [
            23,
            34,
            52,
            24,
            22
        ],
        [
            33,
            1,
            19,
            42,
            40,
            15
        ],
        [
            22,
            17,
            11,
            11,
            36,
            49,
            39
        ],
        [
            18,
            42,
            2,
            38,
            42,
            4,
            56,
            53
        ],
        [
            35,
            40,
            44,
            24,
            0,
            44,
            55,
            10,
            32
        ],
        [
            15,
            46
        ],
        [
            44,
            47,
            1,
            18,
            0,
            50
        ],
        [
            31,
            5,
            29
        ],
        [
            11,
            16,
            49,
            27,
            20,
            13
        ],
        [
            8,
            38,
            14,
            27,
            48,
            4
        ],
        [
            21,
            21,
            10,
            50,
            11
        ],
        [
            34,
            18,
            7,
            45,
            54,
            52,
            24,
            47
        ],
        [
            53,
            52,
            10,
            6,
            31,
            10,
            48,
            35,
            53,
            12
        ],
        [
            25,
            37,
            16,
            32,
            2,
            51,
            26,
            17,
            44,
            5
        ]
    ],
    "matching": {
        "0": 2,
        "1": 1,
        "2": 1,
        "3": 0,
        "4": 1,
        "5": 2,
        "6": 0,
        "7": 0,
        "8": 3,
        "9": 0,
        "10": 4,
        "11": 0,
        "12": 1,
        "13": 1,
        "14": 1,
        "15": 1,
        "16": 4,
        "17": 3,
        "18": 1,
        "19": 2,
        "20": 3,
        "21": 3,
        "22": 2,
        "23": 4,
        "24": 4,
        "25": 0,
        "26": 2,
        "27": 4,
        "28": 0,
        "29": 1,
        "30": 1,
        "31": 2,
        "32": 3,
        "33": 2,
        "34": 4,
        "35": 4,
        "36": 2,
        "37": 1,
        "38": 3,
        "39": 2,
        "40": 1,
        "41": 0,
        "42": 3,
        "43": 0,
        "44": 0,
        "45": 2,
        "46": 0,
        "47": 1,
        "48": 3,
        "49": 2,
        "50": 4,
        "51": 3,
        "52": 4,
        "53": 2,
        "54": 3,
        "55": 0,
        "56": 3
    },
    "lower_bound": 48.0
}