{
    "node_types": [
        "invoice",
        "sku",
        "zone"
    ],
    "edge_types": [
        "('invoice', 'requires', 'sku')",
        "('sku', 'located_at', 'zone')",
        "('sku', 'rev_requires', 'invoice')",
        "('zone', 'rev_located_at', 'sku')"
    ],
    "num_invoices": 31,
    "num_sku": 81,
    "num_zone": 5,
    "invoices": [
        [
            52,
            31,
            9,
            69,
            39,
            77,
            55,
            73,
            44,
            65
        ],
        [
            11,
            15,
            6,
            44,
            32,
            21,
            17,
            76,
            31,
            60
        ],
        [
            39,
            36,
            28,
            57,
            63,
            45,
            32,
            26,
            70,
            32,
            12
        ],
        [
            5,
            29,
            70,
            35,
            1,
            28,
            39,
            58,
            56
        ],
        [
            57,
            44,
            9,
            55,
            73,
            49,
            65
        ],
        [
            12,
            30,
            54,
            76,
            68,
            80,
            61,
            34,
            34,
            8,
            74
        ],
        [
            64,
            62,
            51,
            14,
            32,
            5
        ],
        [
            26,
            10,
            34,
            43,
            16,
            20,
            80,
            29,
            79
        ],
        [
            52,
            1,
            1,
            18,
            58,
            71,
            68,
            35,
            27,
            12
        ],
        [
            75,
            66,
            10,
            74
        ],
        [
            33,
            8,
            42,
            19,
            77,
            17,
            70,
            22,
            75,
            24,
            2,
            37,
            71
        ],
        [
            2,
            48,
            14,
            63,
            55,
            30
        ],
        [
            36,
            57,
            60,
            30,
            21,
            49,
            37,
            23,
            29
        ],
        [
            50,
            67,
            19,
            38,
            41,
            62
        ],
        [
            78,
            11,
            18,
            57,
            54,
            80,
            16
        ],
        [
            48,
            48,
            0,
            15
        ],
        [
            33,
            14,
            40,
            62,
            22,
            50,
            39,
            3,
            65,
            24
        ],
        [
            48,
            30,
            24,
            15,
            73,
            47,
            12
        ],
        [
            7,
            36,
            72,
            4,
            43
        ],
        [
            66,
            72,
            19,
            62,
            55,
            20
        ],
        [
            76,
            41,
            56,
            53,
            72,
            8,
            4,
            2,
            66,
            46,
            22,
            6
        ],
        [
            22,
            53,
            25,
            45,
            37,
            46,
            10,
            59,
            64,
            5,
            79
        ],
        [
            35,
            33,
            28,
            67,
            27,
            35,
            21
        ],
        [
            20,
            0,
            28,
            40,
            27,
            15,
            33
        ],
        [
            3,
            18,
            68,
            23,
            38,
            41,
            70,
            7,
            25,
            78,
            42,
            41,
            38
        ],
        [
            2,
            59,
            16,
            24,
            9,
            61
        ],
        [
            17,
            50,
            65
        ],
        [
            74,
            13,
            51,
            6,
            75
        ],
        [
            76,
            49,
            44,
            6,
            54,
            11,
            13
        ],
        [
            69,
            47,
            61,
            5,
            17,
            72,
            74,
            27,
            47
        ],
        [
            8,
            43,
            60,
            59,
            21,
            29,
            13,
            38,
            49
        ]
    ],
    "matching": {
        "0": 1,
        "1": 0,
        "2": 1,
        "3": 0,
        "4": 2,
        "5": 2,
        "6": 3,
        "7": 1,
        "8": 2,
        "9": 4,
        "10": 1,
        "11": 2,
        "12": 4,
        "13": 1,
        "14": 4,
        "15": 3,
        "16": 4,
        "17": 4,
        "18": 1,
        "19": 0,
        "20": 1,
        "21": 4,
        "22": 0,
        "23": 1,
        "24": 3,
        "25": 4,
        "26": 2,
        "27": 1,
        "28": 2,
        "29": 4,
        "30": 3,
        "31": 1,
        "32": 1,
        "33": 3,
        "34": 0,
        "35": 0,
        "36": 1,
        "37": 3,
        "38": 0,
        "39": 4,
        "40": 3,
        "41": 0,
        "42": 4,
        "43": 1,
        "44": 0,
        "45": 4,
        "46": 4,
        "47": 0,
        "48": 3,
        "49": 0,
        "50": 0,
        "51": 2,
        "52": 0,
        "53": 0,
        "54": 1,
        "55": 0,
        "56": 0,
        "57": 0,
        "58": 0,
        "59": 1,
        "60": 2,
        "61": 2,
        "62": 0,
        "63": 4,
        "64": 3,
        "65": 0,
        "66": 3,
        "67": 1,
        "68": 3,
        "69": 3,
        "70": 2,
        "71": 0,
        "72": 0,
        "73": 2,
        "74": 0,
        "75": 4,
        "76": 1,
        "77": 4,
        "78": 1,
        "79": 4,
        "80": 1
    },
    "lower_bound": 51.0
}