{
    "node_types": [
        "invoice",
        "sku",
        "zone"
    ],
    "edge_types": [
        "('invoice', 'requires', 'sku')",
        "('sku', 'located_at', 'zone')",
        "('sku', 'rev_requires', 'invoice')",
        "('zone', 'rev_located_at', 'sku')"
    ],
    "num_invoices": 27,
    "num_sku": 77,
    "num_zone": 5,
    "invoices": [
        [
            15,
            10,
            19,
            51,
            7
        ],
        [
            67,
            36,
            69,
            50,
            43,
            34,
            70,
            64,
            47,
            6
        ],
        [
            44,
            45,
            7,
            48,
            75,
            26,
            43,
            14
        ],
        [
            56,
            37,
            2,
            55,
            44,
            50,
            31
        ],
        [
            40,
            13,
            10,
            42
        ],
        [
            41,
            6,
            74,
            20,
            18,
            16
        ],
        [
            24,
            61,
            27,
            19,
            20,
            58,
            52,
            37,
            20,
            10,
            55,
            12,
            38,
            5
        ],
        [
            13,
            73,
            76,
            53,
            32,
            60,
            72,
            49
        ],
        [
            24,
            70,
            48,
            41,
            19,
            24,
            63
        ],
        [
            23,
            65,
            1,
            18,
            33,
            56,
            41,
            63,
            64
        ],
        [
            28,
            50,
            10,
            59,
            38,
            57,
            75,
            42
        ],
        [
            14,
            72,
            22,
            31,
            67,
            43,
            31,
            21,
            2,
            60,
            5
        ],
        [
            23,
            34,
            37,
            65,
            25,
            51,
            29
        ],
        [
            18,
            9,
            40,
            75,
            12,
            13,
            25,
            46,
            30,
            18,
            55,
            30,
            54,
            17,
            32,
            61,
            9
        ],
        [
            52,
            8,
            51,
            71,
            72,
            42,
            44,
            25
        ],
        [
            73,
            21,
            26,
            62
        ],
        [
            36,
            27,
            40,
            71
        ],
        [
            61,
            55,
            53,
            32,
            65,
            64,
            16
        ],
        [
            45,
            11,
            62,
            68,
            39,
            68
        ],
        [
            19,
            3,
            22,
            12,
            15,
            66
        ],
        [
            4,
            51,
            76,
            45,
            3,
            22,
            21,
            1,
            57,
            14,
            17,
            39,
            11,
            28
        ],
        [
            33,
            29,
            33,
            46,
            50,
            0,
            3,
            69,
            35
        ],
        [
            14,
            13,
            12,
            66,
            54
        ],
        [
            47,
            24,
            56,
            49,
            44,
            58,
            16,
            23,
            8,
            6,
            21,
            74
        ],
        [
            23,
            54,
            32,
            56,
            63
        ],
        [
            11,
            59,
            35,
            54
        ],
        [
            26,
            7,
            63,
            4,
            3,
            25,
            7,
            0,
            59,
            37,
            29
        ]
    ],
    "matching": {
        "0": 4,
        "1": 4,
        "2": 0,
        "3": 1,
        "4": 4,
        "5": 4,
        "6": 0,
        "7": 4,
        "8": 3,
        "9": 0,
        "10": 0,
        "11": 4,
        "12": 0,
        "13": 2,
        "14": 3,
        "15": 0,
        "16": 0,
        "17": 0,
        "18": 0,
        "19": 1,
        "20": 3,
        "21": 1,
        "22": 2,
        "23": 3,
        "24": 0,
        "25": 2,
        "26": 3,
        "27": 3,
        "28": 0,
        "29": 2,
        "30": 3,
        "31": 2,
        "32": 4,
        "33": 1,
        "34": 0,
        "35": 2,
        "36": 2,
        "37": 3,
        "38": 1,
        "39": 1,
        "40": 1,
        "41": 2,
        "42": 3,
        "43": 0,
        "44": 3,
        "45": 3,
        "46": 1,
        "47": 0,
        "48": 2,
        "49": 1,
        "50": 4,
        "51": 4,
        "52": 1,
        "53": 3,
        "54": 4,
        "55": 2,
        "56": 0,
        "57": 1,
        "58": 4,
        "59": 0,
        "60": 4,
        "61": 1,
        "62": 1,
        "63": 0,
        "64": 2,
        "65": 2,
        "66": 0,
        "67": 1,
        "68": 1,
        "69": 3,
        "70": 4,
        "71": 2,
        "72": 4,
        "73": 0,
        "74": 0,
        "75": 4,
        "76": 2
    },
    "lower_bound": 63.0
}